# Blender 5.1.2
# www.blender.org
mtllib note.mtl
o Extrude_1__0
v 1410.956421 5.000129 -953.051880
v 1410.955811 5.000128 -950.672302
v 1410.955811 0.000128 -950.672302
v 1410.956421 0.000128 -953.051880
v 1410.955811 5.000128 -950.672302
v 1407.181152 5.000128 -950.671265
v 1407.181152 0.000128 -950.671265
v 1410.955811 0.000128 -950.672302
v 1407.181152 5.000128 -950.671265
v 1407.401367 5.000134 -997.584473
v 1407.401367 0.000134 -997.584473
v 1407.181152 0.000128 -950.671265
v 1407.401367 5.000134 -997.584473
v 1408.469604 5.000134 -998.311523
v 1408.469604 0.000134 -998.311523
v 1407.401367 0.000134 -997.584473
v 1408.469604 5.000134 -998.311523
v 1407.936523 5.000134 -997.887390
v 1407.936523 0.000134 -997.887390
v 1408.469604 0.000134 -998.311523
v 1407.360596 5.000134 -997.511108
v 1407.360596 0.000134 -997.511108
v 1406.748047 5.000134 -997.184509
v 1406.748047 0.000134 -997.184509
v 1406.054321 5.000134 -996.891663
v 1406.054321 0.000134 -996.891663
v 1405.150513 5.000134 -996.586060
v 1405.150513 0.000134 -996.586060
v 1404.035156 5.000134 -996.319031
v 1404.035156 0.000134 -996.319031
v 1402.716675 5.000134 -996.132263
v 1402.716675 0.000134 -996.132263
v 1401.381714 5.000134 -996.060608
v 1401.381714 0.000134 -996.060608
v 1399.864258 5.000134 -996.117126
v 1399.864258 0.000134 -996.117126
v 1398.184937 5.000134 -996.338745
v 1398.184937 0.000134 -996.338745
v 1396.539062 5.000134 -996.715698
v 1396.539062 0.000134 -996.715698
v 1394.783325 5.000134 -997.295532
v 1394.783325 0.000134 -997.295532
v 1393.589111 5.000134 -997.800293
v 1393.589111 0.000134 -997.800293
v 1392.442261 5.000134 -998.375671
v 1392.442261 0.000134 -998.375671
v 1391.194214 5.000135 -999.127869
v 1391.194214 0.000134 -999.127869
v 1390.023071 5.000135 -999.985657
v 1390.023071 0.000134 -999.985657
v 1388.944946 5.000135 -1000.937988
v 1388.944946 0.000134 -1000.937988
v 1387.973389 5.000135 -1001.974976
v 1387.973389 0.000135 -1001.974976
v 1387.218384 5.000135 -1002.947021
v 1387.218384 0.000135 -1002.947021
v 1386.731201 5.000135 -1003.686096
v 1386.731201 0.000135 -1003.686096
v 1386.225464 5.000135 -1004.593628
v 1386.225464 0.000135 -1004.593628
v 1385.735840 5.000135 -1005.668579
v 1385.735840 0.000135 -1005.668579
v 1385.346069 5.000136 -1006.795227
v 1385.346069 0.000135 -1006.795227
v 1385.110474 5.000136 -1007.797668
v 1385.110474 0.000135 -1007.797668
v 1384.998901 5.000136 -1008.651062
v 1384.998901 0.000136 -1008.651062
v 1384.973511 5.000136 -1009.347900
v 1384.973511 0.000136 -1009.347900
v 1385.012573 5.000136 -1010.043274
v 1385.012573 0.000136 -1010.043274
v 1385.122803 5.000136 -1010.737610
v 1385.122803 0.000136 -1010.737610
v 1385.308838 5.000136 -1011.417725
v 1385.308838 0.000136 -1011.417725
v 1385.506958 5.000136 -1011.931091
v 1385.506958 0.000136 -1011.931091
v 1385.751465 5.000136 -1012.426697
v 1385.751465 0.000136 -1012.426697
v 1386.049561 5.000136 -1012.913696
v 1386.049561 0.000136 -1012.913696
v 1386.403809 5.000137 -1013.375610
v 1386.403809 0.000136 -1013.375610
v 1386.913940 5.000137 -1013.915283
v 1386.913940 0.000136 -1013.915283
v 1387.482178 5.000137 -1014.397339
v 1387.482178 0.000136 -1014.397339
v 1388.098633 5.000137 -1014.822021
v 1388.098633 0.000136 -1014.822021
v 1388.908691 5.000137 -1015.266846
v 1388.908691 0.000136 -1015.266846
v 1389.771606 5.000137 -1015.634644
v 1389.771606 0.000136 -1015.634644
v 1390.843628 5.000137 -1015.975952
v 1390.843628 0.000137 -1015.975952
v 1392.125122 5.000137 -1016.251404
v 1392.125122 0.000137 -1016.251404
v 1393.244385 5.000137 -1016.394958
v 1393.244385 0.000137 -1016.394958
v 1394.359253 5.000137 -1016.459656
v 1394.359253 0.000137 -1016.459656
v 1395.858521 5.000137 -1016.431763
v 1395.858521 0.000137 -1016.431763
v 1397.534058 5.000137 -1016.242493
v 1397.534058 0.000137 -1016.242493
v 1399.181274 5.000137 -1015.895752
v 1399.181274 0.000136 -1015.895752
v 1400.776367 5.000137 -1015.403687
v 1400.776367 0.000136 -1015.403687
v 1401.984619 5.000137 -1014.921631
v 1401.984619 0.000136 -1014.921631
v 1403.304321 5.000137 -1014.275940
v 1403.304321 0.000136 -1014.275940
v 1404.845947 5.000137 -1013.331177
v 1404.845947 0.000136 -1013.331177
v 1406.143066 5.000136 -1012.358826
v 1406.143066 0.000136 -1012.358826
v 1407.209351 5.000136 -1011.398926
v 1407.209351 0.000136 -1011.398926
v 1408.173340 5.000136 -1010.357239
v 1408.173340 0.000136 -1010.357239
v 1408.921997 5.000136 -1009.380981
v 1408.921997 0.000136 -1009.380981
v 1409.314819 5.000136 -1008.783691
v 1409.314819 0.000136 -1008.783691
v 1409.672607 5.000136 -1008.167236
v 1409.672607 0.000135 -1008.167236
v 1410.161743 5.000136 -1007.158325
v 1410.161743 0.000135 -1007.158325
v 1410.499878 5.000136 -1006.258667
v 1410.499878 0.000135 -1006.258667
v 1410.732544 5.000135 -1005.419556
v 1410.732544 0.000135 -1005.419556
v 1410.864136 5.000135 -1004.726685
v 1410.864136 0.000135 -1004.726685
v 1410.940674 5.000135 -1004.021362
v 1410.940674 0.000135 -1004.021362
v 1410.944458 5.000135 -1003.722473
v 1410.944458 0.000135 -1003.722473
v 1410.944458 5.000135 -1003.722473
v 1410.380859 5.000135 -1005.456848
v 1410.380859 0.000135 -1005.456848
v 1410.944458 0.000135 -1003.722473
v 1410.380859 5.000135 -1005.456848
v 1410.369141 5.000135 -1005.518250
v 1410.369141 0.000135 -1005.518250
v 1410.380859 0.000135 -1005.456848
v 1410.369141 5.000135 -1005.518250
v 1410.479858 5.000130 -965.785828
v 1410.479858 0.000130 -965.785828
v 1410.369141 0.000135 -1005.518250
v 1410.479858 5.000130 -965.785828
v 1409.673584 5.000130 -965.352600
v 1409.673584 0.000130 -965.352600
v 1410.479858 0.000130 -965.785828
v 1409.673584 5.000130 -965.352600
v 1410.403809 5.000130 -966.258118
v 1410.403809 0.000130 -966.258118
v 1409.673584 0.000130 -965.352600
v 1411.227905 5.000130 -967.021912
v 1411.227905 0.000130 -967.021912
v 1412.124512 5.000131 -967.659912
v 1412.124512 0.000130 -967.659912
v 1413.081909 5.000131 -968.197266
v 1413.081909 0.000130 -968.197266
v 1414.559937 5.000131 -968.844727
v 1414.559937 0.000130 -968.844727
v 1421.323975 5.000131 -971.362366
v 1421.323975 0.000131 -971.362366
v 1422.761353 5.000131 -972.199219
v 1422.761353 0.000131 -972.199219
v 1423.677368 5.000131 -972.878235
v 1423.677368 0.000131 -972.878235
v 1424.559692 5.000131 -973.681580
v 1424.559692 0.000131 -973.681580
v 1425.396118 5.000132 -974.624146
v 1425.396118 0.000131 -974.624146
v 1426.181152 5.000132 -975.728394
v 1426.181152 0.000131 -975.728394
v 1426.907349 5.000132 -977.017517
v 1426.907349 0.000131 -977.017517
v 1427.561157 5.000132 -978.504333
v 1427.561157 0.000131 -978.504333
v 1428.401245 5.000132 -981.196899
v 1428.401245 0.000132 -981.196899
v 1429.022339 5.000133 -984.461670
v 1429.022339 0.000132 -984.461670
v 1430.473999 5.000134 -990.316223
v 1430.473999 0.000133 -990.316223
v 1430.473999 5.000134 -990.316223
v 1431.481079 5.000132 -977.203003
v 1431.481079 0.000131 -977.203003
v 1430.473999 0.000133 -990.316223
v 1431.007080 5.000131 -971.905701
v 1431.007080 0.000131 -971.905701
v 1430.383789 5.000131 -968.854370
v 1430.383789 0.000130 -968.854370
v 1429.835571 5.000131 -967.174683
v 1429.835571 0.000130 -967.174683
v 1429.185303 5.000130 -965.760925
v 1429.185303 0.000130 -965.760925
v 1428.429199 5.000130 -964.577271
v 1428.429199 0.000130 -964.577271
v 1427.573364 5.000130 -963.603333
v 1427.573364 0.000129 -963.603333
v 1426.633789 5.000130 -962.819092
v 1426.633789 0.000129 -962.819092
v 1425.632446 5.000130 -962.196777
v 1425.632446 0.000129 -962.196777
v 1424.575684 5.000130 -961.693665
v 1424.575684 0.000129 -961.693665
v 1421.881958 5.000130 -960.746826
v 1421.881958 0.000129 -960.746826
v 1418.983521 5.000129 -959.706177
v 1418.983521 0.000129 -959.706177
v 1417.196777 5.000129 -958.835083
v 1417.196777 0.000129 -958.835083
v 1415.332397 5.000129 -957.621094
v 1415.332397 0.000129 -957.621094
v 1414.068848 5.000129 -956.578308
v 1414.068848 0.000129 -956.578308
v 1412.776001 5.000129 -955.296448
v 1412.776001 0.000128 -955.296448
v 1410.956421 5.000129 -953.051880
v 1410.956421 0.000128 -953.051880
v 1410.955811 0.000128 -950.672302
v 1410.879761 -0.382556 -950.748413
v 1410.880249 -0.382555 -953.078857
v 1410.956421 0.000128 -953.051880
v 1407.181152 0.000128 -950.671265
v 1407.257324 -0.382556 -950.747375
v 1410.879761 -0.382556 -950.748413
v 1410.955811 0.000128 -950.672302
v 1407.401367 0.000134 -997.584473
v 1407.460938 -0.382549 -997.724548
v 1407.257324 -0.382556 -950.747375
v 1407.181152 0.000128 -950.671265
v 1408.469604 0.000134 -998.311523
v 1408.419434 -0.382549 -998.368835
v 1407.460938 -0.382549 -997.724548
v 1407.401367 0.000134 -997.584473
v 1407.936523 0.000134 -997.887390
v 1407.891968 -0.382549 -997.949158
v 1408.419434 -0.382549 -998.368835
v 1408.469604 0.000134 -998.311523
v 1407.360596 0.000134 -997.511108
v 1407.321899 -0.382549 -997.576721
v 1406.748047 0.000134 -997.184509
v 1406.715332 -0.382549 -997.253357
v 1406.054321 0.000134 -996.891663
v 1406.027222 -0.382550 -996.962891
v 1405.150513 0.000134 -996.586060
v 1405.129395 -0.382550 -996.659241
v 1404.035156 0.000134 -996.319031
v 1404.020874 -0.382550 -996.393921
v 1402.716675 0.000134 -996.132263
v 1402.709229 -0.382550 -996.208069
v 1401.381714 0.000134 -996.060608
v 1401.381104 -0.382550 -996.136841
v 1399.864258 0.000134 -996.117126
v 1399.870605 -0.382550 -996.193054
v 1398.184937 0.000134 -996.338745
v 1398.198486 -0.382550 -996.413757
v 1396.539062 0.000134 -996.715698
v 1396.559570 -0.382550 -996.789062
v 1394.783325 0.000134 -997.295532
v 1394.810181 -0.382549 -997.366882
v 1393.589111 0.000134 -997.800293
v 1393.621094 -0.382549 -997.869446
v 1392.442261 0.000134 -998.375671
v 1392.479004 -0.382549 -998.442383
v 1391.194214 0.000134 -999.127869
v 1391.236450 -0.382549 -999.191284
v 1390.023071 0.000134 -999.985657
v 1390.070801 -0.382549 -1000.044983
v 1388.944946 0.000134 -1000.937988
v 1388.998047 -0.382549 -1000.992676
v 1387.973389 0.000135 -1001.974976
v 1388.031372 -0.382549 -1002.024475
v 1387.218384 0.000135 -1002.947021
v 1387.280396 -0.382549 -1002.991394
v 1386.731201 0.000135 -1003.686096
v 1386.796265 -0.382549 -1003.725647
v 1386.225464 0.000135 -1004.593628
v 1386.293457 -0.382549 -1004.627991
v 1385.735840 0.000135 -1005.668579
v 1385.806519 -0.382548 -1005.696838
v 1385.346069 0.000135 -1006.795227
v 1385.419189 -0.382548 -1006.816467
v 1385.110474 0.000135 -1007.797668
v 1385.185547 -0.382548 -1007.811340
v 1384.998901 0.000136 -1008.651062
v 1385.074829 -0.382548 -1008.657410
v 1384.973511 0.000136 -1009.347900
v 1385.049683 -0.382548 -1009.347168
v 1385.012573 0.000136 -1010.043274
v 1385.088257 -0.382548 -1010.035156
v 1385.122803 0.000136 -1010.737610
v 1385.197388 -0.382548 -1010.721558
v 1385.308838 0.000136 -1011.417725
v 1385.381348 -0.382548 -1011.393921
v 1385.506958 0.000136 -1011.931091
v 1385.576782 -0.382548 -1011.900513
v 1385.751465 0.000136 -1012.426697
v 1385.818115 -0.382547 -1012.389954
v 1386.049561 0.000136 -1012.913696
v 1386.112427 -0.382547 -1012.870544
v 1386.403809 0.000136 -1013.375610
v 1386.461792 -0.382547 -1013.326172
v 1386.913940 0.000136 -1013.915283
v 1386.966431 -0.382547 -1013.859985
v 1387.482178 0.000136 -1014.397339
v 1387.528564 -0.382547 -1014.336853
v 1388.098633 0.000136 -1014.822021
v 1388.138672 -0.382547 -1014.757202
v 1388.908691 0.000136 -1015.266846
v 1388.942017 -0.382547 -1015.198303
v 1389.771606 0.000136 -1015.634644
v 1389.798096 -0.382547 -1015.563232
v 1390.843628 0.000137 -1015.975952
v 1390.863281 -0.382547 -1015.902344
v 1392.125122 0.000137 -1016.251404
v 1392.138062 -0.382547 -1016.176270
v 1393.244385 0.000137 -1016.394958
v 1393.251465 -0.382547 -1016.319153
v 1394.359253 0.000137 -1016.459656
v 1394.360718 -0.382547 -1016.383484
v 1395.858521 0.000137 -1016.431763
v 1395.853516 -0.382547 -1016.355713
v 1397.534058 0.000137 -1016.242493
v 1397.521973 -0.382547 -1016.167236
v 1399.181274 0.000136 -1015.895752
v 1399.162231 -0.382547 -1015.822021
v 1400.776367 0.000136 -1015.403687
v 1400.750977 -0.382547 -1015.331848
v 1401.984619 0.000136 -1014.921631
v 1401.953735 -0.382547 -1014.851990
v 1403.304321 0.000136 -1014.275940
v 1403.267700 -0.382547 -1014.209167
v 1404.845947 0.000136 -1013.331177
v 1404.803223 -0.382547 -1013.268188
v 1406.143066 0.000136 -1012.358826
v 1406.094727 -0.382547 -1012.299988
v 1407.209351 0.000136 -1011.398926
v 1407.155884 -0.382548 -1011.344666
v 1408.173340 0.000136 -1010.357239
v 1408.115112 -0.382548 -1010.308167
v 1408.921997 0.000136 -1009.380981
v 1408.859985 -0.382548 -1009.336853
v 1409.314819 0.000136 -1008.783691
v 1409.250000 -0.382548 -1008.743591
v 1409.672607 0.000135 -1008.167236
v 1409.605347 -0.382548 -1008.131470
v 1410.161743 0.000135 -1007.158325
v 1410.091797 -0.382548 -1007.128296
v 1410.499878 0.000135 -1006.258667
v 1410.427368 -0.382548 -1006.235046
v 1410.732544 0.000135 -1005.419556
v 1410.658447 -0.382548 -1005.402283
v 1410.864136 0.000135 -1004.726685
v 1410.788818 -0.382548 -1004.715454
v 1410.940674 0.000135 -1004.021362
v 1410.864624 -0.382549 -1004.016785
v 1410.944458 0.000135 -1003.722473
v 1410.868286 -0.382549 -1003.723389
v 1410.380859 0.000135 -1005.456848
v 1410.347046 -0.382548 -1005.308411
v 1410.868286 -0.382549 -1003.723389
v 1410.944458 0.000135 -1003.722473
v 1410.369141 0.000135 -1005.518250
v 1410.337891 -0.382548 -1005.369202
v 1410.347046 -0.382548 -1005.308411
v 1410.380859 0.000135 -1005.456848
v 1410.479858 0.000130 -965.785828
v 1410.440063 -0.382554 -965.638855
v 1410.337891 -0.382548 -1005.369202
v 1410.369141 0.000135 -1005.518250
v 1409.673584 0.000130 -965.352600
v 1409.736450 -0.382554 -965.309326
v 1410.440063 -0.382554 -965.638855
v 1410.479858 0.000130 -965.785828
v 1410.403809 0.000130 -966.258118
v 1410.459595 -0.382554 -966.206055
v 1409.736450 -0.382554 -965.309326
v 1409.673584 0.000130 -965.352600
v 1411.227905 0.000130 -967.021912
v 1411.276001 -0.382554 -966.962769
v 1412.124512 0.000130 -967.659912
v 1412.165283 -0.382553 -967.595581
v 1413.081909 0.000130 -968.197266
v 1413.115845 -0.382553 -968.129028
v 1414.559937 0.000130 -968.844727
v 1414.588501 -0.382553 -968.774170
v 1421.323975 0.000131 -971.362366
v 1421.356689 -0.382553 -971.293274
v 1422.761353 0.000131 -972.199219
v 1422.803345 -0.382553 -972.135559
v 1423.677368 0.000131 -972.878235
v 1423.725830 -0.382553 -972.819336
v 1424.559692 0.000131 -973.681580
v 1424.614014 -0.382553 -973.627991
v 1425.396118 0.000131 -974.624146
v 1425.455811 -0.382553 -974.576660
v 1426.181152 0.000131 -975.728394
v 1426.245483 -0.382552 -975.687561
v 1426.907349 0.000131 -977.017517
v 1426.975464 -0.382552 -976.983398
v 1427.561157 0.000131 -978.504333
v 1427.632568 -0.382552 -978.477600
v 1428.401245 0.000132 -981.196899
v 1428.475220 -0.382552 -981.178406
v 1429.022339 0.000132 -984.461670
v 1429.097778 -0.382551 -984.450989
v 1430.473999 0.000133 -990.316223
v 1430.467529 -0.382550 -990.164124
v 1431.481079 0.000131 -977.203003
v 1431.404907 -0.382552 -977.206116
v 1430.467529 -0.382550 -990.164124
v 1430.473999 0.000133 -990.316223
v 1431.007080 0.000131 -971.905701
v 1430.931641 -0.382553 -971.916748
v 1430.383789 0.000130 -968.854370
v 1430.310059 -0.382553 -968.873840
v 1429.835571 0.000130 -967.174683
v 1429.764648 -0.382554 -967.202515
v 1429.185303 0.000130 -965.760925
v 1429.118286 -0.382554 -965.797485
v 1428.429199 0.000130 -964.577271
v 1428.368164 -0.382554 -964.623108
v 1427.573364 0.000129 -963.603333
v 1427.520020 -0.382554 -963.658020
v 1426.633789 0.000129 -962.819092
v 1426.589111 -0.382554 -962.880920
v 1425.632446 0.000129 -962.196777
v 1425.595947 -0.382554 -962.263672
v 1424.575684 0.000129 -961.693665
v 1424.546631 -0.382554 -961.764160
v 1421.881958 0.000129 -960.746826
v 1421.856445 -0.382554 -960.818542
v 1418.983521 0.000129 -959.706177
v 1418.953857 -0.382555 -959.776428
v 1417.196777 0.000129 -958.835083
v 1417.159180 -0.382555 -958.901428
v 1415.332397 0.000129 -957.621094
v 1415.287231 -0.382555 -957.682556
v 1414.068848 0.000129 -956.578308
v 1414.017700 -0.382555 -956.634827
v 1412.776001 0.000128 -955.296448
v 1412.719482 -0.382555 -955.347595
v 1410.956421 0.000128 -953.051880
v 1410.880249 -0.382555 -953.078857
v 1410.663086 -0.706979 -950.965088
v 1410.663574 -0.706979 -953.155762
v 1407.473999 -0.706979 -950.964233
v 1410.663086 -0.706979 -950.965088
v 1407.630615 -0.706973 -998.123535
v 1407.473999 -0.706979 -950.964233
v 1408.276367 -0.706973 -998.532104
v 1407.630615 -0.706973 -998.123535
v 1407.764893 -0.706973 -998.125061
v 1408.276367 -0.706973 -998.532104
v 1407.211304 -0.706973 -997.763428
v 1406.621948 -0.706973 -997.449219
v 1405.950317 -0.706973 -997.165710
v 1405.069336 -0.706973 -996.867798
v 1403.980347 -0.706973 -996.607117
v 1402.688232 -0.706973 -996.424072
v 1401.379272 -0.706973 -996.353821
v 1399.888916 -0.706973 -996.409302
v 1398.236938 -0.706973 -996.627319
v 1396.617798 -0.706973 -996.998108
v 1394.886475 -0.706973 -997.569946
v 1393.711914 -0.706973 -998.066345
v 1392.583740 -0.706973 -998.632385
v 1391.356689 -0.706973 -999.371948
v 1390.206909 -0.706972 -1000.214050
v 1389.149292 -0.706972 -1001.148376
v 1388.196411 -0.706972 -1002.165344
v 1387.456665 -0.706972 -1003.117676
v 1386.981689 -0.706972 -1003.838196
v 1386.487061 -0.706972 -1004.725830
v 1386.008057 -0.706972 -1005.777405
v 1385.627686 -0.706972 -1006.876831
v 1385.399048 -0.706971 -1007.850342
v 1385.291016 -0.706971 -1008.675476
v 1385.266602 -0.706971 -1009.345032
v 1385.304077 -0.706971 -1010.012024
v 1385.409546 -0.706971 -1010.675781
v 1385.587524 -0.706971 -1011.326111
v 1385.775513 -0.706971 -1011.813354
v 1386.008179 -0.706971 -1012.285217
v 1386.291260 -0.706971 -1012.747681
v 1386.627075 -0.706971 -1013.185425
v 1387.115723 -0.706971 -1013.702393
v 1387.660522 -0.706971 -1014.164490
v 1388.252563 -0.706971 -1014.572449
v 1389.036865 -0.706970 -1015.003113
v 1389.873657 -0.706970 -1015.359802
v 1390.919067 -0.706970 -1015.692566
v 1392.174683 -0.706970 -1015.962463
v 1393.271484 -0.706970 -1016.103149
v 1394.364990 -0.706970 -1016.166626
v 1395.839233 -0.706970 -1016.139221
v 1397.487427 -0.706970 -1015.953003
v 1399.107788 -0.706970 -1015.611938
v 1400.678711 -0.706970 -1015.127258
v 1401.865723 -0.706971 -1014.653687
v 1403.163208 -0.706971 -1014.018921
v 1404.681274 -0.706971 -1013.088623
v 1405.956909 -0.706971 -1012.132385
v 1407.003418 -0.706971 -1011.190186
v 1407.949219 -0.706971 -1010.168274
v 1408.683105 -0.706971 -1009.211243
v 1409.065552 -0.706971 -1008.629578
v 1409.413818 -0.706971 -1008.029602
v 1409.892334 -0.706972 -1007.042725
v 1410.221069 -0.706972 -1006.167847
v 1410.447144 -0.706972 -1005.352966
v 1410.574219 -0.706972 -1004.683533
v 1410.648071 -0.706972 -1004.003662
v 1410.651489 -0.706972 -1003.725952
v 1410.250610 -0.706972 -1004.885681
v 1410.651489 -0.706972 -1003.725952
v 1410.249146 -0.706972 -1004.944885
v 1410.250610 -0.706972 -1004.885681
v 1410.327026 -0.706977 -965.220337
v 1410.249146 -0.706972 -1004.944885
v 1409.915527 -0.706977 -965.185974
v 1410.327026 -0.706977 -965.220337
v 1410.618408 -0.706977 -966.057739
v 1409.915527 -0.706977 -965.185974
v 1411.413086 -0.706977 -966.794250
v 1412.281494 -0.706977 -967.412170
v 1413.212646 -0.706977 -967.934753
v 1414.669922 -0.706977 -968.573120
v 1421.449707 -0.706976 -971.096619
v 1422.922729 -0.706976 -971.954224
v 1423.863647 -0.706976 -972.651733
v 1424.768433 -0.706976 -973.475464
v 1425.625732 -0.706976 -974.441528
v 1426.428711 -0.706976 -975.571228
v 1427.169678 -0.706976 -976.886353
v 1427.835938 -0.706975 -978.401428
v 1428.685913 -0.706975 -981.125732
v 1429.312622 -0.706975 -984.420532
v 1430.448975 -0.706974 -989.730957
v 1431.188110 -0.706976 -977.214905
v 1430.448975 -0.706974 -989.730957
v 1430.716797 -0.706976 -971.948181
v 1430.100220 -0.706977 -968.929382
v 1429.562378 -0.706977 -967.281677
v 1428.927612 -0.706977 -965.901672
v 1428.194336 -0.706977 -964.753784
v 1427.368286 -0.706977 -963.813660
v 1426.461792 -0.706977 -963.057007
v 1425.491821 -0.706977 -962.454224
v 1424.463867 -0.706978 -961.964783
v 1421.783936 -0.706978 -961.022766
v 1418.869507 -0.706978 -959.976440
v 1417.052124 -0.706978 -959.090393
v 1415.158691 -0.706978 -957.857544
v 1413.872192 -0.706978 -956.795715
v 1412.558472 -0.706978 -955.493225
v 1410.663574 -0.706979 -953.155762
v 1410.338745 -0.923752 -951.289429
v 1410.339111 -0.923752 -953.270752
v 1407.798462 -0.923752 -951.288757
v 1410.338745 -0.923752 -951.289429
v 1407.884521 -0.923745 -998.720581
v 1407.798462 -0.923752 -951.288757
v 1408.062378 -0.923745 -998.776428
v 1407.884521 -0.923745 -998.720581
v 1407.574707 -0.923745 -998.388367
v 1408.062378 -0.923745 -998.776428
v 1407.046021 -0.923746 -998.042908
v 1406.482300 -0.923746 -997.742432
v 1405.835083 -0.923746 -997.469177
v 1404.979492 -0.923746 -997.179871
v 1403.919678 -0.923746 -996.926147
v 1402.656738 -0.923746 -996.747253
v 1401.376587 -0.923746 -996.678528
v 1399.916260 -0.923746 -996.732910
v 1398.294556 -0.923746 -996.946960
v 1396.705078 -0.923746 -997.310974
v 1395.000610 -0.923746 -997.873901
v 1393.848022 -0.923746 -998.361084
v 1392.740479 -0.923745 -998.916687
v 1391.536621 -0.923745 -999.642273
v 1390.410645 -0.923745 -1000.466980
v 1389.375488 -0.923745 -1001.381348
v 1388.443359 -0.923745 -1002.376221
v 1387.720581 -0.923745 -1003.306763
v 1387.259277 -0.923745 -1004.006653
v 1386.776855 -0.923745 -1004.872253
v 1386.309692 -0.923744 -1005.897949
v 1385.939697 -0.923744 -1006.967224
v 1385.718628 -0.923744 -1007.908630
v 1385.614746 -0.923744 -1008.702515
v 1385.591431 -0.923744 -1009.341797
v 1385.627075 -0.923744 -1009.977417
v 1385.727173 -0.923744 -1010.607361
v 1385.896118 -0.923744 -1011.224670
v 1386.072876 -0.923744 -1011.682922
v 1386.292603 -0.923744 -1012.128418
v 1386.559082 -0.923744 -1012.563782
v 1386.874268 -0.923744 -1012.974670
v 1387.339233 -0.923743 -1013.466553
v 1387.857910 -0.923743 -1013.906555
v 1388.423096 -0.923743 -1014.295959
v 1389.178955 -0.923743 -1014.710999
v 1389.986694 -0.923743 -1015.055298
v 1391.002563 -0.923743 -1015.378723
v 1392.229492 -0.923743 -1015.642395
v 1393.301636 -0.923743 -1015.779968
v 1394.371338 -0.923743 -1015.842041
v 1395.817993 -0.923743 -1015.815125
v 1397.435669 -0.923743 -1015.632324
v 1399.026367 -0.923743 -1015.297546
v 1400.570679 -0.923743 -1014.821106
v 1401.734253 -0.923743 -1014.356873
v 1403.006836 -0.923743 -1013.734314
v 1404.498779 -0.923744 -1012.819946
v 1405.750610 -0.923744 -1011.881531
v 1406.775391 -0.923744 -1010.958984
v 1407.700928 -0.923744 -1009.958923
v 1408.418579 -0.923744 -1009.023132
v 1408.789551 -0.923744 -1008.458862
v 1409.127197 -0.923744 -1007.877197
v 1409.593872 -0.923744 -1006.914612
v 1409.912354 -0.923744 -1006.067200
v 1410.130859 -0.923745 -1005.279236
v 1410.253052 -0.923745 -1004.635681
v 1410.323853 -0.923745 -1003.984131
v 1410.327026 -0.923745 -1003.729797
v 1410.106201 -0.923745 -1004.253113
v 1410.327026 -0.923745 -1003.729797
v 1410.116211 -0.923745 -1004.309753
v 1410.106201 -0.923745 -1004.253113
v 1410.157715 -0.923750 -964.593994
v 1410.116211 -0.923745 -1004.309753
v 1410.183350 -0.923750 -965.001404
v 1410.157715 -0.923750 -964.593994
v 1410.856201 -0.923750 -965.835815
v 1410.183350 -0.923750 -965.001404
v 1411.618286 -0.923750 -966.542053
v 1412.455444 -0.923750 -967.137817
v 1413.357422 -0.923750 -967.644043
v 1414.791626 -0.923750 -968.272278
v 1421.588867 -0.923749 -970.802246
v 1423.101562 -0.923749 -971.682922
v 1424.069946 -0.923749 -972.400818
v 1424.999634 -0.923749 -973.247253
v 1425.880005 -0.923749 -974.239319
v 1426.703003 -0.923749 -975.397156
v 1427.460083 -0.923748 -976.741089
v 1428.140259 -0.923748 -978.287476
v 1429.001099 -0.923748 -981.046814
v 1429.634155 -0.923747 -984.374939
v 1430.421387 -0.923747 -989.082703
v 1430.863525 -0.923748 -977.228027
v 1430.421387 -0.923747 -989.082703
v 1430.395264 -0.923749 -971.995239
v 1429.786011 -0.923749 -969.012451
v 1429.259888 -0.923750 -967.400208
v 1428.642212 -0.923750 -966.057495
v 1427.934326 -0.923750 -964.949280
v 1427.141113 -0.923750 -964.046692
v 1426.271362 -0.923750 -963.320618
v 1425.335938 -0.923750 -962.739319
v 1424.340088 -0.923750 -962.265137
v 1421.675293 -0.923750 -961.328491
v 1418.743164 -0.923751 -960.275818
v 1416.891968 -0.923751 -959.373230
v 1414.966309 -0.923751 -958.119385
v 1413.654175 -0.923751 -957.036499
v 1412.317627 -0.923751 -955.711243
v 1410.339111 -0.923752 -953.270752
v 1409.956055 -0.999872 -951.671997
v 1409.956543 -0.999872 -953.406433
v 1408.181152 -0.999872 -951.671509
v 1409.956055 -0.999872 -951.671997
v 1408.184082 -0.999866 -999.424927
v 1408.181152 -0.999872 -951.671509
v 1408.062378 -0.923745 -998.776428
v 1407.809937 -0.999866 -999.064575
v 1408.184082 -0.999866 -999.424927
v 1407.884521 -0.923745 -998.720581
v 1407.350464 -0.999866 -998.698975
v 1407.809937 -0.999866 -999.064575
v 1406.850952 -0.999866 -998.372620
v 1406.317505 -0.999866 -998.088257
v 1405.699219 -0.999866 -997.827209
v 1404.873413 -0.999866 -997.547974
v 1403.848145 -0.999866 -997.302551
v 1402.619507 -0.999866 -997.128479
v 1401.373535 -0.999866 -997.061646
v 1399.948486 -0.999866 -997.114685
v 1398.362427 -0.999866 -997.324036
v 1396.808105 -0.999866 -997.679993
v 1395.135376 -0.999866 -998.232422
v 1394.008423 -0.999866 -998.708679
v 1392.925293 -0.999866 -999.252136
v 1391.748901 -0.999866 -999.961182
v 1390.650879 -0.999866 -1000.765381
v 1389.642456 -0.999866 -1001.656189
v 1388.734741 -0.999865 -1002.624939
v 1388.031982 -0.999865 -1003.529785
v 1387.586548 -0.999865 -1004.205383
v 1387.118652 -0.999865 -1005.045044
v 1386.665405 -0.999865 -1006.040100
v 1386.307861 -0.999865 -1007.073792
v 1386.095581 -0.999865 -1007.977356
v 1385.996460 -0.999865 -1008.734375
v 1385.974487 -0.999865 -1009.338074
v 1386.008057 -0.999864 -1009.936523
v 1386.101807 -0.999864 -1010.526611
v 1386.260010 -0.999864 -1011.104980
v 1386.423706 -0.999864 -1011.529114
v 1386.628174 -0.999864 -1011.943542
v 1386.875000 -0.999864 -1012.346802
v 1387.165894 -0.999864 -1012.726135
v 1387.602905 -0.999864 -1013.188354
v 1388.090820 -0.999864 -1013.602356
v 1388.624268 -0.999864 -1013.969849
v 1389.346436 -0.999864 -1014.366394
v 1390.120117 -0.999864 -1014.696167
v 1391.100952 -0.999864 -1015.008423
v 1392.294067 -0.999864 -1015.264893
v 1393.337036 -0.999864 -1015.398682
v 1394.378906 -0.999864 -1015.459106
v 1395.792847 -0.999864 -1015.432800
v 1397.374634 -0.999864 -1015.254089
v 1398.930420 -0.999864 -1014.926636
v 1400.443115 -0.999864 -1014.459961
v 1401.578979 -0.999864 -1014.006775
v 1402.822266 -0.999864 -1013.398499
v 1404.283569 -0.999864 -1012.502991
v 1405.507324 -0.999864 -1011.585632
v 1406.506470 -0.999864 -1010.686218
v 1407.408081 -0.999864 -1009.712036
v 1408.106445 -0.999865 -1008.801270
v 1408.463867 -0.999865 -1008.257507
v 1408.789062 -0.999865 -1007.697449
v 1409.241821 -0.999865 -1006.763489
v 1409.548096 -0.999865 -1005.948547
v 1409.757935 -0.999865 -1005.192261
v 1409.874268 -0.999865 -1004.579224
v 1409.941406 -0.999865 -1003.960999
v 1409.944214 -0.999865 -1003.734375
v 1410.106201 -0.923745 -1004.253113
v 1409.936035 -0.999865 -1003.506897
v 1409.944214 -0.999865 -1003.734375
v 1410.327026 -0.923745 -1003.729797
v 1409.959473 -0.999865 -1003.560608
v 1409.936035 -0.999865 -1003.506897
v 1409.958008 -0.999871 -963.855103
v 1409.959473 -0.999865 -1003.560608
v 1410.499390 -0.999870 -964.783691
v 1409.958008 -0.999871 -963.855103
v 1410.157715 -0.923750 -964.593994
v 1411.136719 -0.999870 -965.573975
v 1411.860229 -0.999870 -966.244568
v 1412.660645 -0.999870 -966.814087
v 1413.528320 -0.999870 -967.301086
v 1414.935303 -0.999870 -967.917419
v 1421.753174 -0.999870 -970.455078
v 1423.312378 -0.999870 -971.362854
v 1424.313354 -0.999870 -972.104858
v 1425.272339 -0.999869 -972.977966
v 1426.179932 -0.999869 -974.000793
v 1427.026611 -0.999869 -975.191833
v 1427.802856 -0.999869 -976.569702
v 1428.499146 -0.999869 -978.153015
v 1429.372925 -0.999868 -980.953796
v 1430.013550 -0.999868 -984.321228
v 1430.388672 -0.999867 -988.317993
v 1430.480713 -0.999869 -977.243530
v 1430.388672 -0.999867 -988.317993
v 1430.016113 -0.999870 -972.050781
v 1429.415527 -0.999870 -969.110413
v 1428.902954 -0.999870 -967.539978
v 1428.305542 -0.999870 -966.241333
v 1427.627563 -0.999870 -965.179932
v 1426.873169 -0.999871 -964.321472
v 1426.046631 -0.999871 -963.631531
v 1425.152100 -0.999871 -963.075623
v 1424.193970 -0.999871 -962.619446
v 1421.547119 -0.999871 -961.689087
v 1418.594238 -0.999871 -960.628967
v 1416.703003 -0.999871 -959.706848
v 1414.739380 -0.999871 -958.428284
v 1413.397217 -0.999871 -957.320557
v 1412.033447 -0.999872 -955.968323
v 1409.956543 -0.999872 -953.406433
v 1409.956543 6.000129 -953.406433
v 1409.956055 6.000129 -951.671997
v 1410.955811 5.000128 -950.672302
v 1410.956421 5.000129 -953.051880
v 1409.956055 6.000129 -951.671997
v 1408.181152 6.000129 -951.671509
v 1407.181152 5.000128 -950.671265
v 1410.955811 5.000128 -950.672302
v 1408.181152 6.000129 -951.671509
v 1408.184082 6.000135 -999.424927
v 1407.401367 5.000134 -997.584473
v 1407.181152 5.000128 -950.671265
v 1408.184082 6.000135 -999.424927
v 1407.809937 6.000135 -999.064575
v 1408.469604 5.000134 -998.311523
v 1407.401367 5.000134 -997.584473
v 1407.809937 6.000135 -999.064575
v 1407.350464 6.000135 -998.698975
v 1407.936523 5.000134 -997.887390
v 1408.469604 5.000134 -998.311523
v 1406.850952 6.000135 -998.372620
v 1407.360596 5.000134 -997.511108
v 1406.317505 6.000135 -998.088257
v 1406.748047 5.000134 -997.184509
v 1405.699219 6.000135 -997.827209
v 1406.054321 5.000134 -996.891663
v 1404.873413 6.000135 -997.547974
v 1405.150513 5.000134 -996.586060
v 1403.848145 6.000135 -997.302551
v 1404.035156 5.000134 -996.319031
v 1402.619507 6.000135 -997.128479
v 1402.716675 5.000134 -996.132263
v 1401.373535 6.000135 -997.061646
v 1401.381714 5.000134 -996.060608
v 1399.948486 6.000135 -997.114685
v 1399.864258 5.000134 -996.117126
v 1398.362427 6.000135 -997.324036
v 1398.184937 5.000134 -996.338745
v 1396.808105 6.000135 -997.679993
v 1396.539062 5.000134 -996.715698
v 1395.135376 6.000135 -998.232422
v 1394.783325 5.000134 -997.295532
v 1394.008423 6.000135 -998.708679
v 1393.589111 5.000134 -997.800293
v 1392.925293 6.000135 -999.252136
v 1392.442261 5.000134 -998.375671
v 1391.748901 6.000135 -999.961182
v 1391.194214 5.000135 -999.127869
v 1390.650879 6.000135 -1000.765381
v 1390.023071 5.000135 -999.985657
v 1389.642456 6.000135 -1001.656189
v 1388.944946 5.000135 -1000.937988
v 1388.734741 6.000136 -1002.624939
v 1387.973389 5.000135 -1001.974976
v 1388.031982 6.000136 -1003.529785
v 1387.218384 5.000135 -1002.947021
v 1387.586548 6.000136 -1004.205383
v 1386.731201 5.000135 -1003.686096
v 1387.118652 6.000136 -1005.045044
v 1386.225464 5.000135 -1004.593628
v 1386.665405 6.000136 -1006.040100
v 1385.735840 5.000135 -1005.668579
v 1386.307861 6.000136 -1007.073792
v 1385.346069 5.000136 -1006.795227
v 1386.095581 6.000136 -1007.977356
v 1385.110474 5.000136 -1007.797668
v 1385.996460 6.000136 -1008.734375
v 1384.998901 5.000136 -1008.651062
v 1385.974487 6.000136 -1009.338074
v 1384.973511 5.000136 -1009.347900
v 1386.008057 6.000137 -1009.936523
v 1385.012573 5.000136 -1010.043274
v 1386.101807 6.000137 -1010.526611
v 1385.122803 5.000136 -1010.737610
v 1386.260010 6.000137 -1011.104980
v 1385.308838 5.000136 -1011.417725
v 1386.423706 6.000137 -1011.529114
v 1385.506958 5.000136 -1011.931091
v 1386.628174 6.000137 -1011.943542
v 1385.751465 5.000136 -1012.426697
v 1386.875000 6.000137 -1012.346802
v 1386.049561 5.000136 -1012.913696
v 1387.165894 6.000137 -1012.726135
v 1386.403809 5.000137 -1013.375610
v 1387.602905 6.000137 -1013.188354
v 1386.913940 5.000137 -1013.915283
v 1388.090820 6.000137 -1013.602356
v 1387.482178 5.000137 -1014.397339
v 1388.624268 6.000137 -1013.969849
v 1388.098633 5.000137 -1014.822021
v 1389.346436 6.000137 -1014.366394
v 1388.908691 5.000137 -1015.266846
v 1390.120117 6.000137 -1014.696167
v 1389.771606 5.000137 -1015.634644
v 1391.100952 6.000137 -1015.008423
v 1390.843628 5.000137 -1015.975952
v 1392.294067 6.000137 -1015.264893
v 1392.125122 5.000137 -1016.251404
v 1393.337036 6.000137 -1015.398682
v 1393.244385 5.000137 -1016.394958
v 1394.378906 6.000137 -1015.459106
v 1394.359253 5.000137 -1016.459656
v 1395.792847 6.000137 -1015.432800
v 1395.858521 5.000137 -1016.431763
v 1397.374634 6.000137 -1015.254089
v 1397.534058 5.000137 -1016.242493
v 1398.930420 6.000137 -1014.926636
v 1399.181274 5.000137 -1015.895752
v 1400.443115 6.000137 -1014.459961
v 1400.776367 5.000137 -1015.403687
v 1401.578979 6.000137 -1014.006775
v 1401.984619 5.000137 -1014.921631
v 1402.822266 6.000137 -1013.398499
v 1403.304321 5.000137 -1014.275940
v 1404.283569 6.000137 -1012.502991
v 1404.845947 5.000137 -1013.331177
v 1405.507324 6.000137 -1011.585632
v 1406.143066 5.000136 -1012.358826
v 1406.506470 6.000137 -1010.686218
v 1407.209351 5.000136 -1011.398926
v 1407.408081 6.000137 -1009.712036
v 1408.173340 5.000136 -1010.357239
v 1408.106445 6.000136 -1008.801270
v 1408.921997 5.000136 -1009.380981
v 1408.463867 6.000136 -1008.257507
v 1409.314819 5.000136 -1008.783691
v 1408.789062 6.000136 -1007.697449
v 1409.672607 5.000136 -1008.167236
v 1409.241821 6.000136 -1006.763489
v 1410.161743 5.000136 -1007.158325
v 1409.548096 6.000136 -1005.948547
v 1410.499878 5.000136 -1006.258667
v 1409.757935 6.000136 -1005.192261
v 1410.732544 5.000135 -1005.419556
v 1409.874268 6.000136 -1004.579224
v 1410.864136 5.000135 -1004.726685
v 1409.941406 6.000136 -1003.960999
v 1410.940674 5.000135 -1004.021362
v 1409.944214 6.000136 -1003.734375
v 1410.944458 5.000135 -1003.722473
v 1409.944214 6.000136 -1003.734375
v 1409.936035 6.000136 -1003.506897
v 1410.380859 5.000135 -1005.456848
v 1410.944458 5.000135 -1003.722473
v 1409.936035 6.000136 -1003.506897
v 1409.959473 6.000136 -1003.560608
v 1410.369141 5.000135 -1005.518250
v 1410.380859 5.000135 -1005.456848
v 1409.959473 6.000136 -1003.560608
v 1409.958008 6.000131 -963.855103
v 1410.479858 5.000130 -965.785828
v 1410.369141 5.000135 -1005.518250
v 1409.958008 6.000131 -963.855103
v 1410.499390 6.000131 -964.783691
v 1409.673584 5.000130 -965.352600
v 1410.479858 5.000130 -965.785828
v 1410.499390 6.000131 -964.783691
v 1411.136719 6.000131 -965.573975
v 1410.403809 5.000130 -966.258118
v 1409.673584 5.000130 -965.352600
v 1411.860229 6.000131 -966.244568
v 1411.227905 5.000130 -967.021912
v 1412.660645 6.000131 -966.814087
v 1412.124512 5.000131 -967.659912
v 1413.528320 6.000131 -967.301086
v 1413.081909 5.000131 -968.197266
v 1414.935303 6.000131 -967.917419
v 1414.559937 5.000131 -968.844727
v 1421.753174 6.000131 -970.455078
v 1421.323975 5.000131 -971.362366
v 1423.312378 6.000132 -971.362854
v 1422.761353 5.000131 -972.199219
v 1424.313354 6.000132 -972.104858
v 1423.677368 5.000131 -972.878235
v 1425.272339 6.000132 -972.977966
v 1424.559692 5.000131 -973.681580
v 1426.179932 6.000132 -974.000793
v 1425.396118 5.000132 -974.624146
v 1427.026611 6.000132 -975.191833
v 1426.181152 5.000132 -975.728394
v 1427.802856 6.000132 -976.569702
v 1426.907349 5.000132 -977.017517
v 1428.499146 6.000133 -978.153015
v 1427.561157 5.000132 -978.504333
v 1429.372925 6.000133 -980.953796
v 1428.401245 5.000132 -981.196899
v 1430.013550 6.000133 -984.321228
v 1429.022339 5.000133 -984.461670
v 1430.388672 6.000134 -988.317993
v 1430.473999 5.000134 -990.316223
v 1430.388672 6.000134 -988.317993
v 1430.480713 6.000132 -977.243530
v 1431.481079 5.000132 -977.203003
v 1430.473999 5.000134 -990.316223
v 1430.016113 6.000132 -972.050781
v 1431.007080 5.000131 -971.905701
v 1429.415527 6.000131 -969.110413
v 1430.383789 5.000131 -968.854370
v 1428.902954 6.000131 -967.539978
v 1429.835571 5.000131 -967.174683
v 1428.305542 6.000131 -966.241333
v 1429.185303 5.000130 -965.760925
v 1427.627563 6.000131 -965.179932
v 1428.429199 5.000130 -964.577271
v 1426.873169 6.000131 -964.321472
v 1427.573364 5.000130 -963.603333
v 1426.046631 6.000131 -963.631531
v 1426.633789 5.000130 -962.819092
v 1425.152100 6.000130 -963.075623
v 1425.632446 5.000130 -962.196777
v 1424.193970 6.000130 -962.619446
v 1424.575684 5.000130 -961.693665
v 1421.547119 6.000130 -961.689087
v 1421.881958 5.000130 -960.746826
v 1418.594238 6.000130 -960.628967
v 1418.983521 5.000129 -959.706177
v 1416.703003 6.000130 -959.706848
v 1417.196777 5.000129 -958.835083
v 1414.739380 6.000130 -958.428284
v 1415.332397 5.000129 -957.621094
v 1413.397217 6.000130 -957.320557
v 1414.068848 5.000129 -956.578308
v 1412.033447 6.000129 -955.968323
v 1412.776001 5.000129 -955.296448
v 1409.956543 6.000129 -953.406433
v 1410.956421 5.000129 -953.051880
v 1364.902832 5.000130 -962.579468
v 1361.144653 5.000130 -962.563904
v 1361.144653 0.000129 -962.563904
v 1364.902832 0.000129 -962.579468
v 1361.144653 5.000130 -962.563904
v 1361.217773 5.000136 -1008.200684
v 1361.217773 0.000135 -1008.200684
v 1361.144653 0.000129 -962.563904
v 1361.217773 5.000136 -1008.200684
v 1362.290527 5.000136 -1008.934509
v 1362.290527 0.000136 -1008.934509
v 1361.217773 0.000135 -1008.200684
v 1362.290527 5.000136 -1008.934509
v 1361.765015 5.000136 -1008.519165
v 1361.765015 0.000136 -1008.519165
v 1362.290527 0.000136 -1008.934509
v 1361.197021 5.000136 -1008.150452
v 1361.197021 0.000135 -1008.150452
v 1360.593140 5.000136 -1007.829895
v 1360.593140 0.000135 -1007.829895
v 1359.904785 5.000136 -1007.539490
v 1359.904785 0.000135 -1007.539490
v 1358.920532 5.000136 -1007.216064
v 1358.920532 0.000135 -1007.216064
v 1357.815063 5.000136 -1006.960815
v 1357.815063 0.000135 -1006.960815
v 1356.600830 5.000136 -1006.789673
v 1356.600830 0.000135 -1006.789673
v 1355.282593 5.000136 -1006.713928
v 1355.282593 0.000135 -1006.713928
v 1353.780151 5.000136 -1006.766846
v 1353.780151 0.000135 -1006.766846
v 1352.118896 5.000136 -1006.978760
v 1352.118896 0.000135 -1006.978760
v 1350.489990 5.000136 -1007.340759
v 1350.489990 0.000135 -1007.340759
v 1348.751343 5.000136 -1007.899109
v 1348.751343 0.000135 -1007.899109
v 1347.568359 5.000136 -1008.385986
v 1347.568359 0.000135 -1008.385986
v 1346.431274 5.000136 -1008.942200
v 1346.431274 0.000136 -1008.942200
v 1345.191528 5.000136 -1009.673767
v 1345.191528 0.000136 -1009.673767
v 1344.028931 5.000136 -1010.507202
v 1344.028931 0.000136 -1010.507202
v 1342.958374 5.000136 -1011.432434
v 1342.958374 0.000136 -1011.432434
v 1341.993530 5.000136 -1012.439941
v 1341.993530 0.000136 -1012.439941
v 1341.243774 5.000137 -1013.384460
v 1341.243774 0.000136 -1013.384460
v 1340.759644 5.000137 -1014.103210
v 1340.759644 0.000136 -1014.103210
v 1340.258545 5.000137 -1014.983887
v 1340.258545 0.000136 -1014.983887
v 1339.768799 5.000137 -1016.026794
v 1339.768799 0.000137 -1016.026794
v 1339.423218 5.000137 -1016.972961
v 1339.423218 0.000137 -1016.972961
v 1339.169678 5.000137 -1017.944336
v 1339.169678 0.000137 -1017.944336
v 1339.039307 5.000137 -1018.776123
v 1339.039307 0.000137 -1018.776123
v 1338.996826 5.000137 -1019.456787
v 1338.996826 0.000137 -1019.456787
v 1339.016968 5.000137 -1020.137329
v 1339.016968 0.000137 -1020.137329
v 1339.106323 5.000138 -1020.818359
v 1339.106323 0.000137 -1020.818359
v 1339.269897 5.000138 -1021.486938
v 1339.269897 0.000137 -1021.486938
v 1339.449585 5.000138 -1021.993042
v 1339.449585 0.000137 -1021.993042
v 1339.671631 5.000138 -1022.475525
v 1339.671631 0.000137 -1022.475525
v 1339.852783 5.000138 -1022.801270
v 1339.852783 0.000137 -1022.801270
v 1340.060181 5.000138 -1023.125549
v 1340.060181 0.000137 -1023.125549
v 1340.406128 5.000138 -1023.572449
v 1340.406128 0.000138 -1023.572449
v 1340.911011 5.000138 -1024.101196
v 1340.911011 0.000138 -1024.101196
v 1341.473267 5.000138 -1024.573486
v 1341.473267 0.000138 -1024.573486
v 1342.083130 5.000138 -1024.989624
v 1342.083130 0.000138 -1024.989624
v 1342.884277 5.000138 -1025.425537
v 1342.884277 0.000138 -1025.425537
v 1343.737671 5.000138 -1025.786377
v 1343.737671 0.000138 -1025.786377
v 1344.797974 5.000138 -1026.122070
v 1344.797974 0.000138 -1026.122070
v 1346.065552 5.000138 -1026.394043
v 1346.065552 0.000138 -1026.394043
v 1347.172607 5.000138 -1026.537476
v 1347.172607 0.000138 -1026.537476
v 1348.275879 5.000138 -1026.604126
v 1348.275879 0.000138 -1026.604126
v 1349.758057 5.000138 -1026.580933
v 1349.758057 0.000138 -1026.580933
v 1351.415283 5.000138 -1026.401733
v 1351.415283 0.000138 -1026.401733
v 1353.045410 5.000138 -1026.069214
v 1353.045410 0.000138 -1026.069214
v 1354.624756 5.000138 -1025.594482
v 1354.624756 0.000138 -1025.594482
v 1355.821655 5.000138 -1025.127563
v 1355.821655 0.000138 -1025.127563
v 1357.127197 5.000138 -1024.501221
v 1357.127197 0.000138 -1024.501221
v 1358.656494 5.000138 -1023.589050
v 1358.656494 0.000138 -1023.589050
v 1359.945190 5.000138 -1022.647583
v 1359.945190 0.000137 -1022.647583
v 1361.005493 5.000138 -1021.716614
v 1361.005493 0.000137 -1021.716614
v 1361.964600 5.000138 -1020.704834
v 1361.964600 0.000137 -1020.704834
v 1362.710083 5.000137 -1019.755249
v 1362.710083 0.000137 -1019.755249
v 1363.101685 5.000137 -1019.173218
v 1363.101685 0.000137 -1019.173218
v 1363.459106 5.000137 -1018.571289
v 1363.459106 0.000137 -1018.571289
v 1363.944946 5.000137 -1017.587280
v 1363.944946 0.000137 -1017.587280
v 1364.282837 5.000137 -1016.710876
v 1364.282837 0.000137 -1016.710876
v 1364.517334 5.000137 -1015.892151
v 1364.517334 0.000136 -1015.892151
v 1364.651123 5.000137 -1015.214722
v 1364.651123 0.000136 -1015.214722
v 1364.730713 5.000137 -1014.518250
v 1364.730713 0.000136 -1014.518250
v 1364.732056 5.000137 -1014.223572
v 1364.732056 0.000136 -1014.223572
v 1364.732056 5.000137 -1014.223572
v 1364.188843 5.000137 -1015.963013
v 1364.188843 0.000137 -1015.963013
v 1364.732056 0.000136 -1014.223572
v 1364.188843 5.000137 -1015.963013
v 1364.175781 5.000137 -1016.024231
v 1364.175781 0.000137 -1016.024231
v 1364.188843 0.000137 -1015.963013
v 1364.175781 5.000137 -1016.024231
v 1364.902832 5.000130 -962.579468
v 1364.902832 0.000129 -962.579468
v 1364.175781 0.000137 -1016.024231
v 1361.144653 0.000129 -962.563904
v 1361.220581 -0.382554 -962.640320
v 1364.826538 -0.382554 -962.655273
v 1364.902832 0.000129 -962.579468
v 1361.217773 0.000135 -1008.200684
v 1361.277344 -0.382548 -1008.340759
v 1361.220581 -0.382554 -962.640320
v 1361.144653 0.000129 -962.563904
v 1362.290527 0.000136 -1008.934509
v 1362.240601 -0.382548 -1008.992004
v 1361.277344 -0.382548 -1008.340759
v 1361.217773 0.000135 -1008.200684
v 1361.765015 0.000136 -1008.519165
v 1361.720581 -0.382548 -1008.581055
v 1362.240601 -0.382548 -1008.992004
v 1362.290527 0.000136 -1008.934509
v 1361.197021 0.000135 -1008.150452
v 1361.158447 -0.382548 -1008.216125
v 1360.593140 0.000135 -1007.829895
v 1360.560425 -0.382548 -1007.898743
v 1359.904785 0.000135 -1007.539490
v 1359.878052 -0.382548 -1007.610779
v 1358.920532 0.000135 -1007.216064
v 1358.900024 -0.382548 -1007.289429
v 1357.815063 0.000135 -1006.960815
v 1357.801270 -0.382548 -1007.035706
v 1356.600830 0.000135 -1006.789673
v 1356.593262 -0.382548 -1006.865479
v 1355.282593 0.000135 -1006.713928
v 1355.281738 -0.382548 -1006.790100
v 1353.780151 0.000135 -1006.766846
v 1353.786255 -0.382548 -1006.842834
v 1352.118896 0.000135 -1006.978760
v 1352.132080 -0.382548 -1007.053833
v 1350.489990 0.000135 -1007.340759
v 1350.509888 -0.382548 -1007.414307
v 1348.751343 0.000135 -1007.899109
v 1348.777588 -0.382548 -1007.970642
v 1347.568359 0.000135 -1008.385986
v 1347.599609 -0.382548 -1008.455444
v 1346.431274 0.000136 -1008.942200
v 1346.467407 -0.382548 -1009.009277
v 1345.191528 0.000136 -1009.673767
v 1345.233154 -0.382548 -1009.737610
v 1344.028931 0.000136 -1010.507202
v 1344.076050 -0.382548 -1010.567078
v 1342.958374 0.000136 -1011.432434
v 1343.010864 -0.382548 -1011.487671
v 1341.993530 0.000136 -1012.439941
v 1342.051025 -0.382547 -1012.490051
v 1341.243774 0.000136 -1013.384460
v 1341.305298 -0.382547 -1013.429443
v 1340.759644 0.000136 -1014.103210
v 1340.824463 -0.382547 -1014.143372
v 1340.258545 0.000136 -1014.983887
v 1340.326172 -0.382547 -1015.018921
v 1339.768799 0.000137 -1016.026794
v 1339.839111 -0.382547 -1016.056091
v 1339.423218 0.000137 -1016.972961
v 1339.495972 -0.382547 -1016.995728
v 1339.169678 0.000137 -1017.944336
v 1339.244263 -0.382547 -1017.959900
v 1339.039307 0.000137 -1018.776123
v 1339.115112 -0.382547 -1018.784424
v 1338.996826 0.000137 -1019.456787
v 1339.072998 -0.382547 -1019.458008
v 1339.016968 0.000137 -1020.137329
v 1339.092896 -0.382546 -1020.131226
v 1339.106323 0.000137 -1020.818359
v 1339.181274 -0.382546 -1020.804321
v 1339.269897 0.000137 -1021.486938
v 1339.342896 -0.382546 -1021.465088
v 1339.449585 0.000137 -1021.993042
v 1339.520142 -0.382546 -1021.964355
v 1339.671631 0.000137 -1022.475525
v 1339.739502 -0.382546 -1022.441040
v 1339.852783 0.000137 -1022.801270
v 1339.918213 -0.382546 -1022.762268
v 1340.060181 0.000137 -1023.125549
v 1340.122437 -0.382546 -1023.081665
v 1340.406128 0.000138 -1023.572449
v 1340.463867 -0.382546 -1023.522705
v 1340.911011 0.000138 -1024.101196
v 1340.963135 -0.382546 -1024.045654
v 1341.473267 0.000138 -1024.573486
v 1341.519287 -0.382546 -1024.512817
v 1342.083130 0.000138 -1024.989624
v 1342.122925 -0.382546 -1024.924561
v 1342.884277 0.000138 -1025.425537
v 1342.917358 -0.382546 -1025.356812
v 1343.737671 0.000138 -1025.786377
v 1343.764038 -0.382546 -1025.714966
v 1344.797974 0.000138 -1026.122070
v 1344.817505 -0.382546 -1026.048340
v 1346.065552 0.000138 -1026.394043
v 1346.078491 -0.382546 -1026.318970
v 1347.172607 0.000138 -1026.537476
v 1347.179810 -0.382546 -1026.461670
v 1348.275879 0.000138 -1026.604126
v 1348.277588 -0.382546 -1026.527954
v 1349.758057 0.000138 -1026.580933
v 1349.753418 -0.382546 -1026.504883
v 1351.415283 0.000138 -1026.401733
v 1351.403564 -0.382546 -1026.326416
v 1353.045410 0.000138 -1026.069214
v 1353.026733 -0.382546 -1025.995361
v 1354.624756 0.000138 -1025.594482
v 1354.599854 -0.382546 -1025.522461
v 1355.821655 0.000138 -1025.127563
v 1355.791260 -0.382546 -1025.057739
v 1357.127197 0.000138 -1024.501221
v 1357.091187 -0.382546 -1024.434082
v 1358.656494 0.000138 -1023.589050
v 1358.614380 -0.382546 -1023.525452
v 1359.945190 0.000137 -1022.647583
v 1359.897583 -0.382546 -1022.588074
v 1361.005493 0.000137 -1021.716614
v 1360.952637 -0.382546 -1021.661682
v 1361.964600 0.000137 -1020.704834
v 1361.906982 -0.382546 -1020.655029
v 1362.710083 0.000137 -1019.755249
v 1362.648438 -0.382546 -1019.710449
v 1363.101685 0.000137 -1019.173218
v 1363.037354 -0.382547 -1019.132507
v 1363.459106 0.000137 -1018.571289
v 1363.392212 -0.382547 -1018.534973
v 1363.944946 0.000137 -1017.587280
v 1363.875122 -0.382547 -1017.556702
v 1364.282837 0.000137 -1016.710876
v 1364.210571 -0.382547 -1016.686646
v 1364.517334 0.000136 -1015.892151
v 1364.443237 -0.382547 -1015.874268
v 1364.651123 0.000136 -1015.214722
v 1364.575806 -0.382547 -1015.203003
v 1364.730713 0.000136 -1014.518250
v 1364.654663 -0.382547 -1014.513733
v 1364.732056 0.000136 -1014.223572
v 1364.655884 -0.382547 -1014.224731
v 1364.188843 0.000137 -1015.963013
v 1364.153442 -0.382547 -1015.814880
v 1364.655884 -0.382547 -1014.224731
v 1364.732056 0.000136 -1014.223572
v 1364.175781 0.000137 -1016.024231
v 1364.143311 -0.382547 -1015.875488
v 1364.153442 -0.382547 -1015.814880
v 1364.188843 0.000137 -1015.963013
v 1364.902832 0.000129 -962.579468
v 1364.826538 -0.382554 -962.655273
v 1364.143311 -0.382547 -1015.875488
v 1364.175781 0.000137 -1016.024231
v 1361.436646 -0.706977 -962.857971
v 1364.609131 -0.706977 -962.871155
v 1361.447021 -0.706971 -1008.739685
v 1361.436646 -0.706977 -962.857971
v 1362.098145 -0.706971 -1009.155701
v 1361.447021 -0.706971 -1008.739685
v 1361.594116 -0.706971 -1008.757385
v 1362.098145 -0.706971 -1009.155701
v 1361.048340 -0.706971 -1008.403137
v 1360.467285 -0.706971 -1008.094727
v 1359.801880 -0.706971 -1007.813965
v 1358.841675 -0.706971 -1007.498474
v 1357.761597 -0.706971 -1007.249023
v 1356.571899 -0.706972 -1007.081360
v 1355.279297 -0.706972 -1007.007080
v 1353.803833 -0.706972 -1007.059082
v 1352.169312 -0.706971 -1007.267639
v 1350.566650 -0.706971 -1007.623718
v 1348.852051 -0.706971 -1008.174377
v 1347.688599 -0.706971 -1008.653259
v 1346.570312 -0.706971 -1009.200317
v 1345.351685 -0.706971 -1009.919434
v 1344.210327 -0.706971 -1010.737488
v 1343.160400 -0.706971 -1011.644958
v 1342.214478 -0.706971 -1012.632690
v 1341.480347 -0.706971 -1013.557617
v 1341.008789 -0.706971 -1014.257690
v 1340.518677 -0.706970 -1015.118774
v 1340.039429 -0.706970 -1016.139526
v 1339.703125 -0.706970 -1017.060425
v 1339.456665 -0.706970 -1018.004150
v 1339.330811 -0.706970 -1018.807983
v 1339.289917 -0.706970 -1019.461548
v 1339.309326 -0.706970 -1020.113892
v 1339.394653 -0.706970 -1020.764343
v 1339.550781 -0.706970 -1021.402954
v 1339.721191 -0.706970 -1021.882629
v 1339.932983 -0.706969 -1022.342957
v 1340.104370 -0.706969 -1022.651062
v 1340.299805 -0.706969 -1022.956665
v 1340.628418 -0.706969 -1023.381165
v 1341.111694 -0.706969 -1023.887329
v 1341.650513 -0.706969 -1024.339844
v 1342.236084 -0.706969 -1024.739380
v 1343.011597 -0.706969 -1025.161377
v 1343.839111 -0.706969 -1025.511353
v 1344.873047 -0.706969 -1025.838623
v 1346.115112 -0.706969 -1026.105225
v 1347.200317 -0.706969 -1026.245728
v 1348.282471 -0.706969 -1026.311035
v 1349.739990 -0.706969 -1026.288208
v 1351.370117 -0.706969 -1026.111938
v 1352.973755 -0.706969 -1025.784912
v 1354.529175 -0.706969 -1025.317383
v 1355.704956 -0.706969 -1024.858765
v 1356.988525 -0.706969 -1024.242920
v 1358.494751 -0.706969 -1023.344482
v 1359.761841 -0.706969 -1022.418823
v 1360.802124 -0.706970 -1021.505371
v 1361.742676 -0.706970 -1020.513245
v 1362.473022 -0.706970 -1019.582886
v 1362.854004 -0.706970 -1019.016602
v 1363.201538 -0.706970 -1018.431458
v 1363.676392 -0.706970 -1017.469543
v 1364.004883 -0.706970 -1016.617676
v 1364.232422 -0.706970 -1015.823303
v 1364.361450 -0.706970 -1015.169617
v 1364.437988 -0.706971 -1014.500916
v 1364.439087 -0.706971 -1014.228149
v 1364.052734 -0.706970 -1015.393250
v 1364.439087 -0.706971 -1014.228149
v 1364.050659 -0.706970 -1015.451965
v 1364.052734 -0.706970 -1015.393250
v 1364.609131 -0.706977 -962.871155
v 1364.050659 -0.706970 -1015.451965
v 1361.760132 -0.923750 -963.183777
v 1364.283691 -0.923750 -963.194214
v 1361.700928 -0.923744 -1009.336792
v 1361.760132 -0.923750 -963.183777
v 1361.884888 -0.923744 -1009.400696
v 1361.700928 -0.923744 -1009.336792
v 1361.404785 -0.923744 -1009.021301
v 1361.884888 -0.923744 -1009.400696
v 1360.883667 -0.923744 -1008.682983
v 1360.327881 -0.923744 -1008.388000
v 1359.687988 -0.923744 -1008.118042
v 1358.754395 -0.923744 -1007.811218
v 1357.702393 -0.923744 -1007.568298
v 1356.539917 -0.923744 -1007.404480
v 1355.275757 -0.923744 -1007.331848
v 1353.830200 -0.923744 -1007.382812
v 1352.225220 -0.923744 -1007.587585
v 1350.651611 -0.923744 -1007.937195
v 1348.963623 -0.923744 -1008.479309
v 1347.821777 -0.923744 -1008.949280
v 1346.724243 -0.923744 -1009.486145
v 1345.528931 -0.923744 -1010.191467
v 1344.411377 -0.923744 -1010.992615
v 1343.384155 -0.923744 -1011.880432
v 1342.459229 -0.923744 -1012.846191
v 1341.742310 -0.923743 -1013.749329
v 1341.284668 -0.923743 -1014.428772
v 1340.807007 -0.923743 -1015.268188
v 1340.339233 -0.923743 -1016.264343
v 1340.013184 -0.923743 -1017.157227
v 1339.774658 -0.923743 -1018.070435
v 1339.653687 -0.923743 -1018.843323
v 1339.614624 -0.923743 -1019.466919
v 1339.633057 -0.923743 -1020.087891
v 1339.713989 -0.923742 -1020.704529
v 1339.862061 -0.923742 -1021.309875
v 1340.021973 -0.923742 -1021.760254
v 1340.222534 -0.923742 -1022.196045
v 1340.383057 -0.923742 -1022.484680
v 1340.565308 -0.923742 -1022.769592
v 1340.874756 -0.923742 -1023.169250
v 1341.334106 -0.923742 -1023.650391
v 1341.846680 -0.923742 -1024.081055
v 1342.405396 -0.923742 -1024.462158
v 1343.152710 -0.923742 -1024.868774
v 1343.951538 -0.923742 -1025.206543
v 1344.956299 -0.923742 -1025.524658
v 1346.170166 -0.923742 -1025.785156
v 1347.230957 -0.923742 -1025.922485
v 1348.289795 -0.923742 -1025.986450
v 1349.719971 -0.923742 -1025.964111
v 1351.320190 -0.923742 -1025.791016
v 1352.894531 -0.923742 -1025.469971
v 1354.423340 -0.923742 -1025.010376
v 1355.575562 -0.923742 -1024.560913
v 1356.834961 -0.923742 -1023.956726
v 1358.315552 -0.923742 -1023.073608
v 1359.558716 -0.923742 -1022.165405
v 1360.576904 -0.923742 -1021.271362
v 1361.496826 -0.923743 -1020.301025
v 1362.210571 -0.923743 -1019.391907
v 1362.579712 -0.923743 -1018.843079
v 1362.916138 -0.923743 -1018.276611
v 1363.379028 -0.923743 -1017.339111
v 1363.696899 -0.923743 -1016.514465
v 1363.916748 -0.923743 -1015.747070
v 1364.040649 -0.923743 -1015.119690
v 1364.113647 -0.923743 -1014.481750
v 1364.114624 -0.923743 -1014.233154
v 1363.901978 -0.923743 -1014.762146
v 1364.114624 -0.923743 -1014.233154
v 1363.911987 -0.923743 -1014.818115
v 1363.901978 -0.923743 -1014.762146
v 1364.283691 -0.923750 -963.194214
v 1363.911987 -0.923743 -1014.818115
v 1362.141602 -0.999871 -963.567993
v 1363.899902 -0.999871 -963.575317
v 1362.000488 -0.999864 -1010.041138
v 1362.141602 -0.999871 -963.567993
v 1361.884888 -0.923744 -1009.400696
v 1361.633423 -0.999864 -1009.689697
v 1362.000488 -0.999864 -1010.041138
v 1361.700928 -0.923744 -1009.336792
v 1361.181396 -0.999865 -1009.332581
v 1361.633423 -0.999864 -1009.689697
v 1360.689331 -0.999865 -1009.013123
v 1360.163574 -0.999865 -1008.734009
v 1359.553711 -0.999865 -1008.476746
v 1358.651367 -0.999865 -1008.180237
v 1357.632446 -0.999865 -1007.944946
v 1356.502197 -0.999865 -1007.785645
v 1355.271484 -0.999865 -1007.714905
v 1353.861206 -0.999865 -1007.764648
v 1352.291016 -0.999865 -1007.964966
v 1350.751831 -0.999865 -1008.306946
v 1349.095093 -0.999865 -1008.838989
v 1347.978760 -0.999865 -1009.298462
v 1346.905762 -0.999864 -1009.823303
v 1345.738037 -0.999864 -1010.512390
v 1344.648438 -0.999864 -1011.293518
v 1343.648071 -0.999864 -1012.158142
v 1342.747925 -0.999864 -1013.098022
v 1342.051392 -0.999864 -1013.975586
v 1341.610107 -0.999864 -1014.630554
v 1341.146973 -0.999864 -1015.444397
v 1340.692871 -0.999864 -1016.411621
v 1340.378784 -0.999863 -1017.271484
v 1340.149780 -0.999863 -1018.148560
v 1340.034424 -0.999863 -1018.884949
v 1339.997681 -0.999863 -1019.473206
v 1340.015015 -0.999863 -1020.057251
v 1340.090698 -0.999863 -1020.633911
v 1340.229248 -0.999863 -1021.200134
v 1340.376831 -0.999863 -1021.615967
v 1340.564087 -0.999863 -1022.022827
v 1340.711792 -0.999863 -1022.288391
v 1340.878418 -0.999863 -1022.548950
v 1341.165161 -0.999863 -1022.919312
v 1341.596313 -0.999863 -1023.370911
v 1342.078125 -0.999863 -1023.775696
v 1342.605225 -0.999862 -1024.135254
v 1343.319092 -0.999862 -1024.523682
v 1344.084106 -0.999862 -1024.847168
v 1345.054443 -0.999862 -1025.154297
v 1346.234985 -0.999862 -1025.407715
v 1347.267090 -0.999862 -1025.541382
v 1348.298340 -0.999862 -1025.603638
v 1349.696411 -0.999862 -1025.581787
v 1351.261230 -0.999862 -1025.412476
v 1352.801025 -0.999862 -1025.098511
v 1354.298584 -0.999862 -1024.648315
v 1355.423096 -0.999862 -1024.209717
v 1356.653809 -0.999863 -1023.619202
v 1358.104126 -0.999863 -1022.754089
v 1359.319092 -0.999863 -1021.866516
v 1360.311279 -0.999863 -1020.995361
v 1361.206787 -0.999863 -1020.050659
v 1361.900879 -0.999863 -1019.166626
v 1362.256226 -0.999863 -1018.638367
v 1362.579590 -0.999863 -1018.093933
v 1363.028198 -0.999863 -1017.185303
v 1363.333740 -0.999864 -1016.392700
v 1363.544434 -0.999864 -1015.657166
v 1363.662231 -0.999864 -1015.060791
v 1363.730957 -0.999864 -1014.459106
v 1363.731934 -0.999864 -1014.239136
v 1363.901978 -0.923743 -1014.762146
v 1363.724121 -0.999864 -1014.017700
v 1363.731934 -0.999864 -1014.239136
v 1364.114624 -0.923743 -1014.233154
v 1363.748535 -0.999864 -1014.070435
v 1363.724121 -0.999864 -1014.017700
v 1363.899902 -0.999871 -963.575317
v 1363.748535 -0.999864 -1014.070435
v 1363.899902 6.000131 -963.575317
v 1362.141602 6.000131 -963.567993
v 1361.144653 5.000130 -962.563904
v 1364.902832 5.000130 -962.579468
v 1362.141602 6.000131 -963.567993
v 1362.000488 6.000137 -1010.041138
v 1361.217773 5.000136 -1008.200684
v 1361.144653 5.000130 -962.563904
v 1362.000488 6.000137 -1010.041138
v 1361.633423 6.000137 -1009.689697
v 1362.290527 5.000136 -1008.934509
v 1361.217773 5.000136 -1008.200684
v 1361.633423 6.000137 -1009.689697
v 1361.181396 6.000136 -1009.332581
v 1361.765015 5.000136 -1008.519165
v 1362.290527 5.000136 -1008.934509
v 1360.689331 6.000136 -1009.013123
v 1361.197021 5.000136 -1008.150452
v 1360.163574 6.000136 -1008.734009
v 1360.593140 5.000136 -1007.829895
v 1359.553711 6.000136 -1008.476746
v 1359.904785 5.000136 -1007.539490
v 1358.651367 6.000136 -1008.180237
v 1358.920532 5.000136 -1007.216064
v 1357.632446 6.000136 -1007.944946
v 1357.815063 5.000136 -1006.960815
v 1356.502197 6.000136 -1007.785645
v 1356.600830 5.000136 -1006.789673
v 1355.271484 6.000136 -1007.714905
v 1355.282593 5.000136 -1006.713928
v 1353.861206 6.000136 -1007.764648
v 1353.780151 5.000136 -1006.766846
v 1352.291016 6.000136 -1007.964966
v 1352.118896 5.000136 -1006.978760
v 1350.751831 6.000136 -1008.306946
v 1350.489990 5.000136 -1007.340759
v 1349.095093 6.000136 -1008.838989
v 1348.751343 5.000136 -1007.899109
v 1347.978760 6.000136 -1009.298462
v 1347.568359 5.000136 -1008.385986
v 1346.905762 6.000137 -1009.823303
v 1346.431274 5.000136 -1008.942200
v 1345.738037 6.000137 -1010.512390
v 1345.191528 5.000136 -1009.673767
v 1344.648438 6.000137 -1011.293518
v 1344.028931 5.000136 -1010.507202
v 1343.648071 6.000137 -1012.158142
v 1342.958374 5.000136 -1011.432434
v 1342.747925 6.000137 -1013.098022
v 1341.993530 5.000136 -1012.439941
v 1342.051392 6.000137 -1013.975586
v 1341.243774 5.000137 -1013.384460
v 1341.610107 6.000137 -1014.630554
v 1340.759644 5.000137 -1014.103210
v 1341.146973 6.000137 -1015.444397
v 1340.258545 5.000137 -1014.983887
v 1340.692871 6.000137 -1016.411621
v 1339.768799 5.000137 -1016.026794
v 1340.378784 6.000138 -1017.271484
v 1339.423218 5.000137 -1016.972961
v 1340.149780 6.000138 -1018.148560
v 1339.169678 5.000137 -1017.944336
v 1340.034424 6.000138 -1018.884949
v 1339.039307 5.000137 -1018.776123
v 1339.997681 6.000138 -1019.473206
v 1338.996826 5.000137 -1019.456787
v 1340.015015 6.000138 -1020.057251
v 1339.016968 5.000137 -1020.137329
v 1340.090698 6.000138 -1020.633911
v 1339.106323 5.000138 -1020.818359
v 1340.229248 6.000138 -1021.200134
v 1339.269897 5.000138 -1021.486938
v 1340.376831 6.000138 -1021.615967
v 1339.449585 5.000138 -1021.993042
v 1340.564087 6.000138 -1022.022827
v 1339.671631 5.000138 -1022.475525
v 1340.711792 6.000138 -1022.288391
v 1339.852783 5.000138 -1022.801270
v 1340.878418 6.000138 -1022.548950
v 1340.060181 5.000138 -1023.125549
v 1341.165161 6.000138 -1022.919312
v 1340.406128 5.000138 -1023.572449
v 1341.596313 6.000138 -1023.370911
v 1340.911011 5.000138 -1024.101196
v 1342.078125 6.000138 -1023.775696
v 1341.473267 5.000138 -1024.573486
v 1342.605225 6.000139 -1024.135254
v 1342.083130 5.000138 -1024.989624
v 1343.319092 6.000139 -1024.523682
v 1342.884277 5.000138 -1025.425537
v 1344.084106 6.000139 -1024.847168
v 1343.737671 5.000138 -1025.786377
v 1345.054443 6.000139 -1025.154297
v 1344.797974 5.000138 -1026.122070
v 1346.234985 6.000139 -1025.407715
v 1346.065552 5.000138 -1026.394043
v 1347.267090 6.000139 -1025.541382
v 1347.172607 5.000138 -1026.537476
v 1348.298340 6.000139 -1025.603638
v 1348.275879 5.000138 -1026.604126
v 1349.696411 6.000139 -1025.581787
v 1349.758057 5.000138 -1026.580933
v 1351.261230 6.000139 -1025.412476
v 1351.415283 5.000138 -1026.401733
v 1352.801025 6.000139 -1025.098511
v 1353.045410 5.000138 -1026.069214
v 1354.298584 6.000139 -1024.648315
v 1354.624756 5.000138 -1025.594482
v 1355.423096 6.000139 -1024.209717
v 1355.821655 5.000138 -1025.127563
v 1356.653809 6.000138 -1023.619202
v 1357.127197 5.000138 -1024.501221
v 1358.104126 6.000138 -1022.754089
v 1358.656494 5.000138 -1023.589050
v 1359.319092 6.000138 -1021.866516
v 1359.945190 5.000138 -1022.647583
v 1360.311279 6.000138 -1020.995361
v 1361.005493 5.000138 -1021.716614
v 1361.206787 6.000138 -1020.050659
v 1361.964600 5.000138 -1020.704834
v 1361.900879 6.000138 -1019.166626
v 1362.710083 5.000137 -1019.755249
v 1362.256226 6.000138 -1018.638367
v 1363.101685 5.000137 -1019.173218
v 1362.579590 6.000138 -1018.093933
v 1363.459106 5.000137 -1018.571289
v 1363.028198 6.000138 -1017.185303
v 1363.944946 5.000137 -1017.587280
v 1363.333740 6.000137 -1016.392700
v 1364.282837 5.000137 -1016.710876
v 1363.544434 6.000137 -1015.657166
v 1364.517334 5.000137 -1015.892151
v 1363.662231 6.000137 -1015.060791
v 1364.651123 5.000137 -1015.214722
v 1363.730957 6.000137 -1014.459106
v 1364.730713 5.000137 -1014.518250
v 1363.731934 6.000137 -1014.239136
v 1364.732056 5.000137 -1014.223572
v 1363.731934 6.000137 -1014.239136
v 1363.724121 6.000137 -1014.017700
v 1364.188843 5.000137 -1015.963013
v 1364.732056 5.000137 -1014.223572
v 1363.724121 6.000137 -1014.017700
v 1363.748535 6.000137 -1014.070435
v 1364.175781 5.000137 -1016.024231
v 1364.188843 5.000137 -1015.963013
v 1363.748535 6.000137 -1014.070435
v 1363.899902 6.000131 -963.575317
v 1364.902832 5.000130 -962.579468
v 1364.175781 5.000137 -1016.024231
v 1497.395874 5.000136 -1008.422424
v 1498.430176 5.000131 -970.238037
v 1498.430176 0.000130 -970.238037
v 1497.395874 0.000135 -1008.422424
v 1498.430176 5.000131 -970.238037
v 1498.523193 5.000131 -970.215088
v 1498.523193 0.000130 -970.215088
v 1498.430176 0.000130 -970.238037
v 1498.523193 5.000131 -970.215088
v 1498.855347 5.000129 -957.817566
v 1498.855347 0.000129 -957.817566
v 1498.523193 0.000130 -970.215088
v 1498.855347 5.000129 -957.817566
v 1446.057861 5.000131 -969.699829
v 1446.057861 0.000130 -969.699829
v 1498.855347 0.000129 -957.817566
v 1446.057861 5.000131 -969.699829
v 1444.580200 5.000131 -969.731995
v 1444.580200 0.000130 -969.731995
v 1446.057861 0.000130 -969.699829
v 1444.580200 5.000131 -969.731995
v 1443.365601 5.000137 -1015.725952
v 1443.365601 0.000136 -1015.725952
v 1444.580200 0.000130 -969.731995
v 1443.365601 5.000137 -1015.725952
v 1443.359375 5.000137 -1014.139526
v 1443.359375 0.000136 -1014.139526
v 1443.365601 0.000136 -1015.725952
v 1443.359375 5.000137 -1014.139526
v 1444.802490 5.000137 -1014.697571
v 1444.802490 0.000136 -1014.697571
v 1443.359375 0.000136 -1014.139526
v 1444.802490 5.000137 -1014.697571
v 1444.299438 5.000137 -1014.279968
v 1444.299438 0.000136 -1014.279968
v 1444.802490 0.000136 -1014.697571
v 1443.756836 5.000137 -1013.909180
v 1443.756836 0.000136 -1013.909180
v 1443.278809 5.000137 -1013.638123
v 1443.278809 0.000136 -1013.638123
v 1442.789795 5.000137 -1013.407410
v 1442.789795 0.000136 -1013.407410
v 1441.970947 5.000136 -1013.078186
v 1441.970947 0.000136 -1013.078186
v 1440.946655 5.000136 -1012.772095
v 1440.946655 0.000136 -1012.772095
v 1439.731445 5.000136 -1012.531006
v 1439.731445 0.000136 -1012.531006
v 1438.493896 5.000136 -1012.395447
v 1438.493896 0.000136 -1012.395447
v 1437.080200 5.000136 -1012.373535
v 1437.080200 0.000136 -1012.373535
v 1435.509888 5.000136 -1012.495483
v 1435.509888 0.000136 -1012.495483
v 1433.964478 5.000136 -1012.762146
v 1433.964478 0.000136 -1012.762146
v 1432.464355 5.000136 -1013.161072
v 1432.464355 0.000136 -1013.161072
v 1431.323730 5.000137 -1013.560181
v 1431.323730 0.000136 -1013.560181
v 1430.074707 5.000137 -1014.098877
v 1430.074707 0.000136 -1014.098877
v 1428.877075 5.000137 -1014.734558
v 1428.877075 0.000136 -1014.734558
v 1427.746094 5.000137 -1015.471985
v 1427.746094 0.000136 -1015.471985
v 1426.696289 5.000137 -1016.302246
v 1426.696289 0.000137 -1016.302246
v 1425.740479 5.000137 -1017.216736
v 1425.740479 0.000137 -1017.216736
v 1424.988892 5.000137 -1018.081970
v 1424.988892 0.000137 -1018.081970
v 1424.497192 5.000137 -1018.745117
v 1424.497192 0.000137 -1018.745117
v 1423.979248 5.000137 -1019.564453
v 1423.979248 0.000137 -1019.564453
v 1423.471191 5.000138 -1020.539124
v 1423.471191 0.000137 -1020.539124
v 1423.052856 5.000138 -1021.567566
v 1423.052856 0.000137 -1021.567566
v 1422.783325 5.000138 -1022.489746
v 1422.783325 0.000137 -1022.489746
v 1422.636108 5.000138 -1023.280334
v 1422.636108 0.000137 -1023.280334
v 1422.576904 5.000138 -1023.930176
v 1422.576904 0.000138 -1023.930176
v 1422.578003 5.000138 -1024.582275
v 1422.578003 0.000138 -1024.582275
v 1422.645874 5.000138 -1025.237427
v 1422.645874 0.000138 -1025.237427
v 1422.785522 5.000138 -1025.882935
v 1422.785522 0.000138 -1025.882935
v 1422.945435 5.000138 -1026.373901
v 1422.945435 0.000138 -1026.373901
v 1423.149658 5.000138 -1026.849976
v 1423.149658 0.000138 -1026.849976
v 1423.404419 5.000138 -1027.319092
v 1423.404419 0.000138 -1027.319092
v 1423.712524 5.000139 -1027.769897
v 1423.712524 0.000138 -1027.769897
v 1424.162476 5.000139 -1028.301270
v 1424.162476 0.000138 -1028.301270
v 1424.669312 5.000139 -1028.781616
v 1424.669312 0.000138 -1028.781616
v 1425.223877 5.000139 -1029.210449
v 1425.223877 0.000138 -1029.210449
v 1425.956787 5.000139 -1029.666992
v 1425.956787 0.000138 -1029.666992
v 1426.742554 5.000139 -1030.054199
v 1426.742554 0.000138 -1030.054199
v 1427.723267 5.000139 -1030.426636
v 1427.723267 0.000138 -1030.426636
v 1428.900635 5.000139 -1030.747803
v 1428.900635 0.000138 -1030.747803
v 1429.933838 5.000139 -1030.938110
v 1429.933838 0.000139 -1030.938110
v 1430.967163 5.000139 -1031.054688
v 1430.967163 0.000139 -1031.054688
v 1432.361450 5.000139 -1031.104004
v 1432.361450 0.000139 -1031.104004
v 1433.926514 5.000139 -1031.013306
v 1433.926514 0.000139 -1031.013306
v 1435.473267 5.000139 -1030.774902
v 1435.473267 0.000138 -1030.774902
v 1436.979004 5.000139 -1030.397949
v 1436.979004 0.000138 -1030.397949
v 1438.126709 5.000139 -1030.009033
v 1438.126709 0.000138 -1030.009033
v 1439.384644 5.000139 -1029.472290
v 1439.384644 0.000138 -1029.472290
v 1440.862549 5.000139 -1028.675171
v 1440.862549 0.000138 -1028.675171
v 1442.116333 5.000139 -1027.838135
v 1442.116333 0.000138 -1027.838135
v 1443.155396 5.000138 -1027.000244
v 1443.155396 0.000138 -1027.000244
v 1444.103638 5.000138 -1026.081177
v 1444.103638 0.000138 -1026.081177
v 1444.848755 5.000138 -1025.211792
v 1444.848755 0.000138 -1025.211792
v 1445.244629 5.000138 -1024.675781
v 1445.244629 0.000138 -1024.675781
v 1445.609863 5.000138 -1024.119385
v 1445.609863 0.000138 -1024.119385
v 1446.115601 5.000138 -1023.203186
v 1446.115601 0.000137 -1023.203186
v 1446.475220 5.000138 -1022.381226
v 1446.475220 0.000137 -1022.381226
v 1446.733398 5.000138 -1021.610779
v 1446.733398 0.000137 -1021.610779
v 1446.890015 5.000138 -1020.971252
v 1446.890015 0.000137 -1020.971252
v 1446.991943 5.000138 -1020.341675
v 1446.991943 0.000137 -1020.341675
v 1447.036865 5.000137 -1019.946960
v 1447.036865 0.000137 -1019.946960
v 1447.047241 5.000137 -1019.496155
v 1447.047241 0.000137 -1019.496155
v 1447.012451 5.000137 -1018.990967
v 1447.012451 0.000137 -1018.990967
v 1446.967407 5.000137 -1018.672852
v 1446.967407 0.000137 -1018.672852
v 1446.934204 5.000137 -1018.499634
v 1446.934204 0.000137 -1018.499634
v 1446.934204 5.000137 -1018.499634
v 1447.929810 5.000133 -981.617920
v 1447.929810 0.000132 -981.617920
v 1446.934204 0.000137 -1018.499634
v 1447.929810 5.000133 -981.617920
v 1494.740723 5.000131 -971.083923
v 1494.740723 0.000130 -971.083923
v 1447.929810 0.000132 -981.617920
v 1494.740723 5.000131 -971.083923
v 1493.826416 5.000135 -1005.645203
v 1493.826416 0.000135 -1005.645203
v 1494.740723 0.000130 -971.083923
v 1493.826416 5.000135 -1005.645203
v 1493.816162 5.000135 -1004.058350
v 1493.816162 0.000135 -1004.058350
v 1493.826416 0.000135 -1005.645203
v 1493.816162 5.000135 -1004.058350
v 1495.263550 5.000135 -1004.615662
v 1495.263550 0.000135 -1004.615662
v 1493.816162 0.000135 -1004.058350
v 1495.263550 5.000135 -1004.615662
v 1494.761597 5.000135 -1004.199768
v 1494.761597 0.000135 -1004.199768
v 1495.263550 0.000135 -1004.615662
v 1494.218994 5.000135 -1003.828369
v 1494.218994 0.000135 -1003.828369
v 1493.740112 5.000135 -1003.555786
v 1493.740112 0.000135 -1003.555786
v 1493.249390 5.000135 -1003.323181
v 1493.249390 0.000135 -1003.323181
v 1492.434082 5.000135 -1002.994080
v 1492.434082 0.000135 -1002.994080
v 1491.493530 5.000135 -1002.708740
v 1491.493530 0.000135 -1002.708740
v 1490.372314 5.000135 -1002.475769
v 1490.372314 0.000135 -1002.475769
v 1489.661011 5.000135 -1002.379028
v 1489.661011 0.000135 -1002.379028
v 1488.945435 5.000135 -1002.316345
v 1488.945435 0.000135 -1002.316345
v 1487.542847 5.000135 -1002.290649
v 1487.542847 0.000135 -1002.290649
v 1485.970947 5.000135 -1002.411133
v 1485.970947 0.000135 -1002.411133
v 1484.422607 5.000135 -1002.678162
v 1484.422607 0.000135 -1002.678162
v 1482.763794 5.000135 -1003.127747
v 1482.763794 0.000135 -1003.127747
v 1481.629761 5.000135 -1003.535522
v 1481.629761 0.000135 -1003.535522
v 1480.535522 5.000135 -1004.010986
v 1480.535522 0.000135 -1004.010986
v 1479.337646 5.000135 -1004.649658
v 1479.337646 0.000135 -1004.649658
v 1478.206787 5.000135 -1005.388367
v 1478.206787 0.000135 -1005.388367
v 1477.157104 5.000136 -1006.218811
v 1477.157104 0.000135 -1006.218811
v 1476.201904 5.000136 -1007.132690
v 1476.201904 0.000135 -1007.132690
v 1475.451050 5.000136 -1007.997192
v 1475.451050 0.000135 -1007.997192
v 1474.960205 5.000136 -1008.659729
v 1474.960205 0.000136 -1008.659729
v 1474.442017 5.000136 -1009.480835
v 1474.442017 0.000136 -1009.480835
v 1473.872070 5.000136 -1010.592834
v 1473.872070 0.000136 -1010.592834
v 1473.515747 5.000136 -1011.487122
v 1473.515747 0.000136 -1011.487122
v 1473.247070 5.000136 -1012.405945
v 1473.247070 0.000136 -1012.405945
v 1473.099976 5.000136 -1013.196533
v 1473.099976 0.000136 -1013.196533
v 1473.041138 5.000137 -1013.846436
v 1473.041138 0.000136 -1013.846436
v 1473.042603 5.000137 -1014.498718
v 1473.042603 0.000136 -1014.498718
v 1473.110962 5.000137 -1015.154175
v 1473.110962 0.000136 -1015.154175
v 1473.251099 5.000137 -1015.800293
v 1473.251099 0.000136 -1015.800293
v 1473.411255 5.000137 -1016.291809
v 1473.411255 0.000137 -1016.291809
v 1473.615845 5.000137 -1016.768677
v 1473.615845 0.000137 -1016.768677
v 1473.870483 5.000137 -1017.238831
v 1473.870483 0.000137 -1017.238831
v 1474.177124 5.000137 -1017.689209
v 1474.177124 0.000137 -1017.689209
v 1474.626221 5.000137 -1018.220581
v 1474.626221 0.000137 -1018.220581
v 1475.132812 5.000137 -1018.700684
v 1475.132812 0.000137 -1018.700684
v 1475.687378 5.000137 -1019.128967
v 1475.687378 0.000137 -1019.128967
v 1476.420532 5.000137 -1019.584595
v 1476.420532 0.000137 -1019.584595
v 1477.206665 5.000137 -1019.970825
v 1477.206665 0.000137 -1019.970825
v 1478.187744 5.000138 -1020.342224
v 1478.187744 0.000137 -1020.342224
v 1479.365356 5.000138 -1020.662598
v 1479.365356 0.000137 -1020.662598
v 1480.398071 5.000138 -1020.852722
v 1480.398071 0.000137 -1020.852722
v 1481.430786 5.000138 -1020.969849
v 1481.430786 0.000137 -1020.969849
v 1482.825806 5.000138 -1021.019226
v 1482.825806 0.000137 -1021.019226
v 1484.391357 5.000138 -1020.928101
v 1484.391357 0.000137 -1020.928101
v 1485.937744 5.000138 -1020.689697
v 1485.937744 0.000137 -1020.689697
v 1487.442383 5.000137 -1020.313660
v 1487.442383 0.000137 -1020.313660
v 1488.588501 5.000137 -1019.926880
v 1488.588501 0.000137 -1019.926880
v 1489.846436 5.000137 -1019.393311
v 1489.846436 0.000137 -1019.393311
v 1491.323853 5.000137 -1018.593018
v 1491.323853 0.000137 -1018.593018
v 1492.579468 5.000137 -1017.753662
v 1492.579468 0.000137 -1017.753662
v 1493.738647 5.000137 -1016.808655
v 1493.738647 0.000137 -1016.808655
v 1494.677979 5.000137 -1015.877380
v 1494.677979 0.000136 -1015.877380
v 1495.418701 5.000137 -1014.991394
v 1495.418701 0.000136 -1014.991394
v 1496.067749 5.000137 -1014.046448
v 1496.067749 0.000136 -1014.046448
v 1496.578369 5.000136 -1013.120850
v 1496.578369 0.000136 -1013.120850
v 1496.938477 5.000136 -1012.299133
v 1496.938477 0.000136 -1012.299133
v 1497.197021 5.000136 -1011.527161
v 1497.197021 0.000136 -1011.527161
v 1497.353271 5.000136 -1010.884460
v 1497.353271 0.000136 -1010.884460
v 1497.453613 5.000136 -1010.249512
v 1497.453613 0.000136 -1010.249512
v 1497.499512 5.000136 -1009.818909
v 1497.499512 0.000136 -1009.818909
v 1497.505615 5.000136 -1009.333801
v 1497.505615 0.000136 -1009.333801
v 1497.464233 5.000136 -1008.820068
v 1497.464233 0.000136 -1008.820068
v 1497.395874 5.000136 -1008.422424
v 1497.395874 0.000135 -1008.422424
v 1498.430176 0.000130 -970.238037
v 1498.355713 -0.382553 -970.178040
v 1497.319580 -0.382548 -1008.427856
v 1497.395874 0.000135 -1008.422424
v 1498.523193 0.000130 -970.215088
v 1498.448608 -0.382553 -970.155090
v 1498.355713 -0.382553 -970.178040
v 1498.430176 0.000130 -970.238037
v 1498.855347 0.000129 -957.817566
v 1498.776611 -0.382555 -957.913330
v 1498.448608 -0.382553 -970.155090
v 1498.523193 0.000130 -970.215088
v 1446.057861 0.000130 -969.699829
v 1446.067139 -0.382553 -969.775757
v 1498.776611 -0.382555 -957.913330
v 1498.855347 0.000129 -957.817566
v 1444.580200 0.000130 -969.731995
v 1444.654419 -0.382553 -969.806519
v 1446.067139 -0.382553 -969.775757
v 1446.057861 0.000130 -969.699829
v 1443.365601 0.000136 -1015.725952
v 1443.442139 -0.382547 -1015.711121
v 1444.654419 -0.382553 -969.806519
v 1444.580200 0.000130 -969.731995
v 1443.359375 0.000136 -1014.139526
v 1443.445068 -0.382547 -1014.265381
v 1443.442139 -0.382547 -1015.711121
v 1443.365601 0.000136 -1015.725952
v 1444.802490 0.000136 -1014.697571
v 1444.751099 -0.382547 -1014.753906
v 1443.445068 -0.382547 -1014.265381
v 1443.359375 0.000136 -1014.139526
v 1444.299438 0.000136 -1014.279968
v 1444.253540 -0.382547 -1014.340820
v 1444.751099 -0.382547 -1014.753906
v 1444.802490 0.000136 -1014.697571
v 1443.756836 0.000136 -1013.909180
v 1443.716553 -0.382547 -1013.973816
v 1443.278809 0.000136 -1013.638123
v 1443.243774 -0.382547 -1013.705750
v 1442.789795 0.000136 -1013.407410
v 1442.759277 -0.382547 -1013.477234
v 1441.970947 0.000136 -1013.078186
v 1441.945801 -0.382547 -1013.150146
v 1440.946655 0.000136 -1012.772095
v 1440.928345 -0.382547 -1012.846069
v 1439.731445 0.000136 -1012.531006
v 1439.719849 -0.382547 -1012.606323
v 1438.493896 0.000136 -1012.395447
v 1438.489136 -0.382547 -1012.471497
v 1437.080200 0.000136 -1012.373535
v 1437.082520 -0.382547 -1012.449707
v 1435.509888 0.000136 -1012.495483
v 1435.519287 -0.382547 -1012.571106
v 1433.964478 0.000136 -1012.762146
v 1433.980713 -0.382547 -1012.836609
v 1432.464355 0.000136 -1013.161072
v 1432.486816 -0.382547 -1013.233887
v 1431.323730 0.000136 -1013.560181
v 1431.351318 -0.382547 -1013.631165
v 1430.074707 0.000136 -1014.098877
v 1430.107666 -0.382547 -1014.167542
v 1428.877075 0.000136 -1014.734558
v 1428.915771 -0.382547 -1014.800171
v 1427.746094 0.000136 -1015.471985
v 1427.790649 -0.382547 -1015.533813
v 1426.696289 0.000137 -1016.302246
v 1426.746338 -0.382547 -1016.359741
v 1425.740479 0.000137 -1017.216736
v 1425.795654 -0.382547 -1017.269287
v 1424.988892 0.000137 -1018.081970
v 1425.048340 -0.382547 -1018.129700
v 1424.497192 0.000137 -1018.745117
v 1424.560059 -0.382547 -1018.788147
v 1423.979248 0.000137 -1019.564453
v 1424.045166 -0.382546 -1019.602478
v 1423.471191 0.000137 -1020.539124
v 1423.540405 -0.382546 -1020.571106
v 1423.052856 0.000137 -1021.567566
v 1423.124878 -0.382546 -1021.592651
v 1422.783325 0.000137 -1022.489746
v 1422.857422 -0.382546 -1022.507446
v 1422.636108 0.000137 -1023.280334
v 1422.711548 -0.382546 -1023.290771
v 1422.576904 0.000138 -1023.930176
v 1422.653076 -0.382546 -1023.933594
v 1422.578003 0.000138 -1024.582275
v 1422.654175 -0.382546 -1024.578247
v 1422.645874 0.000138 -1025.237427
v 1422.721191 -0.382546 -1025.225464
v 1422.785522 0.000138 -1025.882935
v 1422.859131 -0.382546 -1025.863037
v 1422.945435 0.000138 -1026.373901
v 1423.016724 -0.382546 -1026.347046
v 1423.149658 0.000138 -1026.849976
v 1423.218262 -0.382546 -1026.816772
v 1423.404419 0.000138 -1027.319092
v 1423.469360 -0.382545 -1027.279419
v 1423.712524 0.000138 -1027.769897
v 1423.773193 -0.382545 -1027.723755
v 1424.162476 0.000138 -1028.301270
v 1424.217896 -0.382545 -1028.248901
v 1424.669312 0.000138 -1028.781616
v 1424.718872 -0.382545 -1028.723755
v 1425.223877 0.000138 -1029.210449
v 1425.267334 -0.382545 -1029.147949
v 1425.956787 0.000138 -1029.666992
v 1425.993774 -0.382545 -1029.600464
v 1426.742554 0.000138 -1030.054199
v 1426.772949 -0.382545 -1029.984375
v 1427.723267 0.000138 -1030.426636
v 1427.746826 -0.382545 -1030.354126
v 1428.900635 0.000138 -1030.747803
v 1428.917480 -0.382545 -1030.673584
v 1429.933838 0.000139 -1030.938110
v 1429.944946 -0.382545 -1030.862793
v 1430.967163 0.000139 -1031.054688
v 1430.972778 -0.382545 -1030.978760
v 1432.361450 0.000139 -1031.104004
v 1432.360596 -0.382545 -1031.027832
v 1433.926514 0.000139 -1031.013306
v 1433.918457 -0.382545 -1030.937500
v 1435.473267 0.000138 -1030.774902
v 1435.458252 -0.382545 -1030.700195
v 1436.979004 0.000138 -1030.397949
v 1436.957520 -0.382545 -1030.324829
v 1438.126709 0.000138 -1030.009033
v 1438.099487 -0.382545 -1029.937866
v 1439.384644 0.000138 -1029.472290
v 1439.351562 -0.382545 -1029.403564
v 1440.862549 0.000138 -1028.675171
v 1440.823242 -0.382545 -1028.609863
v 1442.116333 0.000138 -1027.838135
v 1442.071289 -0.382545 -1027.776611
v 1443.155396 0.000138 -1027.000244
v 1443.104980 -0.382546 -1026.943115
v 1444.103638 0.000138 -1026.081177
v 1444.048096 -0.382546 -1026.028931
v 1444.848755 0.000138 -1025.211792
v 1444.789062 -0.382546 -1025.164429
v 1445.244629 0.000138 -1024.675781
v 1445.182129 -0.382546 -1024.632324
v 1445.609863 0.000138 -1024.119385
v 1445.544678 -0.382546 -1024.080078
v 1446.115601 0.000137 -1023.203186
v 1446.047241 -0.382546 -1023.169434
v 1446.475220 0.000137 -1022.381226
v 1446.404053 -0.382546 -1022.353821
v 1446.733398 0.000137 -1021.610779
v 1446.660156 -0.382546 -1021.589600
v 1446.890015 0.000137 -1020.971252
v 1446.815430 -0.382546 -1020.956055
v 1446.991943 0.000137 -1020.341675
v 1446.916504 -0.382546 -1020.331299
v 1447.036865 0.000137 -1019.946960
v 1446.960815 -0.382546 -1019.941772
v 1447.047241 0.000137 -1019.496155
v 1446.971069 -0.382547 -1019.497925
v 1447.012451 0.000137 -1018.990967
v 1446.936646 -0.382547 -1018.998962
v 1446.967407 0.000137 -1018.672852
v 1446.892334 -0.382547 -1018.685364
v 1446.934204 0.000137 -1018.499634
v 1446.857910 -0.382547 -1018.505798
v 1447.929810 0.000132 -981.617920
v 1447.855347 -0.382552 -981.556641
v 1446.857910 -0.382547 -1018.505798
v 1446.934204 0.000137 -1018.499634
v 1494.740723 0.000130 -971.083923
v 1494.819458 -0.382553 -970.988220
v 1447.855347 -0.382552 -981.556641
v 1447.929810 0.000132 -981.617920
v 1493.826416 0.000135 -1005.645203
v 1493.902954 -0.382548 -1005.630310
v 1494.819458 -0.382553 -970.988220
v 1494.740723 0.000130 -971.083923
v 1493.816162 0.000135 -1004.058350
v 1493.902100 -0.382549 -1004.184021
v 1493.902954 -0.382548 -1005.630310
v 1493.826416 0.000135 -1005.645203
v 1495.263550 0.000135 -1004.615662
v 1495.212280 -0.382549 -1004.672058
v 1493.902100 -0.382549 -1004.184021
v 1493.816162 0.000135 -1004.058350
v 1494.761597 0.000135 -1004.199768
v 1494.715698 -0.382549 -1004.260559
v 1495.212280 -0.382549 -1004.672058
v 1495.263550 0.000135 -1004.615662
v 1494.218994 0.000135 -1003.828369
v 1494.178589 -0.382549 -1003.893005
v 1493.740112 0.000135 -1003.555786
v 1493.704956 -0.382549 -1003.623352
v 1493.249390 0.000135 -1003.323181
v 1493.218750 -0.382549 -1003.392883
v 1492.434082 0.000135 -1002.994080
v 1492.408691 -0.382549 -1003.065979
v 1491.493530 0.000135 -1002.708740
v 1491.474731 -0.382549 -1002.782593
v 1490.372314 0.000135 -1002.475769
v 1490.359497 -0.382549 -1002.550842
v 1489.661011 0.000135 -1002.379028
v 1489.652588 -0.382549 -1002.454651
v 1488.945435 0.000135 -1002.316345
v 1488.941406 -0.382549 -1002.392395
v 1487.542847 0.000135 -1002.290649
v 1487.545166 -0.382549 -1002.366821
v 1485.970947 0.000135 -1002.411133
v 1485.980347 -0.382549 -1002.486755
v 1484.422607 0.000135 -1002.678162
v 1484.439087 -0.382549 -1002.752563
v 1482.763794 0.000135 -1003.127747
v 1482.786621 -0.382549 -1003.200378
v 1481.629761 0.000135 -1003.535522
v 1481.657837 -0.382549 -1003.606323
v 1480.535522 0.000135 -1004.010986
v 1480.568604 -0.382549 -1004.079590
v 1479.337646 0.000135 -1004.649658
v 1479.376465 -0.382548 -1004.715210
v 1478.206787 0.000135 -1005.388367
v 1478.251343 -0.382548 -1005.450195
v 1477.157104 0.000135 -1006.218811
v 1477.207153 -0.382548 -1006.276306
v 1476.201904 0.000135 -1007.132690
v 1476.257080 -0.382548 -1007.185303
v 1475.451050 0.000135 -1007.997192
v 1475.510498 -0.382548 -1008.044861
v 1474.960205 0.000136 -1008.659729
v 1475.023071 -0.382548 -1008.702759
v 1474.442017 0.000136 -1009.480835
v 1474.508179 -0.382548 -1009.518616
v 1473.872070 0.000136 -1010.592834
v 1473.941528 -0.382548 -1010.624329
v 1473.515747 0.000136 -1011.487122
v 1473.587769 -0.382548 -1011.511963
v 1473.247070 0.000136 -1012.405945
v 1473.321289 -0.382547 -1012.423645
v 1473.099976 0.000136 -1013.196533
v 1473.175537 -0.382547 -1013.206909
v 1473.041138 0.000136 -1013.846436
v 1473.117188 -0.382547 -1013.849792
v 1473.042603 0.000136 -1014.498718
v 1473.118652 -0.382547 -1014.494690
v 1473.110962 0.000136 -1015.154175
v 1473.186157 -0.382547 -1015.142151
v 1473.251099 0.000136 -1015.800293
v 1473.324585 -0.382547 -1015.780334
v 1473.411255 0.000137 -1016.291809
v 1473.482544 -0.382547 -1016.264954
v 1473.615845 0.000137 -1016.768677
v 1473.684326 -0.382547 -1016.735474
v 1473.870483 0.000137 -1017.238831
v 1473.935547 -0.382547 -1017.199158
v 1474.177124 0.000137 -1017.689209
v 1474.237793 -0.382547 -1017.643066
v 1474.626221 0.000137 -1018.220581
v 1474.681641 -0.382547 -1018.168274
v 1475.132812 0.000137 -1018.700684
v 1475.182373 -0.382547 -1018.642761
v 1475.687378 0.000137 -1019.128967
v 1475.730835 -0.382547 -1019.066345
v 1476.420532 0.000137 -1019.584595
v 1476.457520 -0.382547 -1019.517944
v 1477.206665 0.000137 -1019.970825
v 1477.237061 -0.382546 -1019.900940
v 1478.187744 0.000137 -1020.342224
v 1478.211304 -0.382546 -1020.269714
v 1479.365356 0.000137 -1020.662598
v 1479.382202 -0.382546 -1020.588318
v 1480.398071 0.000137 -1020.852722
v 1480.409302 -0.382546 -1020.777344
v 1481.430786 0.000137 -1020.969849
v 1481.436401 -0.382546 -1020.893860
v 1482.825806 0.000137 -1021.019226
v 1482.824951 -0.382546 -1020.943054
v 1484.391357 0.000137 -1020.928101
v 1484.383301 -0.382546 -1020.852356
v 1485.937744 0.000137 -1020.689697
v 1485.922729 -0.382546 -1020.614990
v 1487.442383 0.000137 -1020.313660
v 1487.421021 -0.382546 -1020.240540
v 1488.588501 0.000137 -1019.926880
v 1488.561401 -0.382546 -1019.855652
v 1489.846436 0.000137 -1019.393311
v 1489.813354 -0.382547 -1019.324646
v 1491.323853 0.000137 -1018.593018
v 1491.284546 -0.382547 -1018.527771
v 1492.579468 0.000137 -1017.753662
v 1492.534180 -0.382547 -1017.692383
v 1493.738647 0.000137 -1016.808655
v 1493.687744 -0.382547 -1016.752014
v 1494.677979 0.000136 -1015.877380
v 1494.621948 -0.382547 -1015.825867
v 1495.418701 0.000136 -1014.991394
v 1495.358032 -0.382547 -1014.945374
v 1496.067749 0.000136 -1014.046448
v 1496.002930 -0.382547 -1014.006470
v 1496.578369 0.000136 -1013.120850
v 1496.510010 -0.382547 -1013.087097
v 1496.938477 0.000136 -1012.299133
v 1496.867310 -0.382547 -1012.271729
v 1497.197021 0.000136 -1011.527161
v 1497.123779 -0.382548 -1011.506042
v 1497.353271 0.000136 -1010.884460
v 1497.278564 -0.382548 -1010.869507
v 1497.453613 0.000136 -1010.249512
v 1497.378052 -0.382548 -1010.239563
v 1497.499512 0.000136 -1009.818909
v 1497.423462 -0.382548 -1009.814392
v 1497.505615 0.000136 -1009.333801
v 1497.429443 -0.382548 -1009.336365
v 1497.464233 0.000136 -1008.820068
v 1497.388672 -0.382548 -1008.829590
v 1497.395874 0.000135 -1008.422424
v 1497.319580 -0.382548 -1008.427856
v 1498.143433 -0.706976 -970.007141
v 1497.102295 -0.706971 -1008.443420
v 1498.236328 -0.706976 -969.984253
v 1498.143433 -0.706976 -970.007141
v 1498.552490 -0.706978 -958.185974
v 1498.236328 -0.706976 -969.984253
v 1446.093506 -0.706976 -969.992004
v 1498.552490 -0.706978 -958.185974
v 1444.865601 -0.706976 -970.018738
v 1446.093506 -0.706976 -969.992004
v 1443.660156 -0.706970 -1015.668945
v 1444.865601 -0.706976 -970.018738
v 1443.688965 -0.706971 -1014.623840
v 1443.660156 -0.706970 -1015.668945
v 1444.604980 -0.706970 -1014.914368
v 1443.688965 -0.706971 -1014.623840
v 1444.122925 -0.706971 -1014.514038
v 1444.604980 -0.706970 -1014.914368
v 1443.601685 -0.706971 -1014.157898
v 1443.143921 -0.706971 -1013.898315
v 1442.672607 -0.706971 -1013.675964
v 1441.874268 -0.706971 -1013.354980
v 1440.876099 -0.706971 -1013.056702
v 1439.686890 -0.706971 -1012.820740
v 1438.475708 -0.706971 -1012.688110
v 1437.089233 -0.706971 -1012.666626
v 1435.546265 -0.706971 -1012.786438
v 1434.027100 -0.706971 -1013.048584
v 1432.550537 -0.706971 -1013.441223
v 1431.430176 -0.706971 -1013.833252
v 1430.201538 -0.706971 -1014.363159
v 1429.026001 -0.706970 -1014.987061
v 1427.917358 -0.706970 -1015.710022
v 1426.888794 -0.706970 -1016.523438
v 1425.952759 -0.706970 -1017.419006
v 1425.217407 -0.706970 -1018.265503
v 1424.739014 -0.706970 -1018.910828
v 1424.233276 -0.706970 -1019.710632
v 1423.737305 -0.706970 -1020.662292
v 1423.329834 -0.706970 -1021.664062
v 1423.068481 -0.706969 -1022.557861
v 1422.926514 -0.706969 -1023.320496
v 1422.869873 -0.706969 -1023.943237
v 1422.870850 -0.706969 -1024.566895
v 1422.935547 -0.706969 -1025.191284
v 1423.068604 -0.706969 -1025.806396
v 1423.219849 -0.706969 -1026.270630
v 1423.413574 -0.706969 -1026.722046
v 1423.654663 -0.706969 -1027.166138
v 1423.945801 -0.706969 -1027.592163
v 1424.375610 -0.706969 -1028.099731
v 1424.860107 -0.706969 -1028.558960
v 1425.391357 -0.706969 -1028.969727
v 1426.099243 -0.706969 -1029.410767
v 1426.859497 -0.706968 -1029.785400
v 1427.813965 -0.706968 -1030.147827
v 1428.965820 -0.706968 -1030.462036
v 1429.976807 -0.706968 -1030.648193
v 1430.988770 -0.706968 -1030.762451
v 1432.358154 -0.706968 -1030.810913
v 1433.895630 -0.706968 -1030.721680
v 1435.415283 -0.706968 -1030.487549
v 1436.896240 -0.706968 -1030.116699
v 1438.021973 -0.706968 -1029.735229
v 1439.257446 -0.706969 -1029.208130
v 1440.711426 -0.706969 -1028.423950
v 1441.942749 -0.706969 -1027.601807
v 1442.961182 -0.706969 -1026.780640
v 1443.890015 -0.706969 -1025.880249
v 1444.619385 -0.706969 -1025.029297
v 1445.004272 -0.706969 -1024.508301
v 1445.358887 -0.706969 -1023.968018
v 1445.852661 -0.706969 -1023.073425
v 1446.201538 -0.706969 -1022.275757
v 1446.451782 -0.706970 -1021.529236
v 1446.602783 -0.706970 -1020.912903
v 1446.701660 -0.706970 -1020.301697
v 1446.744263 -0.706970 -1019.926941
v 1446.754150 -0.706970 -1019.502869
v 1446.720947 -0.706970 -1019.021606
v 1446.678345 -0.706970 -1018.721008
v 1446.640503 -0.706970 -1018.523499
v 1447.643188 -0.706975 -981.382202
v 1446.640503 -0.706970 -1018.523499
v 1495.043579 -0.706976 -970.715576
v 1447.643188 -0.706975 -981.382202
v 1494.120972 -0.706972 -1005.587830
v 1495.043579 -0.706976 -970.715576
v 1494.146851 -0.706972 -1004.541870
v 1494.120972 -0.706972 -1005.587830
v 1495.066528 -0.706972 -1004.832764
v 1494.146851 -0.706972 -1004.541870
v 1494.585083 -0.706972 -1004.433838
v 1495.066528 -0.706972 -1004.832764
v 1494.063599 -0.706972 -1004.076965
v 1493.604736 -0.706972 -1003.815735
v 1493.131714 -0.706972 -1003.591492
v 1492.336548 -0.706972 -1003.270569
v 1491.421143 -0.706972 -1002.992859
v 1490.322754 -0.706972 -1002.764648
v 1489.628418 -0.706972 -1002.670166
v 1488.929932 -0.706972 -1002.609009
v 1487.551392 -0.706972 -1002.583740
v 1486.007202 -0.706972 -1002.702087
v 1484.485962 -0.706972 -1002.964478
v 1482.851807 -0.706972 -1003.407349
v 1481.737793 -0.706972 -1003.807922
v 1480.662964 -0.706972 -1004.274963
v 1479.486938 -0.706972 -1004.901978
v 1478.378052 -0.706972 -1005.626343
v 1477.349609 -0.706972 -1006.439941
v 1476.414185 -0.706971 -1007.334961
v 1475.679688 -0.706971 -1008.180664
v 1475.202026 -0.706971 -1008.825317
v 1474.696655 -0.706971 -1009.626099
v 1474.139038 -0.706971 -1010.714111
v 1473.792969 -0.706971 -1011.582642
v 1473.532349 -0.706971 -1012.473999
v 1473.390503 -0.706971 -1013.236633
v 1473.333984 -0.706971 -1013.859375
v 1473.335449 -0.706971 -1014.483154
v 1473.400513 -0.706970 -1015.107849
v 1473.534180 -0.706970 -1015.723633
v 1473.685669 -0.706970 -1016.188477
v 1473.879639 -0.706970 -1016.640930
v 1474.120972 -0.706970 -1017.086243
v 1474.410645 -0.706970 -1017.511780
v 1474.839478 -0.706970 -1018.019165
v 1475.323486 -0.706970 -1018.477905
v 1475.854614 -0.706970 -1018.888062
v 1476.562744 -0.706970 -1019.328125
v 1477.323364 -0.706970 -1019.701843
v 1478.278320 -0.706970 -1020.063293
v 1479.430420 -0.706970 -1020.376770
v 1480.441162 -0.706970 -1020.562805
v 1481.452515 -0.706970 -1020.677490
v 1482.822510 -0.706970 -1020.726013
v 1484.360474 -0.706970 -1020.636536
v 1485.879883 -0.706970 -1020.402283
v 1487.359985 -0.706970 -1020.032349
v 1488.484375 -0.706970 -1019.652893
v 1489.719238 -0.706970 -1019.129150
v 1491.172363 -0.706970 -1018.341980
v 1492.405151 -0.706970 -1017.517883
v 1493.542603 -0.706970 -1016.590637
v 1494.462036 -0.706970 -1015.679077
v 1495.185181 -0.706970 -1014.814148
v 1495.818237 -0.706971 -1013.892456
v 1496.315430 -0.706971 -1012.991028
v 1496.664917 -0.706971 -1012.193665
v 1496.915405 -0.706971 -1011.445923
v 1497.065796 -0.706971 -1010.826904
v 1497.163086 -0.706971 -1010.211121
v 1497.206909 -0.706971 -1009.801514
v 1497.212646 -0.706971 -1009.343750
v 1497.173340 -0.706971 -1008.856689
v 1497.102295 -0.706971 -1008.443420
v 1497.825806 -0.923749 -969.751465
v 1496.777222 -0.923744 -1008.466736
v 1497.918579 -0.923749 -969.728516
v 1497.825806 -0.923749 -969.751465
v 1498.217041 -0.923751 -958.593994
v 1497.918579 -0.923749 -969.728516
v 1446.133057 -0.923749 -970.315674
v 1498.217041 -0.923751 -958.593994
v 1445.181763 -0.923749 -970.336365
v 1446.133057 -0.923749 -970.315674
v 1443.986328 -0.923743 -1015.605835
v 1445.181763 -0.923749 -970.336365
v 1444.053833 -0.923743 -1015.160339
v 1443.986328 -0.923743 -1015.605835
v 1444.386353 -0.923743 -1015.154419
v 1444.053833 -0.923743 -1015.160339
v 1443.927246 -0.923743 -1014.773315
v 1444.386353 -0.923743 -1015.154419
v 1443.429932 -0.923743 -1014.433411
v 1442.994507 -0.923743 -1014.186523
v 1442.542725 -0.923743 -1013.973450
v 1441.766968 -0.923743 -1013.661560
v 1440.797974 -0.923743 -1013.371948
v 1439.637573 -0.923743 -1013.141724
v 1438.455444 -0.923744 -1013.012268
v 1437.099365 -0.923744 -1012.991211
v 1435.586426 -0.923743 -1013.108765
v 1434.096558 -0.923743 -1013.365784
v 1432.645874 -0.923743 -1013.751587
v 1431.548096 -0.923743 -1014.135681
v 1430.342041 -0.923743 -1014.655823
v 1429.191040 -0.923743 -1015.266785
v 1428.106934 -0.923743 -1015.973694
v 1427.102051 -0.923743 -1016.768372
v 1426.187866 -0.923743 -1017.643066
v 1425.470581 -0.923743 -1018.468811
v 1425.006836 -0.923743 -1019.094360
v 1424.514771 -0.923743 -1019.872620
v 1424.032104 -0.923742 -1020.798645
v 1423.636597 -0.923742 -1021.770996
v 1423.384521 -0.923742 -1022.633240
v 1423.248169 -0.923742 -1023.364990
v 1423.194214 -0.923742 -1023.957703
v 1423.195312 -0.923742 -1024.549805
v 1423.256348 -0.923742 -1025.140015
v 1423.382202 -0.923742 -1025.721680
v 1423.523804 -0.923742 -1026.156128
v 1423.705811 -0.923742 -1026.580444
v 1423.931885 -0.923742 -1026.996826
v 1424.204224 -0.923742 -1027.395264
v 1424.611694 -0.923742 -1027.876587
v 1425.071411 -0.923741 -1028.312256
v 1425.576782 -0.923741 -1028.703003
v 1426.257202 -0.923741 -1029.126831
v 1426.989136 -0.923741 -1029.487549
v 1427.914429 -0.923741 -1029.838989
v 1429.037964 -0.923741 -1030.145386
v 1430.024414 -0.923741 -1030.327026
v 1431.012695 -0.923741 -1030.438599
v 1432.354492 -0.923741 -1030.486084
v 1433.861450 -0.923741 -1030.398682
v 1435.351074 -0.923741 -1030.169189
v 1436.804688 -0.923741 -1029.805176
v 1437.906128 -0.923741 -1029.431885
v 1439.116455 -0.923741 -1028.915527
v 1440.543945 -0.923741 -1028.145630
v 1441.750488 -0.923742 -1027.340088
v 1442.745972 -0.923742 -1026.537354
v 1443.653442 -0.923742 -1025.657715
v 1444.365479 -0.923742 -1024.827026
v 1444.737915 -0.923742 -1024.322754
v 1445.080811 -0.923742 -1023.800354
v 1445.561401 -0.923742 -1022.929749
v 1445.898560 -0.923742 -1022.158997
v 1446.139893 -0.923742 -1021.438965
v 1446.284546 -0.923742 -1020.848267
v 1446.380249 -0.923743 -1020.257446
v 1446.420288 -0.923743 -1019.904846
v 1446.429443 -0.923743 -1019.510254
v 1446.398071 -0.923743 -1019.055542
v 1446.358276 -0.923743 -1018.774292
v 1446.315308 -0.923743 -1018.549988
v 1447.325684 -0.923748 -981.121094
v 1446.315308 -0.923743 -1018.549988
v 1495.378906 -0.923749 -970.307556
v 1447.325684 -0.923748 -981.121094
v 1494.447144 -0.923744 -1005.524292
v 1495.378906 -0.923749 -970.307556
v 1494.513184 -0.923745 -1005.077393
v 1494.447144 -0.923744 -1005.524292
v 1494.848145 -0.923745 -1005.073181
v 1494.513184 -0.923745 -1005.077393
v 1494.389648 -0.923745 -1004.693176
v 1494.848145 -0.923745 -1005.073181
v 1493.891357 -0.923745 -1004.352234
v 1493.454834 -0.923745 -1004.103699
v 1493.001465 -0.923745 -1003.888794
v 1492.228516 -0.923745 -1003.576843
v 1491.340820 -0.923745 -1003.307556
v 1490.267822 -0.923745 -1003.084595
v 1489.592407 -0.923745 -1002.992676
v 1488.912842 -0.923745 -1002.933167
v 1487.560913 -0.923745 -1002.908386
v 1486.047241 -0.923745 -1003.024414
v 1484.556152 -0.923745 -1003.281616
v 1482.949341 -0.923745 -1003.717041
v 1481.857544 -0.923745 -1004.109619
v 1480.804199 -0.923745 -1004.567322
v 1479.652344 -0.923745 -1005.181458
v 1478.567871 -0.923744 -1005.889893
v 1477.562866 -0.923744 -1006.684937
v 1476.649292 -0.923744 -1007.559021
v 1475.932861 -0.923744 -1008.383911
v 1475.469971 -0.923744 -1009.008728
v 1474.978760 -0.923744 -1009.786926
v 1474.434814 -0.923744 -1010.848450
v 1474.100098 -0.923744 -1011.688477
v 1473.848389 -0.923744 -1012.549377
v 1473.712158 -0.923743 -1013.281006
v 1473.658447 -0.923743 -1013.873657
v 1473.659790 -0.923743 -1014.465942
v 1473.721436 -0.923743 -1015.056458
v 1473.847656 -0.923743 -1015.638733
v 1473.989624 -0.923743 -1016.074036
v 1474.171997 -0.923743 -1016.499451
v 1474.398315 -0.923743 -1016.917236
v 1474.669312 -0.923743 -1017.315247
v 1475.075562 -0.923743 -1017.796021
v 1475.534790 -0.923743 -1018.231140
v 1476.039917 -0.923743 -1018.621216
v 1476.720337 -0.923743 -1019.044067
v 1477.452637 -0.923743 -1019.403870
v 1478.378540 -0.923743 -1019.754395
v 1479.502441 -0.923743 -1020.060181
v 1480.488892 -0.923743 -1020.241699
v 1481.476562 -0.923743 -1020.353760
v 1482.818848 -0.923743 -1020.401306
v 1484.326172 -0.923743 -1020.313538
v 1485.815674 -0.923743 -1020.083923
v 1487.268555 -0.923743 -1019.720764
v 1488.369019 -0.923743 -1019.349426
v 1489.578369 -0.923743 -1018.836487
v 1491.004639 -0.923743 -1018.063904
v 1492.212036 -0.923743 -1017.256714
v 1493.325439 -0.923743 -1016.349182
v 1494.222900 -0.923743 -1015.459351
v 1494.926392 -0.923743 -1014.617859
v 1495.541870 -0.923743 -1013.721863
v 1496.024292 -0.923744 -1012.847290
v 1496.361938 -0.923744 -1012.076782
v 1496.603394 -0.923744 -1011.355896
v 1496.747437 -0.923744 -1010.763184
v 1496.841431 -0.923744 -1010.168518
v 1496.882690 -0.923744 -1009.782227
v 1496.888062 -0.923744 -1009.354797
v 1496.851074 -0.923744 -1008.897278
v 1496.777222 -0.923744 -1008.466736
v 1497.451172 -0.999870 -969.449829
v 1496.393555 -0.999865 -1008.494202
v 1497.543945 -0.999870 -969.426941
v 1497.451172 -0.999870 -969.449829
v 1497.821289 -0.999871 -959.075317
v 1497.543945 -0.999870 -969.426941
v 1446.179688 -0.999870 -970.697449
v 1497.821289 -0.999871 -959.075317
v 1445.554688 -0.999870 -970.710999
v 1446.179688 -0.999870 -970.697449
v 1444.371094 -0.999864 -1015.531433
v 1445.554688 -0.999870 -970.710999
v 1444.053833 -0.923743 -1015.160339
v 1444.484375 -0.999864 -1015.793152
v 1444.371094 -0.999864 -1015.531433
v 1443.986328 -0.923743 -1015.605835
v 1444.386353 -0.923743 -1015.154419
v 1444.128418 -0.999864 -1015.437683
v 1444.484375 -0.999864 -1015.793152
v 1444.053833 -0.923743 -1015.160339
v 1443.696655 -0.999864 -1015.079224
v 1444.128418 -0.999864 -1015.437683
v 1443.227173 -0.999864 -1014.758423
v 1442.818237 -0.999864 -1014.526489
v 1442.389648 -0.999864 -1014.324341
v 1441.640625 -0.999864 -1014.023193
v 1440.705688 -0.999864 -1013.743774
v 1439.579346 -0.999864 -1013.520325
v 1438.431641 -0.999864 -1013.394592
v 1437.111206 -0.999864 -1013.374146
v 1435.633911 -0.999864 -1013.488892
v 1434.178467 -0.999864 -1013.739990
v 1432.758423 -0.999864 -1014.117615
v 1431.687256 -0.999864 -1014.492432
v 1430.507812 -0.999864 -1015.001099
v 1429.385620 -0.999864 -1015.596741
v 1428.330566 -0.999864 -1016.284668
v 1427.353516 -0.999863 -1017.057373
v 1426.465210 -0.999863 -1017.907349
v 1425.769165 -0.999863 -1018.708618
v 1425.322632 -0.999863 -1019.310852
v 1424.846680 -0.999863 -1020.063599
v 1424.379761 -0.999863 -1020.959534
v 1423.998413 -0.999863 -1021.897095
v 1423.757202 -0.999863 -1022.722168
v 1423.627686 -0.999863 -1023.417480
v 1423.577026 -0.999863 -1023.974731
v 1423.577881 -0.999862 -1024.529785
v 1423.634888 -0.999862 -1025.079712
v 1423.752197 -0.999862 -1025.621704
v 1423.882202 -0.999862 -1026.021118
v 1424.050537 -0.999862 -1026.413330
v 1424.258789 -0.999862 -1026.796997
v 1424.509033 -0.999862 -1027.163086
v 1424.890137 -0.999862 -1027.613281
v 1425.320801 -0.999862 -1028.021240
v 1425.795532 -0.999862 -1028.388428
v 1426.443359 -0.999862 -1028.791992
v 1427.141968 -0.999862 -1029.136230
v 1428.033081 -0.999862 -1029.474609
v 1429.123169 -0.999862 -1029.771973
v 1430.080688 -0.999862 -1029.948242
v 1431.041016 -0.999862 -1030.056763
v 1432.350098 -0.999862 -1030.103027
v 1433.821167 -0.999862 -1030.017700
v 1435.275269 -0.999862 -1029.793701
v 1436.696655 -0.999862 -1029.437744
v 1437.769409 -0.999862 -1029.074219
v 1438.950195 -0.999862 -1028.570435
v 1440.346436 -0.999862 -1027.817383
v 1441.523682 -0.999862 -1027.031372
v 1442.492188 -0.999862 -1026.250488
v 1443.374390 -0.999862 -1025.395264
v 1444.065918 -0.999862 -1024.588501
v 1444.423828 -0.999862 -1024.104004
v 1444.752930 -0.999863 -1023.602600
v 1445.217896 -0.999863 -1022.760254
v 1445.541138 -0.999863 -1022.021240
v 1445.771973 -0.999863 -1021.332458
v 1445.909302 -0.999863 -1020.772095
v 1446.000977 -0.999863 -1020.205200
v 1446.038086 -0.999863 -1019.878723
v 1446.046509 -0.999863 -1019.519043
v 1446.017212 -0.999863 -1019.095642
v 1445.980713 -0.999863 -1018.837158
v 1445.931641 -0.999863 -1018.581238
v 1446.951172 -0.999868 -980.813110
v 1445.931641 -0.999863 -1018.581238
v 1495.774414 -0.999870 -969.826294
v 1446.951172 -0.999868 -980.813110
v 1494.832031 -0.999865 -1005.449341
v 1495.774414 -0.999870 -969.826294
v 1494.513184 -0.923745 -1005.077393
v 1494.945312 -0.999865 -1005.709106
v 1494.832031 -0.999865 -1005.449341
v 1494.447144 -0.923744 -1005.524292
v 1494.848145 -0.923745 -1005.073181
v 1494.590698 -0.999865 -1005.356873
v 1494.945312 -0.999865 -1005.709106
v 1494.513184 -0.923745 -1005.077393
v 1494.158936 -0.999865 -1004.999084
v 1494.590698 -0.999865 -1005.356873
v 1493.688354 -0.999865 -1004.677002
v 1493.277954 -0.999865 -1004.443359
v 1492.847656 -0.999865 -1004.239441
v 1492.101074 -0.999865 -1003.938110
v 1491.246216 -0.999865 -1003.678711
v 1490.203003 -0.999865 -1003.461975
v 1489.549927 -0.999865 -1003.373108
v 1488.892578 -0.999865 -1003.315552
v 1487.572021 -0.999865 -1003.291321
v 1486.094482 -0.999865 -1003.404602
v 1484.638916 -0.999865 -1003.655640
v 1483.064209 -0.999865 -1004.082336
v 1481.998657 -0.999865 -1004.465576
v 1480.970703 -0.999865 -1004.912231
v 1479.847290 -0.999865 -1005.511169
v 1478.791626 -0.999865 -1006.200745
v 1477.814453 -0.999865 -1006.973877
v 1476.926636 -0.999865 -1007.823364
v 1476.231445 -0.999865 -1008.623596
v 1475.785889 -0.999865 -1009.225037
v 1475.311523 -0.999864 -1009.976746
v 1474.783569 -0.999864 -1011.006897
v 1474.462280 -0.999864 -1011.813293
v 1474.221069 -0.999864 -1012.638306
v 1474.091675 -0.999864 -1013.333435
v 1474.041260 -0.999864 -1013.890503
v 1474.042480 -0.999864 -1014.445618
v 1474.099854 -0.999864 -1014.995911
v 1474.217529 -0.999864 -1015.538635
v 1474.348145 -0.999864 -1015.939087
v 1474.516846 -0.999864 -1016.332581
v 1474.725586 -0.999864 -1016.717896
v 1474.974487 -0.999863 -1017.083435
v 1475.354248 -0.999863 -1017.532837
v 1475.783936 -0.999863 -1017.940063
v 1476.258423 -0.999863 -1018.306458
v 1476.906128 -0.999863 -1018.708984
v 1477.605103 -0.999863 -1019.052368
v 1478.496826 -0.999863 -1019.389954
v 1479.587524 -0.999863 -1019.686707
v 1480.545166 -0.999863 -1019.862976
v 1481.504883 -0.999863 -1019.971802
v 1482.814453 -0.999863 -1020.018188
v 1484.285889 -0.999863 -1019.932556
v 1485.739990 -0.999863 -1019.708374
v 1487.160889 -0.999863 -1019.353271
v 1488.232910 -0.999863 -1018.991455
v 1489.412109 -0.999863 -1018.491333
v 1490.806763 -0.999863 -1017.735840
v 1491.984253 -0.999864 -1016.948669
v 1493.069214 -0.999864 -1016.064270
v 1493.940796 -0.999864 -1015.200134
v 1494.621216 -0.999864 -1014.386292
v 1495.215820 -0.999864 -1013.520630
v 1495.680786 -0.999864 -1012.677734
v 1496.004517 -0.999864 -1011.938965
v 1496.235352 -0.999864 -1011.249756
v 1496.371826 -0.999864 -1010.687988
v 1496.461914 -0.999864 -1010.118347
v 1496.500244 -0.999864 -1009.759460
v 1496.505127 -0.999865 -1009.367798
v 1496.471069 -0.999865 -1008.945129
v 1496.393555 -0.999865 -1008.494202
v 1496.393555 6.000136 -1008.494202
v 1497.451172 6.000131 -969.449829
v 1498.430176 5.000131 -970.238037
v 1497.395874 5.000136 -1008.422424
v 1497.451172 6.000131 -969.449829
v 1497.543945 6.000131 -969.426941
v 1498.523193 5.000131 -970.215088
v 1498.430176 5.000131 -970.238037
v 1497.543945 6.000131 -969.426941
v 1497.821289 6.000130 -959.075317
v 1498.855347 5.000129 -957.817566
v 1498.523193 5.000131 -970.215088
v 1497.821289 6.000130 -959.075317
v 1446.179688 6.000132 -970.697449
v 1446.057861 5.000131 -969.699829
v 1498.855347 5.000129 -957.817566
v 1446.179688 6.000132 -970.697449
v 1445.554688 6.000132 -970.710999
v 1444.580200 5.000131 -969.731995
v 1446.057861 5.000131 -969.699829
v 1445.554688 6.000132 -970.710999
v 1444.371094 6.000137 -1015.531433
v 1443.365601 5.000137 -1015.725952
v 1444.580200 5.000131 -969.731995
v 1444.371094 6.000137 -1015.531433
v 1444.484375 6.000137 -1015.793152
v 1443.359375 5.000137 -1014.139526
v 1443.365601 5.000137 -1015.725952
v 1444.484375 6.000137 -1015.793152
v 1444.128418 6.000137 -1015.437683
v 1444.802490 5.000137 -1014.697571
v 1443.359375 5.000137 -1014.139526
v 1444.128418 6.000137 -1015.437683
v 1443.696655 6.000137 -1015.079224
v 1444.299438 5.000137 -1014.279968
v 1444.802490 5.000137 -1014.697571
v 1443.227173 6.000137 -1014.758423
v 1443.756836 5.000137 -1013.909180
v 1442.818237 6.000137 -1014.526489
v 1443.278809 5.000137 -1013.638123
v 1442.389648 6.000137 -1014.324341
v 1442.789795 5.000137 -1013.407410
v 1441.640625 6.000137 -1014.023193
v 1441.970947 5.000136 -1013.078186
v 1440.705688 6.000137 -1013.743774
v 1440.946655 5.000136 -1012.772095
v 1439.579346 6.000137 -1013.520325
v 1439.731445 5.000136 -1012.531006
v 1438.431641 6.000137 -1013.394592
v 1438.493896 5.000136 -1012.395447
v 1437.111206 6.000137 -1013.374146
v 1437.080200 5.000136 -1012.373535
v 1435.633911 6.000137 -1013.488892
v 1435.509888 5.000136 -1012.495483
v 1434.178467 6.000137 -1013.739990
v 1433.964478 5.000136 -1012.762146
v 1432.758423 6.000137 -1014.117615
v 1432.464355 5.000136 -1013.161072
v 1431.687256 6.000137 -1014.492432
v 1431.323730 5.000137 -1013.560181
v 1430.507812 6.000137 -1015.001099
v 1430.074707 5.000137 -1014.098877
v 1429.385620 6.000137 -1015.596741
v 1428.877075 5.000137 -1014.734558
v 1428.330566 6.000137 -1016.284668
v 1427.746094 5.000137 -1015.471985
v 1427.353516 6.000138 -1017.057373
v 1426.696289 5.000137 -1016.302246
v 1426.465210 6.000138 -1017.907349
v 1425.740479 5.000137 -1017.216736
v 1425.769165 6.000138 -1018.708618
v 1424.988892 5.000137 -1018.081970
v 1425.322632 6.000138 -1019.310852
v 1424.497192 5.000137 -1018.745117
v 1424.846680 6.000138 -1020.063599
v 1423.979248 5.000137 -1019.564453
v 1424.379761 6.000138 -1020.959534
v 1423.471191 5.000138 -1020.539124
v 1423.998413 6.000138 -1021.897095
v 1423.052856 5.000138 -1021.567566
v 1423.757202 6.000138 -1022.722168
v 1422.783325 5.000138 -1022.489746
v 1423.627686 6.000138 -1023.417480
v 1422.636108 5.000138 -1023.280334
v 1423.577026 6.000139 -1023.974731
v 1422.576904 5.000138 -1023.930176
v 1423.577881 6.000139 -1024.529785
v 1422.578003 5.000138 -1024.582275
v 1423.634888 6.000139 -1025.079712
v 1422.645874 5.000138 -1025.237427
v 1423.752197 6.000139 -1025.621704
v 1422.785522 5.000138 -1025.882935
v 1423.882202 6.000139 -1026.021118
v 1422.945435 5.000138 -1026.373901
v 1424.050537 6.000139 -1026.413330
v 1423.149658 5.000138 -1026.849976
v 1424.258789 6.000139 -1026.796997
v 1423.404419 5.000138 -1027.319092
v 1424.509033 6.000139 -1027.163086
v 1423.712524 5.000139 -1027.769897
v 1424.890137 6.000139 -1027.613281
v 1424.162476 5.000139 -1028.301270
v 1425.320801 6.000139 -1028.021240
v 1424.669312 5.000139 -1028.781616
v 1425.795532 6.000139 -1028.388428
v 1425.223877 5.000139 -1029.210449
v 1426.443359 6.000139 -1028.791992
v 1425.956787 5.000139 -1029.666992
v 1427.141968 6.000139 -1029.136230
v 1426.742554 5.000139 -1030.054199
v 1428.033081 6.000139 -1029.474609
v 1427.723267 5.000139 -1030.426636
v 1429.123169 6.000139 -1029.771973
v 1428.900635 5.000139 -1030.747803
v 1430.080688 6.000139 -1029.948242
v 1429.933838 5.000139 -1030.938110
v 1431.041016 6.000139 -1030.056763
v 1430.967163 5.000139 -1031.054688
v 1432.350098 6.000139 -1030.103027
v 1432.361450 5.000139 -1031.104004
v 1433.821167 6.000139 -1030.017700
v 1433.926514 5.000139 -1031.013306
v 1435.275269 6.000139 -1029.793701
v 1435.473267 5.000139 -1030.774902
v 1436.696655 6.000139 -1029.437744
v 1436.979004 5.000139 -1030.397949
v 1437.769409 6.000139 -1029.074219
v 1438.126709 5.000139 -1030.009033
v 1438.950195 6.000139 -1028.570435
v 1439.384644 5.000139 -1029.472290
v 1440.346436 6.000139 -1027.817383
v 1440.862549 5.000139 -1028.675171
v 1441.523682 6.000139 -1027.031372
v 1442.116333 5.000139 -1027.838135
v 1442.492188 6.000139 -1026.250488
v 1443.155396 5.000138 -1027.000244
v 1443.374390 6.000139 -1025.395264
v 1444.103638 5.000138 -1026.081177
v 1444.065918 6.000139 -1024.588501
v 1444.848755 5.000138 -1025.211792
v 1444.423828 6.000139 -1024.104004
v 1445.244629 5.000138 -1024.675781
v 1444.752930 6.000138 -1023.602600
v 1445.609863 5.000138 -1024.119385
v 1445.217896 6.000138 -1022.760254
v 1446.115601 5.000138 -1023.203186
v 1445.541138 6.000138 -1022.021240
v 1446.475220 5.000138 -1022.381226
v 1445.771973 6.000138 -1021.332458
v 1446.733398 5.000138 -1021.610779
v 1445.909302 6.000138 -1020.772095
v 1446.890015 5.000138 -1020.971252
v 1446.000977 6.000138 -1020.205200
v 1446.991943 5.000138 -1020.341675
v 1446.038086 6.000138 -1019.878723
v 1447.036865 5.000137 -1019.946960
v 1446.046509 6.000138 -1019.519043
v 1447.047241 5.000137 -1019.496155
v 1446.017212 6.000138 -1019.095642
v 1447.012451 5.000137 -1018.990967
v 1445.980713 6.000138 -1018.837158
v 1446.967407 5.000137 -1018.672852
v 1445.931641 6.000138 -1018.581238
v 1446.934204 5.000137 -1018.499634
v 1445.931641 6.000138 -1018.581238
v 1446.951172 6.000133 -980.813110
v 1447.929810 5.000133 -981.617920
v 1446.934204 5.000137 -1018.499634
v 1446.951172 6.000133 -980.813110
v 1495.774414 6.000131 -969.826294
v 1494.740723 5.000131 -971.083923
v 1447.929810 5.000133 -981.617920
v 1495.774414 6.000131 -969.826294
v 1494.832031 6.000136 -1005.449341
v 1493.826416 5.000135 -1005.645203
v 1494.740723 5.000131 -971.083923
v 1494.832031 6.000136 -1005.449341
v 1494.945312 6.000136 -1005.709106
v 1493.816162 5.000135 -1004.058350
v 1493.826416 5.000135 -1005.645203
v 1494.945312 6.000136 -1005.709106
v 1494.590698 6.000136 -1005.356873
v 1495.263550 5.000135 -1004.615662
v 1493.816162 5.000135 -1004.058350
v 1494.590698 6.000136 -1005.356873
v 1494.158936 6.000136 -1004.999084
v 1494.761597 5.000135 -1004.199768
v 1495.263550 5.000135 -1004.615662
v 1493.688354 6.000136 -1004.677002
v 1494.218994 5.000135 -1003.828369
v 1493.277954 6.000136 -1004.443359
v 1493.740112 5.000135 -1003.555786
v 1492.847656 6.000136 -1004.239441
v 1493.249390 5.000135 -1003.323181
v 1492.101074 6.000136 -1003.938110
v 1492.434082 5.000135 -1002.994080
v 1491.246216 6.000136 -1003.678711
v 1491.493530 5.000135 -1002.708740
v 1490.203003 6.000136 -1003.461975
v 1490.372314 5.000135 -1002.475769
v 1489.549927 6.000136 -1003.373108
v 1489.661011 5.000135 -1002.379028
v 1488.892578 6.000136 -1003.315552
v 1488.945435 5.000135 -1002.316345
v 1487.572021 6.000136 -1003.291321
v 1487.542847 5.000135 -1002.290649
v 1486.094482 6.000136 -1003.404602
v 1485.970947 5.000135 -1002.411133
v 1484.638916 6.000136 -1003.655640
v 1484.422607 5.000135 -1002.678162
v 1483.064209 6.000136 -1004.082336
v 1482.763794 5.000135 -1003.127747
v 1481.998657 6.000136 -1004.465576
v 1481.629761 5.000135 -1003.535522
v 1480.970703 6.000136 -1004.912231
v 1480.535522 5.000135 -1004.010986
v 1479.847290 6.000136 -1005.511169
v 1479.337646 5.000135 -1004.649658
v 1478.791626 6.000136 -1006.200745
v 1478.206787 5.000135 -1005.388367
v 1477.814453 6.000136 -1006.973877
v 1477.157104 5.000136 -1006.218811
v 1476.926636 6.000136 -1007.823364
v 1476.201904 5.000136 -1007.132690
v 1476.231445 6.000136 -1008.623596
v 1475.451050 5.000136 -1007.997192
v 1475.785889 6.000136 -1009.225037
v 1474.960205 5.000136 -1008.659729
v 1475.311523 6.000137 -1009.976746
v 1474.442017 5.000136 -1009.480835
v 1474.783569 6.000137 -1011.006897
v 1473.872070 5.000136 -1010.592834
v 1474.462280 6.000137 -1011.813293
v 1473.515747 5.000136 -1011.487122
v 1474.221069 6.000137 -1012.638306
v 1473.247070 5.000136 -1012.405945
v 1474.091675 6.000137 -1013.333435
v 1473.099976 5.000136 -1013.196533
v 1474.041260 6.000137 -1013.890503
v 1473.041138 5.000137 -1013.846436
v 1474.042480 6.000137 -1014.445618
v 1473.042603 5.000137 -1014.498718
v 1474.099854 6.000137 -1014.995911
v 1473.110962 5.000137 -1015.154175
v 1474.217529 6.000137 -1015.538635
v 1473.251099 5.000137 -1015.800293
v 1474.348145 6.000137 -1015.939087
v 1473.411255 5.000137 -1016.291809
v 1474.516846 6.000137 -1016.332581
v 1473.615845 5.000137 -1016.768677
v 1474.725586 6.000137 -1016.717896
v 1473.870483 5.000137 -1017.238831
v 1474.974487 6.000138 -1017.083435
v 1474.177124 5.000137 -1017.689209
v 1475.354248 6.000138 -1017.532837
v 1474.626221 5.000137 -1018.220581
v 1475.783936 6.000138 -1017.940063
v 1475.132812 5.000137 -1018.700684
v 1476.258423 6.000138 -1018.306458
v 1475.687378 5.000137 -1019.128967
v 1476.906128 6.000138 -1018.708984
v 1476.420532 5.000137 -1019.584595
v 1477.605103 6.000138 -1019.052368
v 1477.206665 5.000137 -1019.970825
v 1478.496826 6.000138 -1019.389954
v 1478.187744 5.000138 -1020.342224
v 1479.587524 6.000138 -1019.686707
v 1479.365356 5.000138 -1020.662598
v 1480.545166 6.000138 -1019.862976
v 1480.398071 5.000138 -1020.852722
v 1481.504883 6.000138 -1019.971802
v 1481.430786 5.000138 -1020.969849
v 1482.814453 6.000138 -1020.018188
v 1482.825806 5.000138 -1021.019226
v 1484.285889 6.000138 -1019.932556
v 1484.391357 5.000138 -1020.928101
v 1485.739990 6.000138 -1019.708374
v 1485.937744 5.000138 -1020.689697
v 1487.160889 6.000138 -1019.353271
v 1487.442383 5.000137 -1020.313660
v 1488.232910 6.000138 -1018.991455
v 1488.588501 5.000137 -1019.926880
v 1489.412109 6.000138 -1018.491333
v 1489.846436 5.000137 -1019.393311
v 1490.806763 6.000138 -1017.735840
v 1491.323853 5.000137 -1018.593018
v 1491.984253 6.000138 -1016.948669
v 1492.579468 5.000137 -1017.753662
v 1493.069214 6.000137 -1016.064270
v 1493.738647 5.000137 -1016.808655
v 1493.940796 6.000137 -1015.200134
v 1494.677979 5.000137 -1015.877380
v 1494.621216 6.000137 -1014.386292
v 1495.418701 5.000137 -1014.991394
v 1495.215820 6.000137 -1013.520630
v 1496.067749 5.000137 -1014.046448
v 1495.680786 6.000137 -1012.677734
v 1496.578369 5.000136 -1013.120850
v 1496.004517 6.000137 -1011.938965
v 1496.938477 5.000136 -1012.299133
v 1496.235352 6.000137 -1011.249756
v 1497.197021 5.000136 -1011.527161
v 1496.371826 6.000137 -1010.687988
v 1497.353271 5.000136 -1010.884460
v 1496.461914 6.000137 -1010.118347
v 1497.453613 5.000136 -1010.249512
v 1496.500244 6.000137 -1009.759460
v 1497.499512 5.000136 -1009.818909
v 1496.505127 6.000136 -1009.367798
v 1497.505615 5.000136 -1009.333801
v 1496.471069 6.000136 -1008.945129
v 1497.464233 5.000136 -1008.820068
v 1496.393555 6.000136 -1008.494202
v 1497.395874 5.000136 -1008.422424
v 1409.956055 -0.999872 -951.671997
v 1408.181152 -0.999872 -951.671509
v 1408.184082 -0.999866 -999.424927
v 1407.809937 -0.999866 -999.064575
v 1407.350464 -0.999866 -998.698975
v 1406.850952 -0.999866 -998.372620
v 1406.317505 -0.999866 -998.088257
v 1405.699219 -0.999866 -997.827209
v 1404.873413 -0.999866 -997.547974
v 1403.848145 -0.999866 -997.302551
v 1402.619507 -0.999866 -997.128479
v 1401.373535 -0.999866 -997.061646
v 1399.948486 -0.999866 -997.114685
v 1398.362427 -0.999866 -997.324036
v 1396.808105 -0.999866 -997.679993
v 1395.135376 -0.999866 -998.232422
v 1394.008423 -0.999866 -998.708679
v 1392.925293 -0.999866 -999.252136
v 1391.748901 -0.999866 -999.961182
v 1390.650879 -0.999866 -1000.765381
v 1389.642456 -0.999866 -1001.656189
v 1388.734741 -0.999865 -1002.624939
v 1388.031982 -0.999865 -1003.529785
v 1387.586548 -0.999865 -1004.205383
v 1387.118652 -0.999865 -1005.045044
v 1386.665405 -0.999865 -1006.040100
v 1386.307861 -0.999865 -1007.073792
v 1386.095581 -0.999865 -1007.977356
v 1385.996460 -0.999865 -1008.734375
v 1385.974487 -0.999865 -1009.338074
v 1386.008057 -0.999864 -1009.936523
v 1386.101807 -0.999864 -1010.526611
v 1386.260010 -0.999864 -1011.104980
v 1386.423706 -0.999864 -1011.529114
v 1386.628174 -0.999864 -1011.943542
v 1386.875000 -0.999864 -1012.346802
v 1387.165894 -0.999864 -1012.726135
v 1387.602905 -0.999864 -1013.188354
v 1388.090820 -0.999864 -1013.602356
v 1388.624268 -0.999864 -1013.969849
v 1389.346436 -0.999864 -1014.366394
v 1390.120117 -0.999864 -1014.696167
v 1391.100952 -0.999864 -1015.008423
v 1392.294067 -0.999864 -1015.264893
v 1393.337036 -0.999864 -1015.398682
v 1394.378906 -0.999864 -1015.459106
v 1395.792847 -0.999864 -1015.432800
v 1397.374634 -0.999864 -1015.254089
v 1398.930420 -0.999864 -1014.926636
v 1400.443115 -0.999864 -1014.459961
v 1401.578979 -0.999864 -1014.006775
v 1402.822266 -0.999864 -1013.398499
v 1404.283569 -0.999864 -1012.502991
v 1405.507324 -0.999864 -1011.585632
v 1406.506470 -0.999864 -1010.686218
v 1407.408081 -0.999864 -1009.712036
v 1408.106445 -0.999865 -1008.801270
v 1408.463867 -0.999865 -1008.257507
v 1408.789062 -0.999865 -1007.697449
v 1409.241821 -0.999865 -1006.763489
v 1409.548096 -0.999865 -1005.948547
v 1409.757935 -0.999865 -1005.192261
v 1409.874268 -0.999865 -1004.579224
v 1409.941406 -0.999865 -1003.960999
v 1409.944214 -0.999865 -1003.734375
v 1409.936035 -0.999865 -1003.506897
v 1409.959473 -0.999865 -1003.560608
v 1409.958008 -0.999871 -963.855103
v 1410.499390 -0.999870 -964.783691
v 1411.136719 -0.999870 -965.573975
v 1411.860229 -0.999870 -966.244568
v 1412.660645 -0.999870 -966.814087
v 1413.528320 -0.999870 -967.301086
v 1414.935303 -0.999870 -967.917419
v 1421.753174 -0.999870 -970.455078
v 1423.312378 -0.999870 -971.362854
v 1424.313354 -0.999870 -972.104858
v 1425.272339 -0.999869 -972.977966
v 1426.179932 -0.999869 -974.000793
v 1427.026611 -0.999869 -975.191833
v 1427.802856 -0.999869 -976.569702
v 1428.499146 -0.999869 -978.153015
v 1429.372925 -0.999868 -980.953796
v 1430.013550 -0.999868 -984.321228
v 1430.388672 -0.999867 -988.317993
v 1430.480713 -0.999869 -977.243530
v 1430.016113 -0.999870 -972.050781
v 1429.415527 -0.999870 -969.110413
v 1428.902954 -0.999870 -967.539978
v 1428.305542 -0.999870 -966.241333
v 1427.627563 -0.999870 -965.179932
v 1426.873169 -0.999871 -964.321472
v 1426.046631 -0.999871 -963.631531
v 1425.152100 -0.999871 -963.075623
v 1424.193970 -0.999871 -962.619446
v 1421.547119 -0.999871 -961.689087
v 1418.594238 -0.999871 -960.628967
v 1416.703003 -0.999871 -959.706848
v 1414.739380 -0.999871 -958.428284
v 1413.397217 -0.999871 -957.320557
v 1412.033447 -0.999872 -955.968323
v 1409.956543 -0.999872 -953.406433
v 1412.033447 6.000129 -955.968323
v 1413.397217 6.000130 -957.320557
v 1414.739380 6.000130 -958.428284
v 1416.703003 6.000130 -959.706848
v 1418.594238 6.000130 -960.628967
v 1421.547119 6.000130 -961.689087
v 1424.193970 6.000130 -962.619446
v 1425.152100 6.000130 -963.075623
v 1426.046631 6.000131 -963.631531
v 1426.873169 6.000131 -964.321472
v 1427.627563 6.000131 -965.179932
v 1428.305542 6.000131 -966.241333
v 1428.902954 6.000131 -967.539978
v 1429.415527 6.000131 -969.110413
v 1430.016113 6.000132 -972.050781
v 1430.480713 6.000132 -977.243530
v 1430.388672 6.000134 -988.317993
v 1430.013550 6.000133 -984.321228
v 1429.372925 6.000133 -980.953796
v 1428.499146 6.000133 -978.153015
v 1427.802856 6.000132 -976.569702
v 1427.026611 6.000132 -975.191833
v 1426.179932 6.000132 -974.000793
v 1425.272339 6.000132 -972.977966
v 1424.313354 6.000132 -972.104858
v 1423.312378 6.000132 -971.362854
v 1421.753174 6.000131 -970.455078
v 1414.935303 6.000131 -967.917419
v 1413.528320 6.000131 -967.301086
v 1412.660645 6.000131 -966.814087
v 1411.860229 6.000131 -966.244568
v 1411.136719 6.000131 -965.573975
v 1410.499390 6.000131 -964.783691
v 1409.958008 6.000131 -963.855103
v 1409.959473 6.000136 -1003.560608
v 1409.936035 6.000136 -1003.506897
v 1409.944214 6.000136 -1003.734375
v 1409.941406 6.000136 -1003.960999
v 1409.874268 6.000136 -1004.579224
v 1409.757935 6.000136 -1005.192261
v 1409.548096 6.000136 -1005.948547
v 1409.241821 6.000136 -1006.763489
v 1408.789062 6.000136 -1007.697449
v 1408.463867 6.000136 -1008.257507
v 1408.106445 6.000136 -1008.801270
v 1407.408081 6.000137 -1009.712036
v 1406.506470 6.000137 -1010.686218
v 1405.507324 6.000137 -1011.585632
v 1404.283569 6.000137 -1012.502991
v 1402.822266 6.000137 -1013.398499
v 1401.578979 6.000137 -1014.006775
v 1400.443115 6.000137 -1014.459961
v 1398.930420 6.000137 -1014.926636
v 1397.374634 6.000137 -1015.254089
v 1395.792847 6.000137 -1015.432800
v 1394.378906 6.000137 -1015.459106
v 1393.337036 6.000137 -1015.398682
v 1392.294067 6.000137 -1015.264893
v 1391.100952 6.000137 -1015.008423
v 1390.120117 6.000137 -1014.696167
v 1389.346436 6.000137 -1014.366394
v 1388.624268 6.000137 -1013.969849
v 1388.090820 6.000137 -1013.602356
v 1387.602905 6.000137 -1013.188354
v 1387.165894 6.000137 -1012.726135
v 1386.875000 6.000137 -1012.346802
v 1386.628174 6.000137 -1011.943542
v 1386.423706 6.000137 -1011.529114
v 1386.260010 6.000137 -1011.104980
v 1386.101807 6.000137 -1010.526611
v 1386.008057 6.000137 -1009.936523
v 1385.974487 6.000136 -1009.338074
v 1385.996460 6.000136 -1008.734375
v 1386.095581 6.000136 -1007.977356
v 1386.307861 6.000136 -1007.073792
v 1386.665405 6.000136 -1006.040100
v 1387.118652 6.000136 -1005.045044
v 1387.586548 6.000136 -1004.205383
v 1388.031982 6.000136 -1003.529785
v 1388.734741 6.000136 -1002.624939
v 1389.642456 6.000135 -1001.656189
v 1390.650879 6.000135 -1000.765381
v 1391.748901 6.000135 -999.961182
v 1392.925293 6.000135 -999.252136
v 1394.008423 6.000135 -998.708679
v 1395.135376 6.000135 -998.232422
v 1396.808105 6.000135 -997.679993
v 1398.362427 6.000135 -997.324036
v 1399.948486 6.000135 -997.114685
v 1401.373535 6.000135 -997.061646
v 1402.619507 6.000135 -997.128479
v 1403.848145 6.000135 -997.302551
v 1404.873413 6.000135 -997.547974
v 1405.699219 6.000135 -997.827209
v 1406.317505 6.000135 -998.088257
v 1406.850952 6.000135 -998.372620
v 1407.350464 6.000135 -998.698975
v 1407.809937 6.000135 -999.064575
v 1408.184082 6.000135 -999.424927
v 1408.181152 6.000129 -951.671509
v 1409.956055 6.000129 -951.671997
v 1409.956543 6.000129 -953.406433
v 1362.141602 -0.999871 -963.567993
v 1362.000488 -0.999864 -1010.041138
v 1361.633423 -0.999864 -1009.689697
v 1361.181396 -0.999865 -1009.332581
v 1360.689331 -0.999865 -1009.013123
v 1360.163574 -0.999865 -1008.734009
v 1359.553711 -0.999865 -1008.476746
v 1358.651367 -0.999865 -1008.180237
v 1357.632446 -0.999865 -1007.944946
v 1356.502197 -0.999865 -1007.785645
v 1355.271484 -0.999865 -1007.714905
v 1353.861206 -0.999865 -1007.764648
v 1352.291016 -0.999865 -1007.964966
v 1350.751831 -0.999865 -1008.306946
v 1349.095093 -0.999865 -1008.838989
v 1347.978760 -0.999865 -1009.298462
v 1346.905762 -0.999864 -1009.823303
v 1345.738037 -0.999864 -1010.512390
v 1344.648438 -0.999864 -1011.293518
v 1343.648071 -0.999864 -1012.158142
v 1342.747925 -0.999864 -1013.098022
v 1342.051392 -0.999864 -1013.975586
v 1341.610107 -0.999864 -1014.630554
v 1341.146973 -0.999864 -1015.444397
v 1340.692871 -0.999864 -1016.411621
v 1340.378784 -0.999863 -1017.271484
v 1340.149780 -0.999863 -1018.148560
v 1340.034424 -0.999863 -1018.884949
v 1339.997681 -0.999863 -1019.473206
v 1340.015015 -0.999863 -1020.057251
v 1340.090698 -0.999863 -1020.633911
v 1340.229248 -0.999863 -1021.200134
v 1340.376831 -0.999863 -1021.615967
v 1340.564087 -0.999863 -1022.022827
v 1340.711792 -0.999863 -1022.288391
v 1340.878418 -0.999863 -1022.548950
v 1341.165161 -0.999863 -1022.919312
v 1341.596313 -0.999863 -1023.370911
v 1342.078125 -0.999863 -1023.775696
v 1342.605225 -0.999862 -1024.135254
v 1343.319092 -0.999862 -1024.523682
v 1344.084106 -0.999862 -1024.847168
v 1345.054443 -0.999862 -1025.154297
v 1346.234985 -0.999862 -1025.407715
v 1347.267090 -0.999862 -1025.541382
v 1348.298340 -0.999862 -1025.603638
v 1349.696411 -0.999862 -1025.581787
v 1351.261230 -0.999862 -1025.412476
v 1352.801025 -0.999862 -1025.098511
v 1354.298584 -0.999862 -1024.648315
v 1355.423096 -0.999862 -1024.209717
v 1356.653809 -0.999863 -1023.619202
v 1358.104126 -0.999863 -1022.754089
v 1359.319092 -0.999863 -1021.866516
v 1360.311279 -0.999863 -1020.995361
v 1361.206787 -0.999863 -1020.050659
v 1361.900879 -0.999863 -1019.166626
v 1362.256226 -0.999863 -1018.638367
v 1362.579590 -0.999863 -1018.093933
v 1363.028198 -0.999863 -1017.185303
v 1363.333740 -0.999864 -1016.392700
v 1363.544434 -0.999864 -1015.657166
v 1363.662231 -0.999864 -1015.060791
v 1363.730957 -0.999864 -1014.459106
v 1363.731934 -0.999864 -1014.239136
v 1363.724121 -0.999864 -1014.017700
v 1363.748535 -0.999864 -1014.070435
v 1363.899902 -0.999871 -963.575317
v 1363.748535 6.000137 -1014.070435
v 1363.724121 6.000137 -1014.017700
v 1363.731934 6.000137 -1014.239136
v 1363.730957 6.000137 -1014.459106
v 1363.662231 6.000137 -1015.060791
v 1363.544434 6.000137 -1015.657166
v 1363.333740 6.000137 -1016.392700
v 1363.028198 6.000138 -1017.185303
v 1362.579590 6.000138 -1018.093933
v 1362.256226 6.000138 -1018.638367
v 1361.900879 6.000138 -1019.166626
v 1361.206787 6.000138 -1020.050659
v 1360.311279 6.000138 -1020.995361
v 1359.319092 6.000138 -1021.866516
v 1358.104126 6.000138 -1022.754089
v 1356.653809 6.000138 -1023.619202
v 1355.423096 6.000139 -1024.209717
v 1354.298584 6.000139 -1024.648315
v 1352.801025 6.000139 -1025.098511
v 1351.261230 6.000139 -1025.412476
v 1349.696411 6.000139 -1025.581787
v 1348.298340 6.000139 -1025.603638
v 1347.267090 6.000139 -1025.541382
v 1346.234985 6.000139 -1025.407715
v 1345.054443 6.000139 -1025.154297
v 1344.084106 6.000139 -1024.847168
v 1343.319092 6.000139 -1024.523682
v 1342.605225 6.000139 -1024.135254
v 1342.078125 6.000138 -1023.775696
v 1341.596313 6.000138 -1023.370911
v 1341.165161 6.000138 -1022.919312
v 1340.878418 6.000138 -1022.548950
v 1340.711792 6.000138 -1022.288391
v 1340.564087 6.000138 -1022.022827
v 1340.376831 6.000138 -1021.615967
v 1340.229248 6.000138 -1021.200134
v 1340.090698 6.000138 -1020.633911
v 1340.015015 6.000138 -1020.057251
v 1339.997681 6.000138 -1019.473206
v 1340.034424 6.000138 -1018.884949
v 1340.149780 6.000138 -1018.148560
v 1340.378784 6.000138 -1017.271484
v 1340.692871 6.000137 -1016.411621
v 1341.146973 6.000137 -1015.444397
v 1341.610107 6.000137 -1014.630554
v 1342.051392 6.000137 -1013.975586
v 1342.747925 6.000137 -1013.098022
v 1343.648071 6.000137 -1012.158142
v 1344.648438 6.000137 -1011.293518
v 1345.738037 6.000137 -1010.512390
v 1346.905762 6.000137 -1009.823303
v 1347.978760 6.000136 -1009.298462
v 1349.095093 6.000136 -1008.838989
v 1350.751831 6.000136 -1008.306946
v 1352.291016 6.000136 -1007.964966
v 1353.861206 6.000136 -1007.764648
v 1355.271484 6.000136 -1007.714905
v 1356.502197 6.000136 -1007.785645
v 1357.632446 6.000136 -1007.944946
v 1358.651367 6.000136 -1008.180237
v 1359.553711 6.000136 -1008.476746
v 1360.163574 6.000136 -1008.734009
v 1360.689331 6.000136 -1009.013123
v 1361.181396 6.000136 -1009.332581
v 1361.633423 6.000137 -1009.689697
v 1362.000488 6.000137 -1010.041138
v 1362.141602 6.000131 -963.567993
v 1363.899902 6.000131 -963.575317
v 1497.451172 -0.999870 -969.449829
v 1497.543945 -0.999870 -969.426941
v 1497.821289 -0.999871 -959.075317
v 1446.179688 -0.999870 -970.697449
v 1445.554688 -0.999870 -970.710999
v 1444.371094 -0.999864 -1015.531433
v 1444.484375 -0.999864 -1015.793152
v 1444.128418 -0.999864 -1015.437683
v 1443.696655 -0.999864 -1015.079224
v 1443.227173 -0.999864 -1014.758423
v 1442.818237 -0.999864 -1014.526489
v 1442.389648 -0.999864 -1014.324341
v 1441.640625 -0.999864 -1014.023193
v 1440.705688 -0.999864 -1013.743774
v 1439.579346 -0.999864 -1013.520325
v 1438.431641 -0.999864 -1013.394592
v 1437.111206 -0.999864 -1013.374146
v 1435.633911 -0.999864 -1013.488892
v 1434.178467 -0.999864 -1013.739990
v 1432.758423 -0.999864 -1014.117615
v 1431.687256 -0.999864 -1014.492432
v 1430.507812 -0.999864 -1015.001099
v 1429.385620 -0.999864 -1015.596741
v 1428.330566 -0.999864 -1016.284668
v 1427.353516 -0.999863 -1017.057373
v 1426.465210 -0.999863 -1017.907349
v 1425.769165 -0.999863 -1018.708618
v 1425.322632 -0.999863 -1019.310852
v 1424.846680 -0.999863 -1020.063599
v 1424.379761 -0.999863 -1020.959534
v 1423.998413 -0.999863 -1021.897095
v 1423.757202 -0.999863 -1022.722168
v 1423.627686 -0.999863 -1023.417480
v 1423.577026 -0.999863 -1023.974731
v 1423.577881 -0.999862 -1024.529785
v 1423.634888 -0.999862 -1025.079712
v 1423.752197 -0.999862 -1025.621704
v 1423.882202 -0.999862 -1026.021118
v 1424.050537 -0.999862 -1026.413330
v 1424.258789 -0.999862 -1026.796997
v 1424.509033 -0.999862 -1027.163086
v 1424.890137 -0.999862 -1027.613281
v 1425.320801 -0.999862 -1028.021240
v 1425.795532 -0.999862 -1028.388428
v 1426.443359 -0.999862 -1028.791992
v 1427.141968 -0.999862 -1029.136230
v 1428.033081 -0.999862 -1029.474609
v 1429.123169 -0.999862 -1029.771973
v 1430.080688 -0.999862 -1029.948242
v 1431.041016 -0.999862 -1030.056763
v 1432.350098 -0.999862 -1030.103027
v 1433.821167 -0.999862 -1030.017700
v 1435.275269 -0.999862 -1029.793701
v 1436.696655 -0.999862 -1029.437744
v 1437.769409 -0.999862 -1029.074219
v 1438.950195 -0.999862 -1028.570435
v 1440.346436 -0.999862 -1027.817383
v 1441.523682 -0.999862 -1027.031372
v 1442.492188 -0.999862 -1026.250488
v 1443.374390 -0.999862 -1025.395264
v 1444.065918 -0.999862 -1024.588501
v 1444.423828 -0.999862 -1024.104004
v 1444.752930 -0.999863 -1023.602600
v 1445.217896 -0.999863 -1022.760254
v 1445.541138 -0.999863 -1022.021240
v 1445.771973 -0.999863 -1021.332458
v 1445.909302 -0.999863 -1020.772095
v 1446.000977 -0.999863 -1020.205200
v 1446.038086 -0.999863 -1019.878723
v 1446.046509 -0.999863 -1019.519043
v 1446.017212 -0.999863 -1019.095642
v 1445.980713 -0.999863 -1018.837158
v 1445.931641 -0.999863 -1018.581238
v 1446.951172 -0.999868 -980.813110
v 1495.774414 -0.999870 -969.826294
v 1494.832031 -0.999865 -1005.449341
v 1494.945312 -0.999865 -1005.709106
v 1494.590698 -0.999865 -1005.356873
v 1494.158936 -0.999865 -1004.999084
v 1493.688354 -0.999865 -1004.677002
v 1493.277954 -0.999865 -1004.443359
v 1492.847656 -0.999865 -1004.239441
v 1492.101074 -0.999865 -1003.938110
v 1491.246216 -0.999865 -1003.678711
v 1490.203003 -0.999865 -1003.461975
v 1489.549927 -0.999865 -1003.373108
v 1488.892578 -0.999865 -1003.315552
v 1487.572021 -0.999865 -1003.291321
v 1486.094482 -0.999865 -1003.404602
v 1484.638916 -0.999865 -1003.655640
v 1483.064209 -0.999865 -1004.082336
v 1481.998657 -0.999865 -1004.465576
v 1480.970703 -0.999865 -1004.912231
v 1479.847290 -0.999865 -1005.511169
v 1478.791626 -0.999865 -1006.200745
v 1477.814453 -0.999865 -1006.973877
v 1476.926636 -0.999865 -1007.823364
v 1476.231445 -0.999865 -1008.623596
v 1475.785889 -0.999865 -1009.225037
v 1475.311523 -0.999864 -1009.976746
v 1474.783569 -0.999864 -1011.006897
v 1474.462280 -0.999864 -1011.813293
v 1474.221069 -0.999864 -1012.638306
v 1474.091675 -0.999864 -1013.333435
v 1474.041260 -0.999864 -1013.890503
v 1474.042480 -0.999864 -1014.445618
v 1474.099854 -0.999864 -1014.995911
v 1474.217529 -0.999864 -1015.538635
v 1474.348145 -0.999864 -1015.939087
v 1474.516846 -0.999864 -1016.332581
v 1474.725586 -0.999864 -1016.717896
v 1474.974487 -0.999863 -1017.083435
v 1475.354248 -0.999863 -1017.532837
v 1475.783936 -0.999863 -1017.940063
v 1476.258423 -0.999863 -1018.306458
v 1476.906128 -0.999863 -1018.708984
v 1477.605103 -0.999863 -1019.052368
v 1478.496826 -0.999863 -1019.389954
v 1479.587524 -0.999863 -1019.686707
v 1480.545166 -0.999863 -1019.862976
v 1481.504883 -0.999863 -1019.971802
v 1482.814453 -0.999863 -1020.018188
v 1484.285889 -0.999863 -1019.932556
v 1485.739990 -0.999863 -1019.708374
v 1487.160889 -0.999863 -1019.353271
v 1488.232910 -0.999863 -1018.991455
v 1489.412109 -0.999863 -1018.491333
v 1490.806763 -0.999863 -1017.735840
v 1491.984253 -0.999864 -1016.948669
v 1493.069214 -0.999864 -1016.064270
v 1493.940796 -0.999864 -1015.200134
v 1494.621216 -0.999864 -1014.386292
v 1495.215820 -0.999864 -1013.520630
v 1495.680786 -0.999864 -1012.677734
v 1496.004517 -0.999864 -1011.938965
v 1496.235352 -0.999864 -1011.249756
v 1496.371826 -0.999864 -1010.687988
v 1496.461914 -0.999864 -1010.118347
v 1496.500244 -0.999864 -1009.759460
v 1496.505127 -0.999865 -1009.367798
v 1496.471069 -0.999865 -1008.945129
v 1496.393555 -0.999865 -1008.494202
v 1496.471069 6.000136 -1008.945129
v 1496.505127 6.000136 -1009.367798
v 1496.500244 6.000137 -1009.759460
v 1496.461914 6.000137 -1010.118347
v 1496.371826 6.000137 -1010.687988
v 1496.235352 6.000137 -1011.249756
v 1496.004517 6.000137 -1011.938965
v 1495.680786 6.000137 -1012.677734
v 1495.215820 6.000137 -1013.520630
v 1494.621216 6.000137 -1014.386292
v 1493.940796 6.000137 -1015.200134
v 1493.069214 6.000137 -1016.064270
v 1491.984253 6.000138 -1016.948669
v 1490.806763 6.000138 -1017.735840
v 1489.412109 6.000138 -1018.491333
v 1488.232910 6.000138 -1018.991455
v 1487.160889 6.000138 -1019.353271
v 1485.739990 6.000138 -1019.708374
v 1484.285889 6.000138 -1019.932556
v 1482.814453 6.000138 -1020.018188
v 1481.504883 6.000138 -1019.971802
v 1480.545166 6.000138 -1019.862976
v 1479.587524 6.000138 -1019.686707
v 1478.496826 6.000138 -1019.389954
v 1477.605103 6.000138 -1019.052368
v 1476.906128 6.000138 -1018.708984
v 1476.258423 6.000138 -1018.306458
v 1475.783936 6.000138 -1017.940063
v 1475.354248 6.000138 -1017.532837
v 1474.974487 6.000138 -1017.083435
v 1474.725586 6.000137 -1016.717896
v 1474.516846 6.000137 -1016.332581
v 1474.348145 6.000137 -1015.939087
v 1474.217529 6.000137 -1015.538635
v 1474.099854 6.000137 -1014.995911
v 1474.042480 6.000137 -1014.445618
v 1474.041260 6.000137 -1013.890503
v 1474.091675 6.000137 -1013.333435
v 1474.221069 6.000137 -1012.638306
v 1474.462280 6.000137 -1011.813293
v 1474.783569 6.000137 -1011.006897
v 1475.311523 6.000137 -1009.976746
v 1475.785889 6.000136 -1009.225037
v 1476.231445 6.000136 -1008.623596
v 1476.926636 6.000136 -1007.823364
v 1477.814453 6.000136 -1006.973877
v 1478.791626 6.000136 -1006.200745
v 1479.847290 6.000136 -1005.511169
v 1480.970703 6.000136 -1004.912231
v 1481.998657 6.000136 -1004.465576
v 1483.064209 6.000136 -1004.082336
v 1484.638916 6.000136 -1003.655640
v 1486.094482 6.000136 -1003.404602
v 1487.572021 6.000136 -1003.291321
v 1488.892578 6.000136 -1003.315552
v 1489.549927 6.000136 -1003.373108
v 1490.203003 6.000136 -1003.461975
v 1491.246216 6.000136 -1003.678711
v 1492.101074 6.000136 -1003.938110
v 1492.847656 6.000136 -1004.239441
v 1493.277954 6.000136 -1004.443359
v 1493.688354 6.000136 -1004.677002
v 1494.158936 6.000136 -1004.999084
v 1494.590698 6.000136 -1005.356873
v 1494.945312 6.000136 -1005.709106
v 1494.832031 6.000136 -1005.449341
v 1495.774414 6.000131 -969.826294
v 1446.951172 6.000133 -980.813110
v 1445.931641 6.000138 -1018.581238
v 1445.980713 6.000138 -1018.837158
v 1446.017212 6.000138 -1019.095642
v 1446.046509 6.000138 -1019.519043
v 1446.038086 6.000138 -1019.878723
v 1446.000977 6.000138 -1020.205200
v 1445.909302 6.000138 -1020.772095
v 1445.771973 6.000138 -1021.332458
v 1445.541138 6.000138 -1022.021240
v 1445.217896 6.000138 -1022.760254
v 1444.752930 6.000138 -1023.602600
v 1444.423828 6.000139 -1024.104004
v 1444.065918 6.000139 -1024.588501
v 1443.374390 6.000139 -1025.395264
v 1442.492188 6.000139 -1026.250488
v 1441.523682 6.000139 -1027.031372
v 1440.346436 6.000139 -1027.817383
v 1438.950195 6.000139 -1028.570435
v 1437.769409 6.000139 -1029.074219
v 1436.696655 6.000139 -1029.437744
v 1435.275269 6.000139 -1029.793701
v 1433.821167 6.000139 -1030.017700
v 1432.350098 6.000139 -1030.103027
v 1431.041016 6.000139 -1030.056763
v 1430.080688 6.000139 -1029.948242
v 1429.123169 6.000139 -1029.771973
v 1428.033081 6.000139 -1029.474609
v 1427.141968 6.000139 -1029.136230
v 1426.443359 6.000139 -1028.791992
v 1425.795532 6.000139 -1028.388428
v 1425.320801 6.000139 -1028.021240
v 1424.890137 6.000139 -1027.613281
v 1424.509033 6.000139 -1027.163086
v 1424.258789 6.000139 -1026.796997
v 1424.050537 6.000139 -1026.413330
v 1423.882202 6.000139 -1026.021118
v 1423.752197 6.000139 -1025.621704
v 1423.634888 6.000139 -1025.079712
v 1423.577881 6.000139 -1024.529785
v 1423.577026 6.000139 -1023.974731
v 1423.627686 6.000138 -1023.417480
v 1423.757202 6.000138 -1022.722168
v 1423.998413 6.000138 -1021.897095
v 1424.379761 6.000138 -1020.959534
v 1424.846680 6.000138 -1020.063599
v 1425.322632 6.000138 -1019.310852
v 1425.769165 6.000138 -1018.708618
v 1426.465210 6.000138 -1017.907349
v 1427.353516 6.000138 -1017.057373
v 1428.330566 6.000137 -1016.284668
v 1429.385620 6.000137 -1015.596741
v 1430.507812 6.000137 -1015.001099
v 1431.687256 6.000137 -1014.492432
v 1432.758423 6.000137 -1014.117615
v 1434.178467 6.000137 -1013.739990
v 1435.633911 6.000137 -1013.488892
v 1437.111206 6.000137 -1013.374146
v 1438.431641 6.000137 -1013.394592
v 1439.579346 6.000137 -1013.520325
v 1440.705688 6.000137 -1013.743774
v 1441.640625 6.000137 -1014.023193
v 1442.389648 6.000137 -1014.324341
v 1442.818237 6.000137 -1014.526489
v 1443.227173 6.000137 -1014.758423
v 1443.696655 6.000137 -1015.079224
v 1444.128418 6.000137 -1015.437683
v 1444.484375 6.000137 -1015.793152
v 1444.371094 6.000137 -1015.531433
v 1445.554688 6.000132 -970.710999
v 1446.179688 6.000132 -970.697449
v 1497.821289 6.000130 -959.075317
v 1497.543945 6.000131 -969.426941
v 1497.451172 6.000131 -969.449829
v 1496.393555 6.000136 -1008.494202
vn 1.0000 -0.0000 0.0003
vn 0.0003 -0.0000 1.0000
vn -1.0000 -0.0000 -0.0047
vn -0.5627 -0.0000 -0.8267
vn -0.5626 -0.0000 -0.8267
vn 0.6227 -0.0000 0.7825
vn 0.5855 -0.0000 0.8107
vn 0.5854 -0.0000 0.8107
vn 0.6225 -0.0000 0.7826
vn 0.5092 -0.0000 0.8606
vn 0.4302 -0.0000 0.9027
vn 0.4301 -0.0000 0.9028
vn 0.3549 -0.0000 0.9349
vn 0.3548 -0.0000 0.9350
vn 0.2768 -0.0000 0.9609
vn 0.2769 -0.0000 0.9609
vn 0.1866 -0.0000 0.9824
vn 0.1868 -0.0000 0.9824
vn 0.0970 -0.0000 0.9953
vn 0.0971 -0.0000 0.9953
vn 0.0082 -0.0000 1.0000
vn -0.0841 -0.0000 0.9965
vn -0.1773 -0.0000 0.9842
vn -0.1772 -0.0000 0.9842
vn -0.2687 -0.0000 0.9632
vn -0.3518 -0.0000 0.9361
vn -0.3517 -0.0000 0.9361
vn -0.4191 -0.0000 0.9079
vn -0.4827 -0.0000 0.8758
vn -0.5541 -0.0000 0.8325
vn -0.6271 -0.0000 0.7789
vn -0.6967 -0.0000 0.7174
vn -0.7606 -0.0000 0.6493
vn -0.8130 -0.0000 0.5823
vn -0.8548 -0.0000 0.5189
vn -0.8925 -0.0000 0.4510
vn -0.9286 -0.0000 0.3711
vn -0.9605 -0.0000 0.2782
vn -0.9838 -0.0000 0.1794
vn -0.9838 -0.0000 0.1795
vn -0.9965 -0.0000 0.0831
vn -1.0000 -0.0000 -0.0098
vn -1.0000 -0.0000 -0.0099
vn -0.9943 -0.0000 -0.1066
vn -0.9776 -0.0000 -0.2106
vn -0.9500 -0.0000 -0.3124
vn -0.9500 -0.0000 -0.3123
vn -0.9158 -0.0000 -0.4017
vn -0.9158 -0.0000 -0.4016
vn -0.8758 -0.0000 -0.4827
vn -0.8758 -0.0000 -0.4828
vn -0.8244 -0.0000 -0.5660
vn -0.8243 -0.0000 -0.5661
vn -0.7611 -0.0000 -0.6486
vn -0.6879 -0.0000 -0.7258
vn -0.6878 -0.0000 -0.7259
vn -0.6079 -0.0000 -0.7940
vn -0.6078 -0.0000 -0.7941
vn -0.5249 -0.0000 -0.8511
vn -0.5250 -0.0000 -0.8511
vn -0.4373 -0.0000 -0.8993
vn -0.3482 -0.0000 -0.9374
vn -0.3481 -0.0000 -0.9375
vn -0.2571 -0.0000 -0.9664
vn -0.2570 -0.0000 -0.9664
vn -0.1689 -0.0000 -0.9856
vn -0.1688 -0.0000 -0.9856
vn -0.0927 -0.0000 -0.9957
vn -0.0926 -0.0000 -0.9957
vn -0.0198 -0.0000 -0.9998
vn -0.0196 -0.0000 -0.9998
vn 0.0654 -0.0000 -0.9979
vn 0.0655 -0.0000 -0.9978
vn 0.1593 -0.0000 -0.9872
vn 0.2507 -0.0000 -0.9681
vn 0.3330 -0.0000 -0.9429
vn 0.3329 -0.0000 -0.9430
vn 0.4053 -0.0000 -0.9142
vn 0.4816 -0.0000 -0.8764
vn 0.4815 -0.0000 -0.8764
vn 0.5618 -0.0000 -0.8273
vn 0.6351 -0.0000 -0.7725
vn 0.7022 -0.0000 -0.7119
vn 0.7646 -0.0000 -0.6446
vn 0.8151 -0.0000 -0.5794
vn 0.8150 -0.0000 -0.5794
vn 0.8505 -0.0000 -0.5259
vn 0.8505 -0.0000 -0.5260
vn 0.8830 -0.0000 -0.4694
vn 0.8829 -0.0000 -0.4695
vn 0.9189 -0.0000 -0.3944
vn 0.9189 -0.0000 -0.3945
vn 0.9508 -0.0000 -0.3098
vn 0.9739 -0.0000 -0.2271
vn 0.9891 -0.0000 -0.1473
vn 0.9891 -0.0000 -0.1474
vn 0.9982 -0.0000 -0.0603
vn 0.9999 -0.0000 -0.0127
vn -0.9510 -0.0000 0.3090
vn -0.9823 -0.0000 0.1871
vn -0.9823 -0.0000 0.1874
vn 1.0000 -0.0000 -0.0028
vn 0.4735 -0.0000 0.8808
vn 0.4733 -0.0000 0.8809
vn -0.7784 -0.0000 -0.6277
vn -0.7310 -0.0000 -0.6824
vn -0.7785 -0.0000 -0.6277
vn -0.6311 -0.0000 -0.7757
vn -0.5353 -0.0000 -0.8446
vn -0.5354 -0.0000 -0.8446
vn -0.4459 -0.0000 -0.8951
vn -0.3752 -0.0000 -0.9270
vn -0.4276 -0.0000 -0.9040
vn -0.5502 -0.0000 -0.8350
vn -0.5501 -0.0000 -0.8351
vn -0.6352 -0.0000 -0.7724
vn -0.6351 -0.0000 -0.7724
vn -0.7116 -0.0000 -0.7026
vn -0.7826 -0.0000 -0.6225
vn -0.8443 -0.0000 -0.5359
vn -0.8944 -0.0000 -0.4472
vn -0.9365 -0.0000 -0.3507
vn -0.9701 -0.0000 -0.2428
vn -0.9769 -0.0000 -0.2139
vn -0.9706 -0.0000 -0.2407
vn 0.9971 -0.0000 -0.0766
vn 1.0000 -0.0000 0.0063
vn 0.9895 -0.0000 0.1449
vn 0.9668 -0.0000 0.2556
vn 0.9311 -0.0000 0.3647
vn 0.8777 -0.0000 0.4792
vn 0.7993 -0.0000 0.6010
vn 0.6981 -0.0000 0.7160
vn 0.5857 -0.0000 0.8105
vn 0.5858 -0.0000 0.8105
vn 0.4796 -0.0000 0.8775
vn 0.3813 -0.0000 0.9245
vn 0.3348 -0.0000 0.9423
vn 0.3886 -0.0000 0.9214
vn 0.4929 -0.0000 0.8701
vn 0.5920 -0.0000 0.8059
vn 0.6710 -0.0000 0.7414
vn 0.6710 -0.0000 0.7415
vn 0.7416 -0.0000 0.6709
vn 0.7415 -0.0000 0.6709
vn 0.7768 -0.0000 0.6297
vn 0.9808 -0.1951 0.0002
vn 0.9239 -0.3826 0.0002
vn 0.9808 -0.1950 0.0002
vn 0.0003 -0.1950 0.9808
vn 0.0003 -0.3827 0.9239
vn 0.0003 -0.3826 0.9239
vn 0.0002 -0.1951 0.9808
vn -0.9849 -0.1733 -0.0044
vn -0.9382 -0.3461 -0.0039
vn -0.9382 -0.3460 -0.0039
vn -0.5486 0.2029 -0.8111
vn -0.5079 0.3996 -0.7631
vn 0.5742 -0.1953 0.7951
vn 0.5408 -0.3830 0.7489
vn 0.5753 -0.3826 0.7230
vn 0.6107 -0.1949 0.7675
vn 0.4995 -0.1952 0.8441
vn 0.4704 -0.3830 0.7950
vn 0.4218 -0.1953 0.8854
vn 0.3973 -0.3830 0.8339
vn 0.3480 -0.1952 0.9169
vn 0.3278 -0.3829 0.8636
vn 0.2715 -0.1952 0.9424
vn 0.2558 -0.3829 0.8877
vn 0.1832 -0.1953 0.9635
vn 0.1725 -0.3831 0.9075
vn 0.0952 -0.1952 0.9761
vn 0.0896 -0.3830 0.9194
vn 0.0080 -0.1953 0.9807
vn 0.0076 -0.3831 0.9237
vn -0.0825 -0.1953 0.9773
vn -0.0777 -0.3830 0.9205
vn -0.1738 -0.1953 0.9652
vn -0.1637 -0.3830 0.9091
vn -0.2635 -0.1955 0.9446
vn -0.2482 -0.3830 0.8898
vn -0.3450 -0.1953 0.9181
vn -0.3249 -0.3829 0.8647
vn -0.4110 -0.1953 0.8905
vn -0.3872 -0.3828 0.8388
vn -0.4734 -0.1954 0.8589
vn -0.4459 -0.3830 0.8090
vn -0.5435 -0.1952 0.8164
vn -0.5118 -0.3831 0.7690
vn -0.6150 -0.1950 0.7640
vn -0.5793 -0.3830 0.7195
vn -0.6833 -0.1954 0.7035
vn -0.6435 -0.3831 0.6626
vn -0.7459 -0.1954 0.6367
vn -0.7026 -0.3831 0.5997
vn -0.7973 -0.1951 0.5712
vn -0.7510 -0.3829 0.5380
vn -0.8383 -0.1952 0.5090
vn -0.7897 -0.3829 0.4794
vn -0.8754 -0.1952 0.4423
vn -0.8245 -0.3828 0.4167
vn -0.9108 -0.1948 0.3641
vn -0.8578 -0.3829 0.3429
vn -0.9420 -0.1954 0.2728
vn -0.8873 -0.3830 0.2570
vn -0.9648 -0.1956 0.1759
vn -0.9087 -0.3831 0.1657
vn -0.9774 -0.1949 0.0816
vn -0.9206 -0.3830 0.0768
vn -0.9807 -0.1952 -0.0097
vn -0.9237 -0.3830 -0.0091
vn -0.9752 -0.1952 -0.1045
vn -0.9185 -0.3830 -0.0985
vn -0.9586 -0.1957 -0.2066
vn -0.9029 -0.3832 -0.1946
vn -0.9317 -0.1951 -0.3064
vn -0.8775 -0.3832 -0.2885
vn -0.8981 -0.1954 -0.3939
vn -0.8460 -0.3831 -0.3709
vn -0.8588 -0.1954 -0.4735
vn -0.8090 -0.3829 -0.4459
vn -0.8085 -0.1955 -0.5551
vn -0.7614 -0.3831 -0.5229
vn -0.7465 -0.1952 -0.6361
vn -0.7031 -0.3830 -0.5991
vn -0.6745 -0.1956 -0.7119
vn -0.6353 -0.3832 -0.6705
vn -0.5962 -0.1953 -0.7787
vn -0.5615 -0.3830 -0.7335
vn -0.5149 -0.1952 -0.8347
vn -0.4850 -0.3831 -0.7862
vn -0.4288 -0.1953 -0.8820
vn -0.4039 -0.3831 -0.8307
vn -0.3414 -0.1952 -0.9194
vn -0.3216 -0.3830 -0.8660
vn -0.2521 -0.1953 -0.9478
vn -0.2374 -0.3830 -0.8927
vn -0.1657 -0.1951 -0.9667
vn -0.1560 -0.3830 -0.9105
vn -0.0908 -0.1952 -0.9765
vn -0.0856 -0.3828 -0.9198
vn -0.0193 -0.1952 -0.9806
vn -0.0182 -0.3828 -0.9236
vn 0.0642 -0.1953 -0.9786
vn 0.0605 -0.3830 -0.9218
vn 0.1562 -0.1953 -0.9682
vn 0.1471 -0.3831 -0.9119
vn 0.2458 -0.1952 -0.9495
vn 0.2315 -0.3831 -0.8942
vn 0.3266 -0.1952 -0.9248
vn 0.3076 -0.3830 -0.8710
vn 0.3975 -0.1953 -0.8966
vn 0.3744 -0.3829 -0.8445
vn 0.4723 -0.1953 -0.8595
vn 0.4448 -0.3830 -0.8096
vn 0.5510 -0.1950 -0.8114
vn 0.5189 -0.3830 -0.7642
vn 0.6228 -0.1951 -0.7576
vn 0.5867 -0.3830 -0.7136
vn 0.6887 -0.1953 -0.6982
vn 0.6487 -0.3830 -0.6577
vn 0.7499 -0.1949 -0.6322
vn 0.7063 -0.3829 -0.5954
vn 0.7994 -0.1952 -0.5683
vn 0.7530 -0.3828 -0.5352
vn 0.8342 -0.1953 -0.5158
vn 0.7858 -0.3828 -0.4859
vn 0.8660 -0.1951 -0.4604
vn 0.8156 -0.3829 -0.4337
vn 0.9013 -0.1949 -0.3869
vn 0.8489 -0.3830 -0.3644
vn 0.9325 -0.1955 -0.3038
vn 0.8783 -0.3830 -0.2862
vn 0.9552 -0.1950 -0.2228
vn 0.8996 -0.3829 -0.2098
vn 0.9701 -0.1948 -0.1445
vn 0.9137 -0.3828 -0.1361
vn 0.9789 -0.1955 -0.0592
vn 0.9221 -0.3829 -0.0557
vn 0.9807 -0.1953 -0.0123
vn 0.9238 -0.3826 -0.0115
vn -0.9327 0.1925 0.3049
vn -0.8786 0.3784 0.2914
vn -0.9327 0.1924 0.3049
vn -0.9750 0.1476 0.1664
vn -0.9576 0.2600 0.1239
vn 0.9956 -0.0934 -0.0027
vn 0.9803 -0.1974 -0.0024
vn 0.4369 0.2331 0.8688
vn 0.3368 0.4607 0.8212
vn -0.7169 -0.1954 -0.6692
vn -0.6751 -0.3835 -0.6302
vn -0.7192 -0.3827 -0.5799
vn -0.7635 -0.1950 -0.6157
vn -0.6190 -0.1953 -0.7608
vn -0.5829 -0.3833 -0.7165
vn -0.5251 -0.1952 -0.8284
vn -0.4945 -0.3831 -0.7802
vn -0.4373 -0.1954 -0.8778
vn -0.4119 -0.3830 -0.8268
vn -0.3680 -0.1952 -0.9091
vn -0.3466 -0.3827 -0.8564
vn -0.4193 -0.1958 -0.8865
vn -0.3948 -0.3839 -0.8347
vn -0.5396 -0.1955 -0.8189
vn -0.5082 -0.3833 -0.7713
vn -0.6229 -0.1953 -0.7575
vn -0.5867 -0.3831 -0.7134
vn -0.6979 -0.1956 -0.6890
vn -0.6573 -0.3833 -0.6489
vn -0.7675 -0.1957 -0.6105
vn -0.7229 -0.3832 -0.5749
vn -0.8281 -0.1953 -0.5255
vn -0.7799 -0.3831 -0.4950
vn -0.8772 -0.1951 -0.4386
vn -0.8262 -0.3832 -0.4131
vn -0.9184 -0.1954 -0.3440
vn -0.8650 -0.3832 -0.3240
vn -0.9514 -0.1955 -0.2381
vn -0.8960 -0.3833 -0.2242
vn -0.9637 -0.1661 -0.2092
vn -0.9234 -0.3291 -0.1973
vn -0.9624 -0.1369 -0.2347
vn -0.9358 -0.2748 -0.2210
vn 0.9874 -0.1583 0.0068
vn 0.9501 -0.3118 0.0069
vn 0.9688 -0.2382 -0.0678
vn 0.9900 -0.1201 -0.0738
vn 0.9703 -0.1956 0.1421
vn 0.9139 -0.3832 0.1338
vn 0.9481 -0.1956 0.2507
vn 0.8930 -0.3832 0.2361
vn 0.9132 -0.1953 0.3577
vn 0.8601 -0.3832 0.3369
vn 0.8607 -0.1958 0.4700
vn 0.8106 -0.3835 0.4426
vn 0.7838 -0.1957 0.5893
vn 0.7381 -0.3836 0.5550
vn 0.6846 -0.1956 0.7022
vn 0.6446 -0.3837 0.6612
vn 0.5745 -0.1954 0.7948
vn 0.5410 -0.3835 0.7485
vn 0.4704 -0.1953 0.8606
vn 0.4430 -0.3832 0.8105
vn 0.3739 -0.1954 0.9067
vn 0.3522 -0.3831 0.8539
vn 0.3283 -0.1951 0.9242
vn 0.3093 -0.3823 0.8707
vn 0.3812 -0.1953 0.9037
vn 0.3590 -0.3832 0.8511
vn 0.4834 -0.1954 0.8533
vn 0.4552 -0.3833 0.8036
vn 0.5806 -0.1959 0.7903
vn 0.5468 -0.3832 0.7444
vn 0.6581 -0.1952 0.7272
vn 0.6198 -0.3831 0.6849
vn 0.7273 -0.1954 0.6580
vn 0.6849 -0.3832 0.6197
vn 0.7618 -0.1954 0.6176
vn 0.7177 -0.3827 0.5818
vn 0.7071 -0.7071 0.0001
vn 0.7071 -0.7071 0.0002
vn 0.0002 -0.7071 0.7071
vn -0.7474 -0.6643 -0.0025
vn -0.7475 -0.6643 -0.0025
vn -0.3372 0.7479 -0.5718
vn 0.4137 -0.7075 0.5729
vn 0.4403 -0.7071 0.5533
vn 0.3599 -0.7075 0.6083
vn 0.3040 -0.7074 0.6381
vn 0.2508 -0.7073 0.6609
vn 0.1957 -0.7074 0.6791
vn 0.1320 -0.7075 0.6943
vn 0.0686 -0.7074 0.7035
vn 0.0058 -0.7075 0.7067
vn -0.0594 -0.7075 0.7042
vn -0.1253 -0.7075 0.6955
vn -0.1899 -0.7075 0.6807
vn -0.2486 -0.7073 0.6617
vn -0.2963 -0.7073 0.6419
vn -0.3412 -0.7074 0.6191
vn -0.3916 -0.7075 0.5883
vn -0.4432 -0.7075 0.5505
vn -0.4924 -0.7075 0.5070
vn -0.5375 -0.7075 0.4589
vn -0.5747 -0.7073 0.4117
vn -0.6043 -0.7073 0.3668
vn -0.6308 -0.7074 0.3188
vn -0.6562 -0.7075 0.2623
vn -0.6788 -0.7076 0.1966
vn -0.6952 -0.7075 0.1268
vn -0.7043 -0.7075 0.0588
vn -0.7067 -0.7075 -0.0069
vn -0.7026 -0.7076 -0.0754
vn -0.6907 -0.7076 -0.1489
vn -0.6713 -0.7076 -0.2207
vn -0.6473 -0.7075 -0.2838
vn -0.6190 -0.7074 -0.3412
vn -0.5825 -0.7075 -0.4001
vn -0.5378 -0.7075 -0.4584
vn -0.4860 -0.7076 -0.5129
vn -0.4296 -0.7076 -0.5611
vn -0.3710 -0.7075 -0.6014
vn -0.3090 -0.7075 -0.6356
vn -0.2460 -0.7075 -0.6625
vn -0.1816 -0.7075 -0.6830
vn -0.1193 -0.7074 -0.6967
vn -0.0655 -0.7073 -0.7039
vn -0.0139 -0.7073 -0.7068
vn 0.0463 -0.7075 -0.7052
vn 0.1126 -0.7075 -0.6977
vn 0.1772 -0.7075 -0.6842
vn 0.2353 -0.7074 -0.6665
vn 0.2865 -0.7074 -0.6462
vn 0.3403 -0.7075 -0.6194
vn 0.3970 -0.7075 -0.5847
vn 0.4488 -0.7075 -0.5459
vn 0.4963 -0.7075 -0.5031
vn 0.5403 -0.7075 -0.4555
vn 0.5762 -0.7073 -0.4095
vn 0.6013 -0.7072 -0.3718
vn 0.6241 -0.7073 -0.3319
vn 0.6494 -0.7075 -0.2788
vn 0.6720 -0.7074 -0.2190
vn 0.6883 -0.7074 -0.1605
vn 0.6991 -0.7074 -0.1041
vn 0.7055 -0.7075 -0.0426
vn 0.7071 -0.7071 -0.0088
vn -0.6706 0.7023 0.2390
vn -0.9295 0.3689 0.0007
vn -0.9294 0.3690 0.0007
vn 0.8975 -0.4410 -0.0017
vn 0.8976 -0.4409 -0.0017
vn -0.1553 0.7690 0.6201
vn -0.5163 -0.7080 -0.4819
vn -0.5505 -0.7071 -0.4439
vn -0.4458 -0.7078 -0.5479
vn -0.3783 -0.7076 -0.5968
vn -0.3151 -0.7075 -0.6325
vn -0.2652 -0.7072 -0.6553
vn -0.3018 -0.7084 -0.6381
vn -0.3887 -0.7077 -0.5900
vn -0.4489 -0.7075 -0.5458
vn -0.5028 -0.7076 -0.4965
vn -0.5530 -0.7076 -0.4398
vn -0.5966 -0.7076 -0.3786
vn -0.6321 -0.7075 -0.3161
vn -0.6616 -0.7077 -0.2478
vn -0.6854 -0.7077 -0.1715
vn -0.7632 -0.6273 -0.1548
vn -0.8226 -0.5409 -0.1755
vn 0.8050 -0.5932 0.0066
vn 0.8838 -0.4653 -0.0494
vn 0.6991 -0.7077 0.1023
vn 0.6831 -0.7077 0.1806
vn 0.6579 -0.7077 0.2577
vn 0.6199 -0.7079 0.3385
vn 0.5644 -0.7081 0.4243
vn 0.4929 -0.7082 0.5056
vn 0.4137 -0.7080 0.5724
vn 0.3389 -0.7076 0.6200
vn 0.2694 -0.7076 0.6533
vn 0.2366 -0.7073 0.6661
vn 0.2746 -0.7076 0.6510
vn 0.3482 -0.7078 0.6146
vn 0.4183 -0.7076 0.5694
vn 0.4742 -0.7075 0.5240
vn 0.5240 -0.7076 0.4741
vn 0.5493 -0.7071 0.4453
vn 0.3827 -0.9239 0.0001
vn 0.0001 -0.9239 0.3827
vn -0.4229 -0.9062 -0.0009
vn -0.2111 0.8773 -0.4309
vn -0.2112 0.8773 -0.4309
vn 0.2238 -0.9240 0.3100
vn 0.2383 -0.9239 0.2994
vn 0.1947 -0.9240 0.3291
vn 0.1645 -0.9240 0.3452
vn 0.1357 -0.9240 0.3576
vn 0.1059 -0.9240 0.3674
vn 0.0714 -0.9240 0.3756
vn 0.0371 -0.9240 0.3806
vn 0.0031 -0.9240 0.3823
vn -0.0322 -0.9240 0.3810
vn -0.0678 -0.9240 0.3763
vn -0.1027 -0.9241 0.3682
vn -0.1345 -0.9240 0.3580
vn -0.1603 -0.9240 0.3473
vn -0.1846 -0.9240 0.3349
vn -0.2119 -0.9240 0.3183
vn -0.2398 -0.9240 0.2978
vn -0.2664 -0.9240 0.2743
vn -0.2908 -0.9240 0.2483
vn -0.3109 -0.9240 0.2227
vn -0.3269 -0.9240 0.1985
vn -0.3413 -0.9240 0.1725
vn -0.3550 -0.9240 0.1419
vn -0.3672 -0.9241 0.1063
vn -0.3761 -0.9240 0.0686
vn -0.3810 -0.9240 0.0318
vn -0.3823 -0.9240 -0.0038
vn -0.3801 -0.9240 -0.0408
vn -0.3736 -0.9241 -0.0805
vn -0.3632 -0.9240 -0.1194
vn -0.3502 -0.9240 -0.1535
vn -0.3348 -0.9240 -0.1845
vn -0.3151 -0.9241 -0.2164
vn -0.2909 -0.9241 -0.2479
vn -0.2629 -0.9241 -0.2774
vn -0.2324 -0.9240 -0.3036
vn -0.2007 -0.9241 -0.3253
vn -0.1672 -0.9240 -0.3438
vn -0.1331 -0.9240 -0.3584
vn -0.0983 -0.9240 -0.3695
vn -0.0646 -0.9240 -0.3769
vn -0.0354 -0.9240 -0.3808
vn -0.0075 -0.9240 -0.3824
vn 0.0250 -0.9240 -0.3815
vn 0.0609 -0.9240 -0.3774
vn 0.0958 -0.9240 -0.3701
vn 0.1273 -0.9240 -0.3606
vn 0.1550 -0.9240 -0.3497
vn 0.1841 -0.9240 -0.3351
vn 0.2148 -0.9240 -0.3163
vn 0.2428 -0.9240 -0.2954
vn 0.2685 -0.9240 -0.2722
vn 0.2923 -0.9240 -0.2465
vn 0.3118 -0.9240 -0.2216
vn 0.3254 -0.9239 -0.2012
vn 0.3377 -0.9240 -0.1796
vn 0.3513 -0.9240 -0.1508
vn 0.3635 -0.9240 -0.1185
vn 0.3724 -0.9240 -0.0868
vn 0.3782 -0.9240 -0.0564
vn 0.3816 -0.9240 -0.0230
vn 0.3827 -0.9239 -0.0047
vn -0.5241 0.8274 0.2019
vn -0.9858 -0.0070 -0.1675
vn 0.6322 -0.7748 -0.0007
vn 0.6323 -0.7748 -0.0007
vn -0.5009 0.7566 0.4204
vn -0.5009 0.7566 0.4203
vn -0.2792 -0.9242 -0.2606
vn -0.2884 -0.9380 -0.1924
vn -0.2411 -0.9242 -0.2963
vn -0.2047 -0.9241 -0.3229
vn -0.1705 -0.9240 -0.3422
vn -0.1435 -0.9239 -0.3546
vn -0.1631 -0.9244 -0.3449
vn -0.2102 -0.9241 -0.3191
vn -0.2428 -0.9241 -0.2952
vn -0.2720 -0.9241 -0.2685
vn -0.2991 -0.9241 -0.2379
vn -0.3227 -0.9241 -0.2048
vn -0.3419 -0.9241 -0.1710
vn -0.3579 -0.9241 -0.1341
vn -0.3707 -0.9241 -0.0928
vn -0.4867 -0.8690 -0.0893
vn -0.5901 -0.8004 -0.1057
vn 0.5636 -0.8260 0.0056
vn 0.7205 -0.6931 -0.0229
vn 0.3782 -0.9241 0.0554
vn 0.3695 -0.9241 0.0977
vn 0.3558 -0.9241 0.1394
vn 0.3352 -0.9242 0.1830
vn 0.3051 -0.9243 0.2294
vn 0.2665 -0.9243 0.2733
vn 0.2237 -0.9242 0.3095
vn 0.1833 -0.9241 0.3354
vn 0.1458 -0.9241 0.3534
vn 0.1280 -0.9240 0.3603
vn 0.1485 -0.9241 0.3521
vn 0.1883 -0.9241 0.3324
vn 0.2263 -0.9241 0.3080
vn 0.2565 -0.9240 0.2835
vn 0.2834 -0.9241 0.2564
vn 0.2973 -0.9239 0.2410
vn 0.1950 -0.9808 0.0001
vn 0.1952 -0.9808 -0.0000
vn -0.0000 -0.9808 0.1951
vn 0.0001 -0.9808 0.1951
vn -0.2213 -0.9752 -0.0002
vn 0.9713 0.0727 -0.2267
vn 0.9712 0.0728 -0.2267
vn 0.9713 0.0728 -0.2266
vn 0.9713 0.0727 -0.2266
vn 0.1141 -0.9808 0.1580
vn 0.1215 -0.9808 0.1527
vn 0.0992 -0.9808 0.1677
vn 0.0838 -0.9808 0.1759
vn 0.0692 -0.9808 0.1822
vn 0.0540 -0.9808 0.1873
vn 0.0364 -0.9808 0.1915
vn 0.0189 -0.9808 0.1940
vn 0.0016 -0.9808 0.1949
vn -0.0164 -0.9808 0.1942
vn -0.0345 -0.9808 0.1918
vn -0.0524 -0.9808 0.1877
vn -0.0686 -0.9808 0.1825
vn -0.0817 -0.9808 0.1771
vn -0.0941 -0.9808 0.1708
vn -0.1080 -0.9808 0.1622
vn -0.1222 -0.9808 0.1518
vn -0.1357 -0.9808 0.1398
vn -0.1482 -0.9808 0.1265
vn -0.1585 -0.9808 0.1135
vn -0.1667 -0.9808 0.1012
vn -0.1740 -0.9808 0.0879
vn -0.1810 -0.9808 0.0723
vn -0.1871 -0.9808 0.0542
vn -0.1917 -0.9808 0.0350
vn -0.1943 -0.9808 0.0162
vn -0.1949 -0.9808 -0.0019
vn -0.1938 -0.9808 -0.0208
vn -0.1905 -0.9808 -0.0411
vn -0.1852 -0.9808 -0.0609
vn -0.1786 -0.9808 -0.0783
vn -0.1706 -0.9808 -0.0941
vn -0.1606 -0.9808 -0.1103
vn -0.1483 -0.9808 -0.1264
vn -0.1340 -0.9808 -0.1414
vn -0.1184 -0.9808 -0.1547
vn -0.1023 -0.9808 -0.1658
vn -0.0852 -0.9808 -0.1752
vn -0.0678 -0.9808 -0.1827
vn -0.0501 -0.9808 -0.1883
vn -0.0329 -0.9808 -0.1922
vn -0.0181 -0.9808 -0.1941
vn -0.0038 -0.9808 -0.1949
vn 0.0128 -0.9808 -0.1944
vn 0.0310 -0.9808 -0.1924
vn 0.0488 -0.9808 -0.1886
vn 0.0649 -0.9808 -0.1838
vn 0.0790 -0.9808 -0.1782
vn 0.0938 -0.9808 -0.1708
vn 0.1095 -0.9808 -0.1612
vn 0.1238 -0.9808 -0.1506
vn 0.1368 -0.9808 -0.1387
vn 0.1490 -0.9808 -0.1256
vn 0.1589 -0.9808 -0.1129
vn 0.1658 -0.9808 -0.1025
vn 0.1721 -0.9808 -0.0915
vn 0.1791 -0.9808 -0.0769
vn 0.1853 -0.9808 -0.0604
vn 0.1897 -0.9809 -0.0442
vn 0.1929 -0.9808 -0.0287
vn 0.1945 -0.9808 -0.0117
vn 0.1952 -0.9808 -0.0024
vn 0.4854 0.0604 0.8722
vn 0.4854 0.0605 0.8722
vn 0.4855 0.0604 0.8721
vn -0.8956 -0.3798 -0.2315
vn -0.8956 -0.3799 -0.2316
vn 0.3963 -0.9181 -0.0002
vn 0.3964 -0.9181 -0.0002
vn -0.2101 -0.9715 -0.1100
vn -0.2676 -0.9586 -0.0972
vn -0.1422 -0.9809 -0.1328
vn -0.1229 -0.9809 -0.1510
vn -0.1043 -0.9808 -0.1645
vn -0.0869 -0.9808 -0.1744
vn -0.0731 -0.9808 -0.1807
vn -0.0831 -0.9809 -0.1757
vn -0.1072 -0.9808 -0.1627
vn -0.1237 -0.9808 -0.1504
vn -0.1386 -0.9808 -0.1369
vn -0.1525 -0.9808 -0.1213
vn -0.1644 -0.9809 -0.1043
vn -0.1743 -0.9808 -0.0871
vn -0.1824 -0.9808 -0.0683
vn -0.1890 -0.9808 -0.0473
vn -0.3081 -0.9500 -0.0501
vn -0.4200 -0.9053 -0.0629
vn 0.4087 -0.9126 0.0047
vn 0.6025 -0.7981 -0.0082
vn 0.1928 -0.9808 0.0282
vn 0.1883 -0.9808 0.0498
vn 0.1813 -0.9809 0.0710
vn 0.1708 -0.9809 0.0933
vn 0.1555 -0.9809 0.1169
vn 0.1358 -0.9809 0.1393
vn 0.1140 -0.9809 0.1578
vn 0.0934 -0.9808 0.1709
vn 0.0743 -0.9808 0.1801
vn 0.0653 -0.9808 0.1838
vn 0.0757 -0.9808 0.1795
vn 0.0960 -0.9809 0.1694
vn 0.1153 -0.9808 0.1570
vn 0.1308 -0.9808 0.1445
vn 0.1445 -0.9808 0.1307
vn 0.1516 -0.9808 0.1229
vn 0.7071 0.7071 0.0002
vn 0.7072 0.7070 0.0002
vn 0.0002 0.7071 0.7071
vn -0.7504 0.6610 -0.0019
vn -0.7505 0.6609 -0.0019
vn 0.8515 -0.5124 -0.1110
vn 0.8516 -0.5123 -0.1111
vn 0.4404 0.7070 0.5534
vn 0.4136 0.7075 0.5730
vn 0.4137 0.7075 0.5729
vn 0.4403 0.7071 0.5533
vn 0.3599 0.7074 0.6083
vn 0.3040 0.7075 0.6380
vn 0.2509 0.7073 0.6609
vn 0.2508 0.7073 0.6609
vn 0.1957 0.7074 0.6792
vn 0.1319 0.7075 0.6943
vn 0.1320 0.7075 0.6943
vn 0.0686 0.7075 0.7034
vn 0.0058 0.7075 0.7067
vn -0.0595 0.7075 0.7042
vn -0.0594 0.7075 0.7042
vn -0.1253 0.7075 0.6955
vn -0.1899 0.7075 0.6807
vn -0.2486 0.7074 0.6617
vn -0.2963 0.7073 0.6419
vn -0.2963 0.7073 0.6418
vn -0.3412 0.7074 0.6191
vn -0.3412 0.7074 0.6190
vn -0.3916 0.7075 0.5883
vn -0.4432 0.7075 0.5505
vn -0.4923 0.7075 0.5070
vn -0.5375 0.7075 0.4589
vn -0.5376 0.7074 0.4589
vn -0.5746 0.7073 0.4116
vn -0.6043 0.7073 0.3669
vn -0.6043 0.7073 0.3668
vn -0.6309 0.7073 0.3188
vn -0.6309 0.7074 0.3188
vn -0.6563 0.7075 0.2623
vn -0.6788 0.7076 0.1966
vn -0.6788 0.7075 0.1966
vn -0.6952 0.7075 0.1268
vn -0.6952 0.7076 0.1268
vn -0.7043 0.7074 0.0588
vn -0.7043 0.7075 0.0588
vn -0.7067 0.7074 -0.0070
vn -0.7067 0.7075 -0.0070
vn -0.7026 0.7075 -0.0753
vn -0.7026 0.7076 -0.0753
vn -0.6907 0.7076 -0.1489
vn -0.6907 0.7076 -0.1488
vn -0.6713 0.7075 -0.2208
vn -0.6713 0.7075 -0.2207
vn -0.6473 0.7074 -0.2839
vn -0.6189 0.7075 -0.3412
vn -0.5825 0.7076 -0.4000
vn -0.5379 0.7076 -0.4583
vn -0.5379 0.7075 -0.4584
vn -0.4860 0.7077 -0.5128
vn -0.4860 0.7076 -0.5129
vn -0.4296 0.7076 -0.5611
vn -0.4296 0.7075 -0.5612
vn -0.3710 0.7075 -0.6015
vn -0.3090 0.7075 -0.6356
vn -0.3089 0.7076 -0.6355
vn -0.2461 0.7074 -0.6626
vn -0.2460 0.7076 -0.6624
vn -0.1817 0.7075 -0.6830
vn -0.1816 0.7076 -0.6829
vn -0.1194 0.7074 -0.6967
vn -0.1193 0.7074 -0.6966
vn -0.0655 0.7073 -0.7038
vn -0.0655 0.7073 -0.7039
vn -0.0139 0.7074 -0.7067
vn -0.0139 0.7073 -0.7068
vn 0.0463 0.7075 -0.7052
vn 0.1126 0.7075 -0.6977
vn 0.1771 0.7075 -0.6842
vn 0.2353 0.7074 -0.6665
vn 0.2865 0.7074 -0.6462
vn 0.3403 0.7075 -0.6194
vn 0.3970 0.7075 -0.5847
vn 0.4488 0.7075 -0.5459
vn 0.4963 0.7075 -0.5032
vn 0.4963 0.7075 -0.5031
vn 0.5404 0.7074 -0.4556
vn 0.5761 0.7074 -0.4095
vn 0.5762 0.7073 -0.4096
vn 0.6012 0.7073 -0.3717
vn 0.6013 0.7073 -0.3718
vn 0.6241 0.7074 -0.3319
vn 0.6241 0.7073 -0.3318
vn 0.6494 0.7075 -0.2788
vn 0.6495 0.7075 -0.2788
vn 0.6720 0.7074 -0.2190
vn 0.6884 0.7073 -0.1605
vn 0.6884 0.7074 -0.1605
vn 0.6991 0.7074 -0.1041
vn 0.6992 0.7073 -0.1041
vn 0.7055 0.7074 -0.0426
vn 0.7054 0.7075 -0.0427
vn 0.7073 0.7069 -0.0088
vn 0.7071 0.7071 -0.0089
vn 0.1744 -0.0363 0.9840
vn -0.9785 -0.1559 -0.1352
vn -0.9785 -0.1560 -0.1352
vn 0.9061 0.4232 -0.0012
vn 0.9060 0.4232 -0.0012
vn -0.8157 -0.4015 0.4165
vn -0.8156 -0.4015 0.4166
vn -0.5504 0.7071 -0.4439
vn -0.5162 0.7080 -0.4819
vn -0.4458 0.7078 -0.5480
vn -0.4458 0.7078 -0.5479
vn -0.3782 0.7077 -0.5968
vn -0.3783 0.7076 -0.5968
vn -0.3151 0.7075 -0.6325
vn -0.3151 0.7076 -0.6325
vn -0.2653 0.7072 -0.6554
vn -0.2653 0.7072 -0.6553
vn -0.3018 0.7084 -0.6380
vn -0.3887 0.7077 -0.5900
vn -0.4488 0.7076 -0.5458
vn -0.5028 0.7076 -0.4964
vn -0.5028 0.7076 -0.4965
vn -0.5530 0.7077 -0.4398
vn -0.5530 0.7076 -0.4398
vn -0.5966 0.7076 -0.3786
vn -0.6321 0.7075 -0.3161
vn -0.6617 0.7077 -0.2478
vn -0.6854 0.7077 -0.1715
vn -0.7619 0.6322 -0.1409
vn -0.8213 0.5509 -0.1481
vn -0.8214 0.5508 -0.1482
vn 0.9032 0.4280 -0.0332
vn 0.8167 0.5768 0.0151
vn 0.8168 0.5768 0.0151
vn 0.6991 0.7077 0.1023
vn 0.6831 0.7076 0.1806
vn 0.6578 0.7077 0.2577
vn 0.6579 0.7077 0.2577
vn 0.6198 0.7080 0.3385
vn 0.5643 0.7082 0.4243
vn 0.5644 0.7081 0.4243
vn 0.4928 0.7082 0.5056
vn 0.4929 0.7082 0.5056
vn 0.4137 0.7079 0.5725
vn 0.3389 0.7076 0.6200
vn 0.2694 0.7076 0.6533
vn 0.2367 0.7071 0.6663
vn 0.2746 0.7076 0.6510
vn 0.3482 0.7078 0.6147
vn 0.3482 0.7078 0.6146
vn 0.4183 0.7077 0.5694
vn 0.4743 0.7074 0.5240
vn 0.4742 0.7074 0.5240
vn 0.5239 0.7076 0.4741
vn 0.5239 0.7077 0.4740
vn 0.5494 0.7070 0.4454
vn 0.5493 0.7070 0.4453
vn 0.0041 -0.0000 1.0000
vn 0.0042 -0.0000 1.0000
vn -1.0000 -0.0000 -0.0016
vn -0.5646 -0.0000 -0.8254
vn 0.6200 -0.0000 0.7846
vn 0.5830 -0.0000 0.8125
vn 0.5829 -0.0000 0.8126
vn 0.6202 -0.0000 0.7845
vn 0.5073 -0.0000 0.8618
vn 0.5071 -0.0000 0.8619
vn 0.4292 -0.0000 0.9032
vn 0.3508 -0.0000 0.9364
vn 0.3507 -0.0000 0.9365
vn 0.2689 -0.0000 0.9632
vn 0.2688 -0.0000 0.9632
vn 0.1824 -0.0000 0.9832
vn 0.1825 -0.0000 0.9832
vn 0.0986 -0.0000 0.9951
vn 0.0985 -0.0000 0.9951
vn 0.0112 -0.0000 0.9999
vn 0.0111 -0.0000 0.9999
vn -0.0810 -0.0000 0.9967
vn -0.1719 -0.0000 0.9851
vn -0.1720 -0.0000 0.9851
vn -0.2616 -0.0000 0.9652
vn -0.2617 -0.0000 0.9652
vn -0.3434 -0.0000 0.9392
vn -0.3435 -0.0000 0.9392
vn -0.4102 -0.0000 0.9120
vn -0.4742 -0.0000 0.8804
vn -0.4741 -0.0000 0.8804
vn -0.5460 -0.0000 0.8378
vn -0.5459 -0.0000 0.8378
vn -0.6189 -0.0000 0.7855
vn -0.6888 -0.0000 0.7249
vn -0.7536 -0.0000 0.6574
vn -0.7535 -0.0000 0.6574
vn -0.8069 -0.0000 0.5906
vn -0.8499 -0.0000 0.5270
vn -0.8878 -0.0000 0.4602
vn -0.8878 -0.0000 0.4601
vn -0.9231 -0.0000 0.3845
vn -0.9232 -0.0000 0.3844
vn -0.9545 -0.0000 0.2982
vn -0.9545 -0.0000 0.2981
vn -0.9790 -0.0000 0.2040
vn -0.9941 -0.0000 0.1087
vn -0.9999 -0.0000 0.0164
vn -0.9968 -0.0000 -0.0799
vn -0.9829 -0.0000 -0.1841
vn -0.9581 -0.0000 -0.2864
vn -0.9581 -0.0000 -0.2865
vn -0.9263 -0.0000 -0.3767
vn -0.8918 -0.0000 -0.4524
vn -0.8586 -0.0000 -0.5127
vn -0.8174 -0.0000 -0.5760
vn -0.8174 -0.0000 -0.5761
vn -0.7581 -0.0000 -0.6522
vn -0.7580 -0.0000 -0.6523
vn -0.6843 -0.0000 -0.7292
vn -0.6841 -0.0000 -0.7293
vn -0.6042 -0.0000 -0.7968
vn -0.6041 -0.0000 -0.7969
vn -0.5213 -0.0000 -0.8534
vn -0.5216 -0.0000 -0.8532
vn -0.4341 -0.0000 -0.9009
vn -0.4340 -0.0000 -0.9009
vn -0.3460 -0.0000 -0.9382
vn -0.3461 -0.0000 -0.9382
vn -0.2561 -0.0000 -0.9666
vn -0.2561 -0.0000 -0.9667
vn -0.1693 -0.0000 -0.9856
vn -0.1692 -0.0000 -0.9856
vn -0.0944 -0.0000 -0.9955
vn -0.0945 -0.0000 -0.9955
vn -0.0224 -0.0000 -0.9998
vn -0.0224 -0.0000 -0.9997
vn 0.0616 -0.0000 -0.9981
vn 0.0617 -0.0000 -0.9981
vn 0.1539 -0.0000 -0.9881
vn 0.2441 -0.0000 -0.9697
vn 0.2441 -0.0000 -0.9698
vn 0.3260 -0.0000 -0.9454
vn 0.3259 -0.0000 -0.9454
vn 0.3982 -0.0000 -0.9173
vn 0.3983 -0.0000 -0.9173
vn 0.4729 -0.0000 -0.8811
vn 0.5517 -0.0000 -0.8341
vn 0.5517 -0.0000 -0.8340
vn 0.6255 -0.0000 -0.7802
vn 0.6935 -0.0000 -0.7205
vn 0.7570 -0.0000 -0.6534
vn 0.8087 -0.0000 -0.5883
vn 0.8451 -0.0000 -0.5346
vn 0.8451 -0.0000 -0.5347
vn 0.8789 -0.0000 -0.4770
vn 0.9158 -0.0000 -0.4016
vn 0.9481 -0.0000 -0.3179
vn 0.9721 -0.0000 -0.2348
vn 0.9881 -0.0000 -0.1538
vn 0.9982 -0.0000 -0.0591
vn 0.9983 -0.0000 -0.0591
vn 1.0000 -0.0000 -0.0046
vn -0.9779 -0.0000 0.2089
vn -0.9780 -0.0000 0.2086
vn 0.9999 -0.0000 -0.0136
vn 0.0041 -0.1950 0.9808
vn 0.0038 -0.3826 0.9239
vn 0.0040 -0.1951 0.9808
vn -0.9848 -0.1738 -0.0014
vn -0.9379 -0.3470 -0.0010
vn -0.9848 -0.1739 -0.0014
vn -0.5507 0.2026 -0.8098
vn -0.5104 0.3988 -0.7619
vn -0.5104 0.3987 -0.7619
vn 0.5717 -0.1955 0.7969
vn 0.5385 -0.3830 0.7506
vn 0.5729 -0.3826 0.7249
vn 0.6082 -0.1949 0.7695
vn 0.4974 -0.1951 0.8453
vn 0.4685 -0.3830 0.7962
vn 0.4209 -0.1953 0.8858
vn 0.3965 -0.3830 0.8343
vn 0.3440 -0.1952 0.9185
vn 0.3240 -0.3829 0.8651
vn 0.2637 -0.1952 0.9447
vn 0.2484 -0.3830 0.8897
vn 0.1789 -0.1952 0.9643
vn 0.1685 -0.3829 0.9083
vn 0.0967 -0.1952 0.9760
vn 0.0910 -0.3830 0.9193
vn 0.0109 -0.1952 0.9807
vn 0.0102 -0.3829 0.9237
vn -0.0794 -0.1954 0.9775
vn -0.0748 -0.3830 0.9207
vn -0.1686 -0.1953 0.9661
vn -0.1588 -0.3830 0.9100
vn -0.2566 -0.1954 0.9466
vn -0.2417 -0.3830 0.8916
vn -0.3369 -0.1952 0.9211
vn -0.3173 -0.3829 0.8676
vn -0.4023 -0.1952 0.8944
vn -0.3790 -0.3828 0.8425
vn -0.4650 -0.1953 0.8635
vn -0.4380 -0.3829 0.8133
vn -0.5354 -0.1956 0.8216
vn -0.5043 -0.3830 0.7739
vn -0.6070 -0.1953 0.7704
vn -0.5717 -0.3830 0.7256
vn -0.6756 -0.1953 0.7110
vn -0.6363 -0.3830 0.6696
vn -0.7390 -0.1957 0.6447
vn -0.6961 -0.3830 0.6073
vn -0.7914 -0.1953 0.5793
vn -0.7454 -0.3829 0.5456
vn -0.8335 -0.1955 0.5168
vn -0.7851 -0.3828 0.4869
vn -0.8708 -0.1950 0.4513
vn -0.8202 -0.3829 0.4251
vn -0.9054 -0.1952 0.3771
vn -0.8528 -0.3829 0.3551
vn -0.9361 -0.1954 0.2924
vn -0.8817 -0.3831 0.2754
vn -0.9602 -0.1952 0.2000
vn -0.9043 -0.3831 0.1884
vn -0.9749 -0.1953 0.1066
vn -0.9183 -0.3830 0.1004
vn -0.9806 -0.1952 0.0161
vn -0.9236 -0.3830 0.0152
vn -0.9776 -0.1955 -0.0784
vn -0.9208 -0.3830 -0.0739
vn -0.9640 -0.1954 -0.1806
vn -0.9079 -0.3831 -0.1701
vn -0.9397 -0.1951 -0.2810
vn -0.8850 -0.3831 -0.2646
vn -0.9085 -0.1956 -0.3694
vn -0.8557 -0.3829 -0.3480
vn -0.8746 -0.1950 -0.4438
vn -0.8239 -0.3829 -0.4179
vn -0.8421 -0.1953 -0.5028
vn -0.7932 -0.3828 -0.4736
vn -0.8017 -0.1951 -0.5649
vn -0.7551 -0.3830 -0.5321
vn -0.7434 -0.1953 -0.6397
vn -0.7002 -0.3831 -0.6025
vn -0.6711 -0.1954 -0.7152
vn -0.6320 -0.3831 -0.6736
vn -0.5926 -0.1951 -0.7815
vn -0.5580 -0.3830 -0.7361
vn -0.5113 -0.1955 -0.8369
vn -0.4816 -0.3831 -0.7882
vn -0.4259 -0.1953 -0.8834
vn -0.4011 -0.3831 -0.8321
vn -0.3393 -0.1954 -0.9202
vn -0.3196 -0.3830 -0.8667
vn -0.2511 -0.1955 -0.9480
vn -0.2366 -0.3830 -0.8930
vn -0.1660 -0.1951 -0.9666
vn -0.1564 -0.3829 -0.9105
vn -0.0926 -0.1952 -0.9764
vn -0.0872 -0.3828 -0.9197
vn -0.0219 -0.1953 -0.9805
vn -0.0206 -0.3830 -0.9235
vn 0.0605 -0.1953 -0.9789
vn 0.0569 -0.3831 -0.9219
vn 0.1509 -0.1953 -0.9691
vn 0.1421 -0.3831 -0.9127
vn 0.2395 -0.1953 -0.9511
vn 0.2255 -0.3830 -0.8958
vn 0.3196 -0.1953 -0.9272
vn 0.3011 -0.3829 -0.8733
vn 0.3907 -0.1951 -0.8996
vn 0.3679 -0.3829 -0.8474
vn 0.4637 -0.1954 -0.8642
vn 0.4369 -0.3830 -0.8139
vn 0.5411 -0.1952 -0.8180
vn 0.5096 -0.3830 -0.7704
vn 0.6134 -0.1952 -0.7652
vn 0.5778 -0.3830 -0.7207
vn 0.6801 -0.1956 -0.7065
vn 0.6406 -0.3830 -0.6655
vn 0.7424 -0.1952 -0.6409
vn 0.6993 -0.3830 -0.6036
vn 0.7931 -0.1955 -0.5769
vn 0.7470 -0.3829 -0.5434
vn 0.8288 -0.1950 -0.5244
vn 0.7807 -0.3828 -0.4939
vn 0.8620 -0.1950 -0.4679
vn 0.8119 -0.3829 -0.4406
vn 0.8982 -0.1954 -0.3939
vn 0.8460 -0.3830 -0.3710
vn 0.9298 -0.1956 -0.3117
vn 0.8758 -0.3830 -0.2936
vn 0.9533 -0.1953 -0.2302
vn 0.8980 -0.3829 -0.2169
vn 0.9690 -0.1955 -0.1509
vn 0.9128 -0.3829 -0.1421
vn 0.9790 -0.1953 -0.0579
vn 0.9221 -0.3831 -0.0545
vn 0.9808 -0.1950 -0.0043
vn 0.9239 -0.3826 -0.0039
vn -0.9362 0.1926 0.2941
vn -0.8819 0.3785 0.2810
vn -0.8819 0.3786 0.2810
vn -0.9701 0.1576 0.1845
vn -0.9508 0.2769 0.1388
vn 0.9899 -0.1414 -0.0131
vn 0.9582 -0.2858 -0.0119
vn 0.9582 -0.2857 -0.0119
vn 0.0029 -0.7071 0.7071
vn -0.7463 -0.6656 -0.0002
vn -0.3426 0.7456 -0.5716
vn 0.4119 -0.7075 0.5742
vn 0.4384 -0.7071 0.5548
vn 0.3584 -0.7074 0.6092
vn 0.3033 -0.7075 0.6383
vn 0.2479 -0.7074 0.6619
vn 0.1900 -0.7075 0.6807
vn 0.1290 -0.7074 0.6950
vn 0.0697 -0.7074 0.7034
vn 0.0078 -0.7075 0.7067
vn -0.0572 -0.7075 0.7044
vn -0.1215 -0.7075 0.6962
vn -0.1849 -0.7075 0.6821
vn -0.2428 -0.7074 0.6638
vn -0.2900 -0.7072 0.6447
vn -0.3352 -0.7074 0.6223
vn -0.3858 -0.7075 0.5921
vn -0.4374 -0.7075 0.5551
vn -0.4868 -0.7075 0.5123
vn -0.5326 -0.7075 0.4646
vn -0.5704 -0.7073 0.4175
vn -0.6008 -0.7073 0.3726
vn -0.6276 -0.7073 0.3253
vn -0.6525 -0.7074 0.2717
vn -0.6746 -0.7075 0.2107
vn -0.6919 -0.7075 0.1441
vn -0.7026 -0.7074 0.0768
vn -0.7066 -0.7075 0.0116
vn -0.7044 -0.7075 -0.0565
vn -0.6945 -0.7076 -0.1301
vn -0.6770 -0.7075 -0.2024
vn -0.6547 -0.7074 -0.2663
vn -0.6304 -0.7074 -0.3198
vn -0.6070 -0.7073 -0.3624
vn -0.5777 -0.7075 -0.4071
vn -0.5356 -0.7076 -0.4609
vn -0.4835 -0.7077 -0.5152
vn -0.4269 -0.7075 -0.5631
vn -0.3685 -0.7075 -0.6030
vn -0.3069 -0.7075 -0.6366
vn -0.2445 -0.7075 -0.6631
vn -0.1810 -0.7075 -0.6832
vn -0.1197 -0.7074 -0.6966
vn -0.0667 -0.7073 -0.7037
vn -0.0158 -0.7074 -0.7066
vn 0.0436 -0.7075 -0.7054
vn 0.1087 -0.7075 -0.6983
vn 0.1725 -0.7075 -0.6854
vn 0.2303 -0.7074 -0.6682
vn 0.2815 -0.7074 -0.6484
vn 0.3342 -0.7075 -0.6227
vn 0.3899 -0.7075 -0.5895
vn 0.4421 -0.7074 -0.5515
vn 0.4901 -0.7075 -0.5092
vn 0.5350 -0.7075 -0.4618
vn 0.5717 -0.7073 -0.4158
vn 0.5974 -0.7073 -0.3780
vn 0.6212 -0.7074 -0.3372
vn 0.6473 -0.7074 -0.2839
vn 0.6701 -0.7074 -0.2247
vn 0.6871 -0.7074 -0.1659
vn 0.6984 -0.7074 -0.1087
vn 0.7054 -0.7076 -0.0417
vn 0.7071 -0.7071 -0.0029
vn -0.6736 0.7024 0.2300
vn -0.9187 0.3949 0.0080
vn -0.9187 0.3950 0.0079
vn 0.8199 -0.5724 -0.0084
vn 0.8200 -0.5723 -0.0084
vn 0.0016 -0.9239 0.3827
vn -0.4217 -0.9067 0.0004
vn -0.2191 0.8748 -0.4321
vn -0.2192 0.8748 -0.4321
vn 0.2228 -0.9240 0.3106
vn 0.2373 -0.9239 0.3003
vn 0.1939 -0.9240 0.3296
vn 0.1641 -0.9240 0.3454
vn 0.1341 -0.9240 0.3581
vn 0.1028 -0.9240 0.3683
vn 0.0698 -0.9240 0.3760
vn 0.0377 -0.9240 0.3805
vn 0.0042 -0.9240 0.3823
vn -0.0310 -0.9240 0.3811
vn -0.0657 -0.9240 0.3767
vn -0.1000 -0.9240 0.3690
vn -0.1313 -0.9240 0.3591
vn -0.1569 -0.9239 0.3489
vn -0.1814 -0.9240 0.3367
vn -0.2088 -0.9240 0.3204
vn -0.2366 -0.9240 0.3003
vn -0.2634 -0.9240 0.2772
vn -0.2881 -0.9240 0.2514
vn -0.3086 -0.9240 0.2259
vn -0.3251 -0.9240 0.2016
vn -0.3395 -0.9240 0.1760
vn -0.3530 -0.9240 0.1470
vn -0.3650 -0.9240 0.1140
vn -0.3743 -0.9240 0.0780
vn -0.3801 -0.9240 0.0416
vn -0.3823 -0.9240 0.0063
vn -0.3811 -0.9240 -0.0306
vn -0.3757 -0.9241 -0.0704
vn -0.3662 -0.9241 -0.1095
vn -0.3542 -0.9240 -0.1440
vn -0.3411 -0.9240 -0.1730
vn -0.3284 -0.9239 -0.1961
vn -0.3126 -0.9240 -0.2203
vn -0.2897 -0.9241 -0.2493
vn -0.2615 -0.9241 -0.2787
vn -0.2310 -0.9240 -0.3047
vn -0.1993 -0.9240 -0.3262
vn -0.1660 -0.9241 -0.3443
vn -0.1323 -0.9240 -0.3587
vn -0.0979 -0.9241 -0.3695
vn -0.0647 -0.9240 -0.3768
vn -0.0361 -0.9240 -0.3807
vn -0.0085 -0.9240 -0.3824
vn 0.0236 -0.9240 -0.3817
vn 0.0588 -0.9240 -0.3778
vn 0.0933 -0.9240 -0.3708
vn 0.1246 -0.9240 -0.3616
vn 0.1523 -0.9240 -0.3508
vn 0.1808 -0.9240 -0.3369
vn 0.2109 -0.9240 -0.3188
vn 0.2392 -0.9240 -0.2983
vn 0.2651 -0.9240 -0.2755
vn 0.2894 -0.9240 -0.2498
vn 0.3093 -0.9240 -0.2250
vn 0.3233 -0.9239 -0.2045
vn 0.3361 -0.9240 -0.1824
vn 0.3502 -0.9240 -0.1536
vn 0.3625 -0.9240 -0.1215
vn 0.3717 -0.9240 -0.0898
vn 0.3779 -0.9240 -0.0588
vn 0.3815 -0.9241 -0.0225
vn 0.3827 -0.9239 -0.0016
vn -0.5267 0.8276 0.1938
vn -0.9852 0.0177 -0.1707
vn 0.5242 -0.8516 -0.0038
vn 0.0008 -0.9808 0.1951
vn -0.2204 -0.9754 0.0005
vn 0.9757 0.0800 -0.2039
vn 0.9757 0.0801 -0.2039
vn 0.1136 -0.9808 0.1584
vn 0.1210 -0.9808 0.1531
vn 0.0989 -0.9808 0.1680
vn 0.0837 -0.9808 0.1761
vn 0.0684 -0.9808 0.1825
vn 0.0524 -0.9808 0.1877
vn 0.0356 -0.9808 0.1916
vn 0.0192 -0.9808 0.1940
vn 0.0022 -0.9808 0.1949
vn -0.0158 -0.9808 0.1942
vn -0.0335 -0.9808 0.1920
vn -0.0510 -0.9808 0.1881
vn -0.0670 -0.9808 0.1831
vn -0.0800 -0.9808 0.1778
vn -0.0925 -0.9808 0.1717
vn -0.1064 -0.9808 0.1633
vn -0.1206 -0.9808 0.1531
vn -0.1342 -0.9808 0.1413
vn -0.1469 -0.9808 0.1281
vn -0.1573 -0.9808 0.1151
vn -0.1657 -0.9808 0.1028
vn -0.1731 -0.9808 0.0897
vn -0.1800 -0.9808 0.0749
vn -0.1860 -0.9808 0.0581
vn -0.1908 -0.9808 0.0397
vn -0.1938 -0.9808 0.0212
vn -0.1948 -0.9808 0.0032
vn -0.1942 -0.9808 -0.0156
vn -0.1915 -0.9808 -0.0359
vn -0.1866 -0.9808 -0.0558
vn -0.1806 -0.9808 -0.0734
vn -0.1739 -0.9808 -0.0882
vn -0.1674 -0.9808 -0.1000
vn -0.1593 -0.9808 -0.1122
vn -0.1477 -0.9808 -0.1271
vn -0.1333 -0.9808 -0.1421
vn -0.1177 -0.9808 -0.1553
vn -0.1016 -0.9808 -0.1662
vn -0.0846 -0.9808 -0.1756
vn -0.0674 -0.9808 -0.1828
vn -0.0499 -0.9808 -0.1884
vn -0.0330 -0.9808 -0.1921
vn -0.0184 -0.9808 -0.1941
vn -0.0043 -0.9808 -0.1949
vn 0.0120 -0.9808 -0.1945
vn 0.0300 -0.9808 -0.1926
vn 0.0476 -0.9808 -0.1890
vn 0.0635 -0.9808 -0.1843
vn 0.0777 -0.9808 -0.1789
vn 0.0922 -0.9808 -0.1717
vn 0.1075 -0.9808 -0.1625
vn 0.1219 -0.9808 -0.1521
vn 0.1352 -0.9808 -0.1404
vn 0.1475 -0.9808 -0.1273
vn 0.1576 -0.9808 -0.1147
vn 0.1648 -0.9808 -0.1043
vn 0.1714 -0.9808 -0.0930
vn 0.1786 -0.9808 -0.0783
vn 0.1847 -0.9808 -0.0619
vn 0.1894 -0.9808 -0.0458
vn 0.1926 -0.9808 -0.0300
vn 0.1944 -0.9809 -0.0115
vn 0.1951 -0.9808 -0.0009
vn 0.4734 0.0596 0.8788
vn 0.4733 0.0596 0.8789
vn 0.4734 0.0596 0.8789
vn 0.4732 0.0596 0.8789
vn -0.9005 -0.3628 -0.2397
vn 0.3088 -0.9511 -0.0013
vn 0.0029 0.7071 0.7071
vn -0.7493 0.6623 0.0004
vn -0.7493 0.6622 0.0004
vn 0.8514 -0.5135 -0.1072
vn 0.8514 -0.5134 -0.1072
vn 0.8514 -0.5135 -0.1071
vn 0.4383 0.7071 0.5548
vn 0.4119 0.7075 0.5743
vn 0.4120 0.7074 0.5743
vn 0.4386 0.7069 0.5549
vn 0.3585 0.7074 0.6092
vn 0.3585 0.7074 0.6091
vn 0.3033 0.7074 0.6384
vn 0.3034 0.7075 0.6383
vn 0.2479 0.7074 0.6619
vn 0.2479 0.7075 0.6619
vn 0.1900 0.7075 0.6807
vn 0.1290 0.7074 0.6949
vn 0.1289 0.7074 0.6949
vn 0.0697 0.7074 0.7034
vn 0.0078 0.7075 0.7067
vn 0.0079 0.7075 0.7067
vn -0.0572 0.7075 0.7044
vn -0.1215 0.7075 0.6962
vn -0.1849 0.7075 0.6821
vn -0.2428 0.7074 0.6638
vn -0.2428 0.7073 0.6639
vn -0.2900 0.7073 0.6447
vn -0.3351 0.7074 0.6223
vn -0.3352 0.7074 0.6223
vn -0.3859 0.7075 0.5921
vn -0.3859 0.7074 0.5921
vn -0.4374 0.7075 0.5551
vn -0.4868 0.7075 0.5123
vn -0.5325 0.7075 0.4646
vn -0.5704 0.7074 0.4175
vn -0.5703 0.7074 0.4175
vn -0.6007 0.7074 0.3725
vn -0.6275 0.7074 0.3253
vn -0.6276 0.7074 0.3253
vn -0.6524 0.7075 0.2717
vn -0.6745 0.7075 0.2107
vn -0.6746 0.7075 0.2107
vn -0.6918 0.7075 0.1441
vn -0.7025 0.7075 0.0768
vn -0.7026 0.7075 0.0768
vn -0.7066 0.7075 0.0116
vn -0.7044 0.7076 -0.0565
vn -0.6945 0.7076 -0.1301
vn -0.6771 0.7075 -0.2024
vn -0.6770 0.7076 -0.2024
vn -0.6547 0.7075 -0.2662
vn -0.6547 0.7074 -0.2662
vn -0.6303 0.7074 -0.3198
vn -0.6304 0.7074 -0.3197
vn -0.6071 0.7071 -0.3625
vn -0.6070 0.7072 -0.3624
vn -0.5778 0.7073 -0.4072
vn -0.5777 0.7075 -0.4071
vn -0.5357 0.7075 -0.4610
vn -0.5356 0.7077 -0.4609
vn -0.4836 0.7076 -0.5153
vn -0.4834 0.7077 -0.5153
vn -0.4269 0.7076 -0.5631
vn -0.4270 0.7075 -0.5632
vn -0.3683 0.7077 -0.6029
vn -0.3685 0.7075 -0.6030
vn -0.3069 0.7075 -0.6366
vn -0.2445 0.7075 -0.6631
vn -0.1810 0.7075 -0.6832
vn -0.1810 0.7075 -0.6831
vn -0.1197 0.7073 -0.6967
vn -0.1196 0.7074 -0.6966
vn -0.0668 0.7073 -0.7038
vn -0.0668 0.7073 -0.7037
vn -0.0158 0.7073 -0.7067
vn -0.0158 0.7074 -0.7067
vn 0.0436 0.7075 -0.7054
vn 0.0435 0.7075 -0.7054
vn 0.1088 0.7075 -0.6983
vn 0.1725 0.7075 -0.6854
vn 0.2304 0.7074 -0.6682
vn 0.2816 0.7073 -0.6484
vn 0.2815 0.7073 -0.6484
vn 0.3342 0.7075 -0.6227
vn 0.3899 0.7075 -0.5894
vn 0.4420 0.7075 -0.5515
vn 0.4421 0.7074 -0.5515
vn 0.4901 0.7075 -0.5092
vn 0.5350 0.7075 -0.4618
vn 0.5349 0.7075 -0.4618
vn 0.5716 0.7073 -0.4158
vn 0.5716 0.7074 -0.4158
vn 0.5975 0.7072 -0.3779
vn 0.5974 0.7073 -0.3779
vn 0.6212 0.7074 -0.3372
vn 0.6213 0.7074 -0.3372
vn 0.6472 0.7075 -0.2838
vn 0.6701 0.7075 -0.2246
vn 0.6700 0.7075 -0.2246
vn 0.6870 0.7074 -0.1659
vn 0.6984 0.7074 -0.1087
vn 0.7053 0.7076 -0.0417
vn 0.7053 0.7077 -0.0418
vn 0.7071 0.7071 -0.0031
vn 0.7072 0.7070 -0.0031
vn 0.1672 -0.0344 0.9853
vn 0.1671 -0.0344 0.9853
vn 0.1671 -0.0343 0.9853
vn -0.9764 -0.1642 -0.1403
vn -0.9764 -0.1643 -0.1403
vn -0.9764 -0.1642 -0.1404
vn 0.8285 0.5600 -0.0063
vn 0.9996 -0.0000 -0.0271
vn 0.2395 -0.0000 -0.9709
vn 0.2396 -0.0000 -0.9709
vn 0.9996 -0.0000 -0.0268
vn -0.2196 -0.0000 0.9756
vn -0.0217 -0.0000 0.9998
vn -0.0218 -0.0000 0.9998
vn -0.9997 -0.0000 0.0264
vn 1.0000 -0.0000 0.0039
vn -0.3606 -0.0000 -0.9327
vn 0.6387 -0.0000 0.7694
vn 0.6022 -0.0000 0.7984
vn 0.6021 -0.0000 0.7984
vn 0.5293 -0.0000 0.8485
vn 0.5292 -0.0000 0.8485
vn 0.4603 -0.0000 0.8878
vn 0.4000 -0.0000 0.9165
vn 0.3300 -0.0000 0.9440
vn 0.2407 -0.0000 0.9706
vn 0.1519 -0.0000 0.9884
vn 0.0622 -0.0000 0.9981
vn -0.0310 -0.0000 0.9995
vn -0.1238 -0.0000 0.9923
vn -0.1239 -0.0000 0.9923
vn -0.2137 -0.0000 0.9769
vn -0.2138 -0.0000 0.9769
vn -0.2938 -0.0000 0.9559
vn -0.3634 -0.0000 0.9316
vn -0.3633 -0.0000 0.9317
vn -0.4328 -0.0000 0.9015
vn -0.5080 -0.0000 0.8613
vn -0.5080 -0.0000 0.8614
vn -0.5839 -0.0000 0.8118
vn -0.5838 -0.0000 0.8119
vn -0.6566 -0.0000 0.7543
vn -0.6565 -0.0000 0.7543
vn -0.7239 -0.0000 0.6899
vn -0.7797 -0.0000 0.6262
vn -0.7797 -0.0000 0.6261
vn -0.8248 -0.0000 0.5654
vn -0.8249 -0.0000 0.5653
vn -0.8668 -0.0000 0.4987
vn -0.9075 -0.0000 0.4200
vn -0.9443 -0.0000 0.3291
vn -0.9727 -0.0000 0.2321
vn -0.9906 -0.0000 0.1370
vn -0.9906 -0.0000 0.1371
vn -0.9990 -0.0000 0.0446
vn -0.9986 -0.0000 -0.0524
vn -0.9875 -0.0000 -0.1575
vn -0.9654 -0.0000 -0.2609
vn -0.9359 -0.0000 -0.3523
vn -0.8998 -0.0000 -0.4363
vn -0.8999 -0.0000 -0.4361
vn -0.8532 -0.0000 -0.5216
vn -0.8534 -0.0000 -0.5213
vn -0.7954 -0.0000 -0.6060
vn -0.7267 -0.0000 -0.6869
vn -0.7265 -0.0000 -0.6872
vn -0.6507 -0.0000 -0.7593
vn -0.6506 -0.0000 -0.7595
vn -0.5710 -0.0000 -0.8209
vn -0.5709 -0.0000 -0.8210
vn -0.4860 -0.0000 -0.8739
vn -0.4859 -0.0000 -0.8740
vn -0.3991 -0.0000 -0.9169
vn -0.3989 -0.0000 -0.9170
vn -0.3095 -0.0000 -0.9509
vn -0.3094 -0.0000 -0.9509
vn -0.2224 -0.0000 -0.9750
vn -0.2223 -0.0000 -0.9750
vn -0.1468 -0.0000 -0.9892
vn -0.1467 -0.0000 -0.9892
vn -0.0738 -0.0000 -0.9973
vn 0.0113 -0.0000 -0.9999
vn 0.1053 -0.0000 -0.9944
vn 0.1052 -0.0000 -0.9945
vn 0.1978 -0.0000 -0.9802
vn 0.2821 -0.0000 -0.9594
vn 0.2822 -0.0000 -0.9594
vn 0.3569 -0.0000 -0.9341
vn 0.3571 -0.0000 -0.9341
vn 0.4340 -0.0000 -0.9009
vn 0.4341 -0.0000 -0.9009
vn 0.5156 -0.0000 -0.8568
vn 0.5155 -0.0000 -0.8569
vn 0.5921 -0.0000 -0.8058
vn 0.5920 -0.0000 -0.8059
vn 0.6625 -0.0000 -0.7490
vn 0.6626 -0.0000 -0.7490
vn 0.7284 -0.0000 -0.6852
vn 0.7284 -0.0000 -0.6851
vn 0.7823 -0.0000 -0.6229
vn 0.7824 -0.0000 -0.6227
vn 0.8204 -0.0000 -0.5717
vn 0.8206 -0.0000 -0.5715
vn 0.8564 -0.0000 -0.5164
vn 0.8968 -0.0000 -0.4425
vn 0.9331 -0.0000 -0.3596
vn 0.9331 -0.0000 -0.3597
vn 0.9606 -0.0000 -0.2780
vn 0.9606 -0.0000 -0.2781
vn 0.9800 -0.0000 -0.1990
vn 0.9906 -0.0000 -0.1365
vn 0.9977 -0.0000 -0.0681
vn 0.9997 -0.0000 0.0229
vn 0.9945 -0.0000 0.1045
vn 0.9864 -0.0000 0.1643
vn 0.9821 -0.0000 0.1882
vn 0.9996 -0.0000 -0.0270
vn 0.2195 -0.0000 -0.9756
vn 1.0000 -0.0000 0.0065
vn -0.3593 -0.0000 -0.9332
vn -0.3594 -0.0000 -0.9332
vn 0.6381 -0.0000 0.7699
vn 0.6379 -0.0000 0.7701
vn 0.5302 -0.0000 0.8479
vn 0.4619 -0.0000 0.8869
vn 0.4618 -0.0000 0.8870
vn 0.4015 -0.0000 0.9159
vn 0.3327 -0.0000 0.9430
vn 0.3326 -0.0000 0.9431
vn 0.2472 -0.0000 0.9690
vn 0.2470 -0.0000 0.9690
vn 0.1692 -0.0000 0.9856
vn 0.1110 -0.0000 0.9938
vn 0.1111 -0.0000 0.9938
vn 0.0528 -0.0000 0.9986
vn 0.0529 -0.0000 0.9986
vn -0.0291 -0.0000 0.9996
vn -0.1233 -0.0000 0.9924
vn -0.2160 -0.0000 0.9764
vn -0.3002 -0.0000 0.9539
vn -0.3686 -0.0000 0.9296
vn -0.3687 -0.0000 0.9296
vn -0.4348 -0.0000 0.9005
vn -0.4349 -0.0000 0.9005
vn -0.5092 -0.0000 0.8607
vn -0.5092 -0.0000 0.8606
vn -0.5842 -0.0000 0.8116
vn -0.5843 -0.0000 0.8115
vn -0.6566 -0.0000 0.7542
vn -0.7798 -0.0000 0.6260
vn -0.8251 -0.0000 0.5649
vn -0.8252 -0.0000 0.5649
vn -0.8686 -0.0000 0.4955
vn -0.8687 -0.0000 0.4954
vn -0.9105 -0.0000 0.4136
vn -0.9455 -0.0000 0.3257
vn -0.9454 -0.0000 0.3258
vn -0.9906 -0.0000 0.1367
vn -0.9990 -0.0000 0.0440
vn -0.9986 -0.0000 -0.0530
vn -0.9986 -0.0000 -0.0531
vn -0.9874 -0.0000 -0.1581
vn -0.9653 -0.0000 -0.2612
vn -0.9653 -0.0000 -0.2613
vn -0.9358 -0.0000 -0.3524
vn -0.9359 -0.0000 -0.3524
vn -0.9000 -0.0000 -0.4358
vn -0.9001 -0.0000 -0.4356
vn -0.8540 -0.0000 -0.5203
vn -0.8541 -0.0000 -0.5201
vn -0.7963 -0.0000 -0.6049
vn -0.7269 -0.0000 -0.6867
vn -0.6504 -0.0000 -0.7596
vn -0.6503 -0.0000 -0.7597
vn -0.5703 -0.0000 -0.8214
vn -0.5702 -0.0000 -0.8215
vn -0.4850 -0.0000 -0.8745
vn -0.3980 -0.0000 -0.9174
vn -0.3979 -0.0000 -0.9174
vn -0.3087 -0.0000 -0.9512
vn -0.3086 -0.0000 -0.9512
vn -0.2219 -0.0000 -0.9751
vn -0.2221 -0.0000 -0.9750
vn -0.1469 -0.0000 -0.9891
vn -0.0742 -0.0000 -0.9972
vn -0.0740 -0.0000 -0.9973
vn 0.0114 -0.0000 -0.9999
vn 0.1054 -0.0000 -0.9944
vn 0.1976 -0.0000 -0.9803
vn 0.2813 -0.0000 -0.9596
vn 0.2814 -0.0000 -0.9596
vn 0.3554 -0.0000 -0.9347
vn 0.4339 -0.0000 -0.9010
vn 0.5166 -0.0000 -0.8562
vn 0.5165 -0.0000 -0.8563
vn 0.5945 -0.0000 -0.8041
vn 0.5944 -0.0000 -0.8041
vn 0.6688 -0.0000 -0.7435
vn 0.6687 -0.0000 -0.7435
vn 0.7364 -0.0000 -0.6765
vn 0.7966 -0.0000 -0.6045
vn 0.7966 -0.0000 -0.6044
vn 0.8510 -0.0000 -0.5252
vn 0.8967 -0.0000 -0.4427
vn 0.9330 -0.0000 -0.3599
vn 0.9330 -0.0000 -0.3598
vn 0.9608 -0.0000 -0.2772
vn 0.9608 -0.0000 -0.2771
vn 0.9805 -0.0000 -0.1963
vn 0.9914 -0.0000 -0.1311
vn 0.9982 -0.0000 -0.0593
vn 0.9994 -0.0000 0.0339
vn 0.9922 -0.0000 0.1250
vn 0.9855 -0.0000 0.1694
vn 0.9804 -0.1950 -0.0266
vn 0.9235 -0.3827 -0.0250
vn 0.9804 -0.1952 -0.0266
vn 0.2352 -0.1951 -0.9522
vn 0.2214 -0.3826 -0.8970
vn 0.2214 -0.3827 -0.8970
vn 0.2351 -0.1951 -0.9522
vn 0.9804 -0.1954 -0.0263
vn 0.9235 -0.3827 -0.0247
vn 0.9804 -0.1952 -0.0263
vn -0.2153 -0.1949 0.9569
vn -0.2028 -0.3827 0.9013
vn -0.2029 -0.3827 0.9013
vn -0.2153 -0.1950 0.9569
vn -0.0214 -0.1951 0.9806
vn -0.0201 -0.3827 0.9237
vn -0.9804 -0.1952 0.0259
vn -0.9235 -0.3827 0.0244
vn -0.9236 -0.3827 0.0244
vn 0.9784 0.2067 0.0009
vn 0.9160 0.4012 -0.0058
vn 0.9159 0.4013 -0.0058
vn -0.3481 0.2032 -0.9152
vn -0.3139 0.4022 -0.8600
vn -0.3140 0.4022 -0.8600
vn 0.5905 -0.1955 0.7830
vn 0.5562 -0.3830 0.7375
vn 0.5902 -0.3827 0.7108
vn 0.6264 -0.1952 0.7547
vn 0.5190 -0.1952 0.8322
vn 0.4889 -0.3829 0.7838
vn 0.4515 -0.1950 0.8707
vn 0.4252 -0.3829 0.8201
vn 0.3923 -0.1953 0.8989
vn 0.3696 -0.3827 0.8467
vn 0.3237 -0.1952 0.9258
vn 0.3049 -0.3830 0.8720
vn 0.2361 -0.1955 0.9519
vn 0.2224 -0.3831 0.8966
vn 0.1490 -0.1952 0.9694
vn 0.1403 -0.3829 0.9131
vn 0.0611 -0.1953 0.9788
vn 0.0575 -0.3831 0.9219
vn -0.0304 -0.1953 0.9803
vn -0.0286 -0.3830 0.9233
vn -0.1215 -0.1953 0.9732
vn -0.1144 -0.3831 0.9166
vn -0.2096 -0.1953 0.9581
vn -0.1974 -0.3829 0.9024
vn -0.2882 -0.1954 0.9374
vn -0.2714 -0.3829 0.8830
vn -0.3563 -0.1952 0.9137
vn -0.3357 -0.3829 0.8607
vn -0.4245 -0.1953 0.8841
vn -0.3998 -0.3829 0.8328
vn -0.4982 -0.1953 0.8448
vn -0.4693 -0.3829 0.7957
vn -0.5726 -0.1952 0.7962
vn -0.5393 -0.3830 0.7499
vn -0.6439 -0.1952 0.7398
vn -0.6065 -0.3831 0.6968
vn -0.7100 -0.1952 0.6766
vn -0.6687 -0.3830 0.6373
vn -0.7646 -0.1953 0.6141
vn -0.7203 -0.3829 0.5784
vn -0.8089 -0.1953 0.5545
vn -0.7620 -0.3829 0.5223
vn -0.8501 -0.1952 0.4892
vn -0.8007 -0.3829 0.4607
vn -0.8901 -0.1951 0.4119
vn -0.8384 -0.3830 0.3879
vn -0.9261 -0.1954 0.3227
vn -0.8722 -0.3831 0.3040
vn -0.9540 -0.1953 0.2276
vn -0.8985 -0.3830 0.2144
vn -0.9715 -0.1953 0.1344
vn -0.9150 -0.3830 0.1265
vn -0.9797 -0.1954 0.0437
vn -0.9228 -0.3830 0.0411
vn -0.9794 -0.1954 -0.0514
vn -0.9224 -0.3831 -0.0484
vn -0.9684 -0.1958 -0.1544
vn -0.9122 -0.3831 -0.1455
vn -0.9467 -0.1956 -0.2559
vn -0.8917 -0.3831 -0.2410
vn -0.9179 -0.1949 -0.3456
vn -0.8645 -0.3830 -0.3255
vn -0.8826 -0.1949 -0.4278
vn -0.8312 -0.3830 -0.4029
vn -0.8370 -0.1950 -0.5113
vn -0.7882 -0.3831 -0.4816
vn -0.7801 -0.1952 -0.5944
vn -0.7347 -0.3831 -0.5599
vn -0.7126 -0.1955 -0.6738
vn -0.6712 -0.3831 -0.6346
vn -0.6382 -0.1955 -0.7447
vn -0.6010 -0.3831 -0.7014
vn -0.5600 -0.1952 -0.8052
vn -0.5274 -0.3831 -0.7583
vn -0.4766 -0.1951 -0.8572
vn -0.4489 -0.3830 -0.8074
vn -0.3913 -0.1950 -0.8994
vn -0.3685 -0.3829 -0.8471
vn -0.3034 -0.1953 -0.9326
vn -0.2859 -0.3830 -0.8784
vn -0.2181 -0.1951 -0.9562
vn -0.2054 -0.3829 -0.9007
vn -0.1439 -0.1951 -0.9702
vn -0.1355 -0.3828 -0.9138
vn -0.0724 -0.1951 -0.9781
vn -0.0682 -0.3829 -0.9213
vn 0.0110 -0.1952 -0.9807
vn 0.0104 -0.3830 -0.9237
vn 0.1032 -0.1954 -0.9753
vn 0.0972 -0.3830 -0.9186
vn 0.1940 -0.1952 -0.9614
vn 0.1827 -0.3830 -0.9055
vn 0.2767 -0.1953 -0.9409
vn 0.2606 -0.3830 -0.8862
vn 0.3501 -0.1953 -0.9161
vn 0.3298 -0.3829 -0.8629
vn 0.4257 -0.1953 -0.8836
vn 0.4009 -0.3830 -0.8322
vn 0.5056 -0.1956 -0.8403
vn 0.4762 -0.3830 -0.7915
vn 0.5806 -0.1957 -0.7903
vn 0.5470 -0.3829 -0.7445
vn 0.6498 -0.1952 -0.7346
vn 0.6120 -0.3831 -0.6919
vn 0.7144 -0.1951 -0.6720
vn 0.6728 -0.3831 -0.6329
vn 0.7673 -0.1951 -0.6109
vn 0.7227 -0.3829 -0.5754
vn 0.8047 -0.1953 -0.5607
vn 0.7580 -0.3827 -0.5282
vn 0.8398 -0.1955 -0.5064
vn 0.7911 -0.3829 -0.4770
vn 0.8795 -0.1954 -0.4339
vn 0.8284 -0.3831 -0.4087
vn 0.9151 -0.1956 -0.3527
vn 0.8619 -0.3831 -0.3322
vn 0.9420 -0.1956 -0.2727
vn 0.8874 -0.3829 -0.2569
vn 0.9612 -0.1951 -0.1952
vn 0.9053 -0.3829 -0.1838
vn 0.9716 -0.1951 -0.1338
vn 0.9152 -0.3827 -0.1260
vn 0.9785 -0.1952 -0.0668
vn 0.9216 -0.3831 -0.0629
vn 0.9805 -0.1955 0.0224
vn 0.9235 -0.3831 0.0211
vn 0.9753 -0.1955 0.1025
vn 0.9187 -0.3829 0.0965
vn 0.9675 -0.1950 0.1611
vn 0.9113 -0.3828 0.1517
vn 0.9633 -0.1949 0.1847
vn 0.9073 -0.3827 0.1739
vn 0.9805 -0.1948 -0.0265
vn 0.9235 -0.3827 -0.0249
vn 0.9804 -0.1950 -0.0265
vn 0.2153 -0.1951 -0.9569
vn 0.2028 -0.3827 -0.9013
vn 0.2153 -0.1950 -0.9569
vn -0.9804 -0.1951 0.0259
vn -0.9235 -0.3828 0.0244
vn -0.9804 -0.1953 0.0259
vn 0.9784 0.2067 0.0034
vn 0.9160 0.4013 -0.0034
vn 0.9784 0.2066 0.0034
vn -0.3468 0.2031 -0.9157
vn -0.3129 0.4019 -0.8605
vn -0.3129 0.4019 -0.8606
vn 0.5905 -0.1952 0.7831
vn 0.5561 -0.3830 0.7376
vn 0.5895 -0.3826 0.7114
vn 0.6258 -0.1953 0.7552
vn 0.5200 -0.1951 0.8316
vn 0.4898 -0.3829 0.7832
vn 0.4530 -0.1952 0.8699
vn 0.4266 -0.3830 0.8193
vn 0.3938 -0.1951 0.8983
vn 0.3709 -0.3828 0.8461
vn 0.3263 -0.1954 0.9249
vn 0.3073 -0.3829 0.8712
vn 0.2424 -0.1952 0.9503
vn 0.2283 -0.3830 0.8951
vn 0.1659 -0.1951 0.9666
vn 0.1563 -0.3829 0.9105
vn 0.1089 -0.1950 0.9747
vn 0.1026 -0.3827 0.9182
vn 0.0518 -0.1952 0.9794
vn 0.0488 -0.3828 0.9225
vn -0.0285 -0.1953 0.9803
vn -0.0269 -0.3830 0.9233
vn -0.1209 -0.1953 0.9733
vn -0.1139 -0.3831 0.9167
vn -0.2119 -0.1953 0.9576
vn -0.1995 -0.3831 0.9019
vn -0.2944 -0.1951 0.9355
vn -0.2773 -0.3829 0.8812
vn -0.3616 -0.1951 0.9117
vn -0.3406 -0.3827 0.8588
vn -0.4264 -0.1952 0.8832
vn -0.4017 -0.3829 0.8319
vn -0.4994 -0.1953 0.8441
vn -0.4704 -0.3830 0.7950
vn -0.5730 -0.1954 0.7959
vn -0.5397 -0.3830 0.7497
vn -0.6439 -0.1955 0.7397
vn -0.6065 -0.3830 0.6967
vn -0.7100 -0.1953 0.6766
vn -0.7648 -0.1953 0.6139
vn -0.7204 -0.3829 0.5783
vn -0.8093 -0.1953 0.5540
vn -0.7623 -0.3829 0.5218
vn -0.8519 -0.1957 0.4858
vn -0.8025 -0.3829 0.4576
vn -0.8929 -0.1955 0.4056
vn -0.8410 -0.3830 0.3821
vn -0.9272 -0.1954 0.3195
vn -0.8734 -0.3830 0.3009
vn -0.9539 -0.1958 0.2276
vn -0.8985 -0.3831 0.2143
vn -0.9715 -0.1953 0.1341
vn -0.9151 -0.3830 0.1263
vn -0.9798 -0.1952 0.0432
vn -0.9229 -0.3830 0.0407
vn -0.9794 -0.1950 -0.0520
vn -0.9224 -0.3830 -0.0490
vn -0.9685 -0.1950 -0.1551
vn -0.9121 -0.3831 -0.1460
vn -0.9467 -0.1951 -0.2562
vn -0.8916 -0.3831 -0.2413
vn -0.9178 -0.1955 -0.3456
vn -0.8828 -0.1950 -0.4273
vn -0.8315 -0.3830 -0.4025
vn -0.8376 -0.1953 -0.5102
vn -0.7889 -0.3831 -0.4806
vn -0.7809 -0.1952 -0.5933
vn -0.7355 -0.3831 -0.5588
vn -0.7129 -0.1954 -0.6735
vn -0.6714 -0.3832 -0.6343
vn -0.6378 -0.1951 -0.7450
vn -0.6008 -0.3831 -0.7017
vn -0.5593 -0.1953 -0.8056
vn -0.5268 -0.3831 -0.7588
vn -0.4757 -0.1953 -0.8577
vn -0.4480 -0.3830 -0.8078
vn -0.3903 -0.1953 -0.8997
vn -0.3676 -0.3831 -0.8474
vn -0.3027 -0.1952 -0.9329
vn -0.2851 -0.3831 -0.8786
vn -0.2177 -0.1952 -0.9563
vn -0.2051 -0.3830 -0.9007
vn -0.1441 -0.1953 -0.9701
vn -0.1358 -0.3828 -0.9138
vn -0.0727 -0.1953 -0.9781
vn -0.0685 -0.3830 -0.9212
vn 0.0112 -0.1952 -0.9807
vn 0.0105 -0.3830 -0.9237
vn 0.1033 -0.1952 -0.9753
vn 0.0973 -0.3831 -0.9186
vn 0.1938 -0.1952 -0.9614
vn 0.1826 -0.3830 -0.9055
vn 0.2759 -0.1951 -0.9412
vn 0.2599 -0.3829 -0.8865
vn 0.3486 -0.1951 -0.9167
vn 0.3283 -0.3828 -0.8635
vn 0.4255 -0.1955 -0.8836
vn 0.4008 -0.3830 -0.8323
vn 0.5066 -0.1952 -0.8398
vn 0.4772 -0.3830 -0.7909
vn 0.5831 -0.1952 -0.7886
vn 0.5491 -0.3830 -0.7428
vn 0.6558 -0.1954 -0.7292
vn 0.6177 -0.3830 -0.6868
vn 0.7223 -0.1952 -0.6635
vn 0.6803 -0.3829 -0.6250
vn 0.7813 -0.1954 -0.5928
vn 0.7359 -0.3829 -0.5584
vn 0.8346 -0.1951 -0.5151
vn 0.7861 -0.3830 -0.4851
vn 0.8795 -0.1951 -0.4341
vn 0.8283 -0.3830 -0.4089
vn 0.9151 -0.1952 -0.3529
vn 0.8619 -0.3830 -0.3324
vn 0.9423 -0.1953 -0.2718
vn 0.8876 -0.3829 -0.2560
vn 0.9616 -0.1955 -0.1925
vn 0.9058 -0.3830 -0.1813
vn 0.9723 -0.1952 -0.1285
vn 0.9159 -0.3826 -0.1212
vn 0.9791 -0.1950 -0.0583
vn 0.9221 -0.3830 -0.0549
vn 0.9802 -0.1953 0.0333
vn 0.9232 -0.3830 0.0313
vn 0.9730 -0.1954 0.1226
vn 0.9165 -0.3830 0.1155
vn 0.9666 -0.1950 0.1662
vn 0.9105 -0.3827 0.1566
vn 0.7068 -0.7071 -0.0191
vn 0.1694 -0.7071 -0.6866
vn 0.1694 -0.7071 -0.6865
vn 0.7069 -0.7071 -0.0189
vn -0.1553 -0.7071 0.6898
vn -0.1552 -0.7071 0.6899
vn -0.0154 -0.7071 0.7069
vn -0.7069 -0.7071 0.0187
vn 0.6860 0.7269 -0.0315
vn -0.1813 0.7496 -0.6365
vn -0.1813 0.7497 -0.6365
vn 0.4256 -0.7075 0.5643
vn 0.4517 -0.7071 0.5440
vn 0.3741 -0.7074 0.5998
vn 0.3254 -0.7073 0.6276
vn 0.2828 -0.7072 0.6480
vn 0.2333 -0.7075 0.6672
vn 0.1701 -0.7075 0.6859
vn 0.1073 -0.7075 0.6986
vn 0.0440 -0.7075 0.7054
vn -0.0219 -0.7075 0.7064
vn -0.0875 -0.7075 0.7013
vn -0.1511 -0.7074 0.6904
vn -0.2077 -0.7073 0.6757
vn -0.2569 -0.7073 0.6586
vn -0.3059 -0.7074 0.6372
vn -0.3591 -0.7074 0.6088
vn -0.4126 -0.7075 0.5737
vn -0.4640 -0.7075 0.5331
vn -0.5116 -0.7074 0.4876
vn -0.5511 -0.7074 0.4426
vn -0.5830 -0.7073 0.3997
vn -0.6126 -0.7074 0.3525
vn -0.6414 -0.7075 0.2968
vn -0.6673 -0.7076 0.2326
vn -0.6874 -0.7075 0.1641
vn -0.7001 -0.7075 0.0968
vn -0.7061 -0.7074 0.0315
vn -0.7057 -0.7075 -0.0370
vn -0.6978 -0.7076 -0.1113
vn -0.6822 -0.7075 -0.1844
vn -0.6614 -0.7074 -0.2491
vn -0.6359 -0.7075 -0.3082
vn -0.6029 -0.7076 -0.3684
vn -0.5621 -0.7076 -0.4283
vn -0.5134 -0.7076 -0.4855
vn -0.4598 -0.7076 -0.5366
vn -0.4035 -0.7076 -0.5801
vn -0.3434 -0.7076 -0.6176
vn -0.2819 -0.7075 -0.6480
vn -0.2187 -0.7075 -0.6720
vn -0.1572 -0.7074 -0.6891
vn -0.1037 -0.7074 -0.6992
vn -0.0522 -0.7074 -0.7049
vn 0.0080 -0.7075 -0.7067
vn 0.0744 -0.7075 -0.7028
vn 0.1398 -0.7075 -0.6928
vn 0.1994 -0.7074 -0.6781
vn 0.2523 -0.7074 -0.6603
vn 0.3068 -0.7074 -0.6367
vn 0.3644 -0.7074 -0.6056
vn 0.4185 -0.7075 -0.5696
vn 0.4683 -0.7075 -0.5294
vn 0.5148 -0.7075 -0.4842
vn 0.5530 -0.7073 -0.4403
vn 0.5800 -0.7073 -0.4042
vn 0.6053 -0.7074 -0.3650
vn 0.6338 -0.7075 -0.3127
vn 0.6595 -0.7074 -0.2542
vn 0.6789 -0.7074 -0.1966
vn 0.6927 -0.7074 -0.1407
vn 0.7004 -0.7072 -0.0964
vn 0.7051 -0.7075 -0.0482
vn 0.7066 -0.7075 0.0161
vn 0.7031 -0.7073 0.0739
vn 0.6974 -0.7072 0.1161
vn 0.6944 -0.7072 0.1331
vn 0.1552 -0.7071 -0.6898
vn -0.7068 -0.7071 0.0187
vn -0.7068 -0.7072 0.0187
vn 0.6860 0.7270 -0.0295
vn -0.1813 0.7491 -0.6372
vn -0.1813 0.7491 -0.6371
vn 0.4255 -0.7075 0.5643
vn 0.4512 -0.7071 0.5445
vn 0.3748 -0.7074 0.5993
vn 0.3265 -0.7073 0.6269
vn 0.2838 -0.7072 0.6475
vn 0.2351 -0.7075 0.6665
vn 0.1747 -0.7074 0.6849
vn 0.1196 -0.7073 0.6967
vn 0.0785 -0.7072 0.7026
vn 0.0373 -0.7073 0.7059
vn -0.0206 -0.7075 0.7064
vn -0.0872 -0.7075 0.7013
vn -0.1527 -0.7075 0.6900
vn -0.2122 -0.7074 0.6742
vn -0.2606 -0.7073 0.6572
vn -0.3074 -0.7074 0.6365
vn -0.3599 -0.7075 0.6083
vn -0.4129 -0.7075 0.5736
vn -0.4641 -0.7075 0.5331
vn -0.5117 -0.7074 0.4876
vn -0.5512 -0.7074 0.4425
vn -0.5833 -0.7073 0.3993
vn -0.6140 -0.7074 0.3501
vn -0.6435 -0.7075 0.2923
vn -0.6681 -0.7075 0.2302
vn -0.6874 -0.7075 0.1640
vn -0.7001 -0.7074 0.0967
vn -0.7060 -0.7075 0.0311
vn -0.7056 -0.7076 -0.0375
vn -0.6977 -0.7077 -0.1117
vn -0.6821 -0.7076 -0.1847
vn -0.6614 -0.7075 -0.2490
vn -0.6361 -0.7075 -0.3079
vn -0.6035 -0.7076 -0.3676
vn -0.5627 -0.7076 -0.4275
vn -0.5136 -0.7076 -0.4852
vn -0.4596 -0.7075 -0.5368
vn -0.4030 -0.7076 -0.5805
vn -0.3427 -0.7075 -0.6180
vn -0.2812 -0.7075 -0.6484
vn -0.2181 -0.7075 -0.6722
vn -0.1569 -0.7074 -0.6892
vn -0.1039 -0.7073 -0.6992
vn -0.0524 -0.7074 -0.7049
vn 0.0745 -0.7075 -0.7028
vn 0.1397 -0.7075 -0.6928
vn 0.1989 -0.7074 -0.6783
vn 0.2512 -0.7073 -0.6608
vn 0.3066 -0.7075 -0.6367
vn 0.3651 -0.7075 -0.6051
vn 0.4201 -0.7075 -0.5683
vn 0.4726 -0.7075 -0.5254
vn 0.5205 -0.7075 -0.4781
vn 0.5630 -0.7075 -0.4272
vn 0.6014 -0.7075 -0.3712
vn 0.6338 -0.7074 -0.3128
vn 0.6595 -0.7074 -0.2544
vn 0.6792 -0.7073 -0.1959
vn 0.6931 -0.7074 -0.1387
vn 0.7009 -0.7072 -0.0928
vn 0.7056 -0.7074 -0.0420
vn 0.7064 -0.7075 0.0240
vn 0.7012 -0.7075 0.0884
vn 0.6969 -0.7071 0.1198
vn 0.3826 -0.9239 -0.0104
vn 0.3825 -0.9239 -0.0104
vn 0.0917 -0.9239 -0.3716
vn 0.0917 -0.9239 -0.3715
vn 0.3826 -0.9239 -0.0102
vn 0.3826 -0.9239 -0.0103
vn -0.0840 -0.9239 0.3733
vn -0.0840 -0.9239 0.3734
vn -0.0083 -0.9239 0.3826
vn -0.3826 -0.9239 0.0101
vn 0.5301 0.8465 -0.0496
vn 0.5301 0.8465 -0.0495
vn -0.0872 0.8768 -0.4729
vn -0.0872 0.8768 -0.4728
vn 0.2302 -0.9240 0.3053
vn 0.2445 -0.9239 0.2944
vn 0.2024 -0.9240 0.3245
vn 0.1760 -0.9240 0.3395
vn 0.1530 -0.9239 0.3506
vn 0.1262 -0.9240 0.3609
vn 0.0920 -0.9240 0.3711
vn 0.0581 -0.9240 0.3780
vn 0.0238 -0.9240 0.3816
vn -0.0119 -0.9240 0.3822
vn -0.0474 -0.9240 0.3794
vn -0.0817 -0.9240 0.3736
vn -0.1124 -0.9240 0.3656
vn -0.1390 -0.9240 0.3563
vn -0.1655 -0.9240 0.3448
vn -0.1943 -0.9240 0.3293
vn -0.2232 -0.9240 0.3104
vn -0.2510 -0.9240 0.2884
vn -0.2768 -0.9240 0.2638
vn -0.2982 -0.9240 0.2395
vn -0.3155 -0.9240 0.2162
vn -0.3314 -0.9240 0.1907
vn -0.3470 -0.9240 0.1606
vn -0.3610 -0.9241 0.1258
vn -0.3718 -0.9240 0.0887
vn -0.3788 -0.9240 0.0524
vn -0.3820 -0.9240 0.0170
vn -0.3817 -0.9241 -0.0200
vn -0.3775 -0.9241 -0.0602
vn -0.3690 -0.9241 -0.0998
vn -0.3578 -0.9240 -0.1347
vn -0.3441 -0.9240 -0.1668
vn -0.3262 -0.9240 -0.1993
vn -0.3041 -0.9240 -0.2317
vn -0.2777 -0.9241 -0.2626
vn -0.2487 -0.9240 -0.2903
vn -0.2182 -0.9241 -0.3138
vn -0.1858 -0.9241 -0.3340
vn -0.1525 -0.9240 -0.3505
vn -0.1183 -0.9240 -0.3636
vn -0.0850 -0.9240 -0.3728
vn -0.0561 -0.9240 -0.3783
vn -0.0282 -0.9240 -0.3814
vn 0.0043 -0.9240 -0.3822
vn 0.0402 -0.9240 -0.3802
vn 0.0756 -0.9240 -0.3748
vn 0.1079 -0.9240 -0.3669
vn 0.1365 -0.9240 -0.3573
vn 0.1659 -0.9240 -0.3444
vn 0.1971 -0.9240 -0.3276
vn 0.2264 -0.9240 -0.3081
vn 0.2533 -0.9240 -0.2864
vn 0.2785 -0.9240 -0.2619
vn 0.2992 -0.9240 -0.2383
vn 0.3139 -0.9239 -0.2187
vn 0.3275 -0.9240 -0.1975
vn 0.3429 -0.9240 -0.1692
vn 0.3568 -0.9240 -0.1375
vn 0.3673 -0.9240 -0.1063
vn 0.3748 -0.9240 -0.0761
vn 0.3790 -0.9239 -0.0522
vn 0.3815 -0.9240 -0.0261
vn 0.3823 -0.9240 0.0087
vn 0.3804 -0.9240 0.0400
vn 0.3775 -0.9239 0.0628
vn 0.3759 -0.9239 0.0720
vn 0.3825 -0.9239 -0.0103
vn 0.0840 -0.9239 -0.3733
vn 0.5301 0.8466 -0.0478
vn -0.0879 0.8763 -0.4736
vn -0.0879 0.8764 -0.4736
vn 0.2442 -0.9239 0.2946
vn 0.2027 -0.9240 0.3242
vn 0.1767 -0.9240 0.3392
vn 0.1536 -0.9239 0.3504
vn 0.1272 -0.9240 0.3606
vn 0.0945 -0.9240 0.3705
vn 0.0647 -0.9240 0.3770
vn 0.0425 -0.9239 0.3803
vn 0.0202 -0.9239 0.3820
vn -0.0111 -0.9240 0.3822
vn -0.0472 -0.9240 0.3794
vn -0.0826 -0.9240 0.3733
vn -0.1148 -0.9240 0.3648
vn -0.1410 -0.9239 0.3556
vn -0.1663 -0.9240 0.3444
vn -0.1947 -0.9240 0.3291
vn -0.2234 -0.9240 0.3103
vn -0.2768 -0.9240 0.2637
vn -0.2983 -0.9240 0.2394
vn -0.3156 -0.9240 0.2161
vn -0.3322 -0.9240 0.1894
vn -0.3481 -0.9240 0.1581
vn -0.3614 -0.9240 0.1245
vn -0.3787 -0.9240 0.0523
vn -0.3820 -0.9240 0.0168
vn -0.3817 -0.9241 -0.0203
vn -0.3774 -0.9241 -0.0604
vn -0.3690 -0.9241 -0.0999
vn -0.3442 -0.9240 -0.1666
vn -0.3265 -0.9241 -0.1989
vn -0.3044 -0.9240 -0.2313
vn -0.2779 -0.9241 -0.2625
vn -0.2486 -0.9240 -0.2904
vn -0.2180 -0.9241 -0.3140
vn -0.1854 -0.9240 -0.3343
vn -0.1521 -0.9240 -0.3508
vn -0.1180 -0.9240 -0.3637
vn -0.0849 -0.9240 -0.3729
vn -0.0562 -0.9239 -0.3784
vn -0.0283 -0.9240 -0.3814
vn 0.0043 -0.9240 -0.3823
vn 0.0403 -0.9240 -0.3802
vn 0.1076 -0.9240 -0.3670
vn 0.1359 -0.9240 -0.3575
vn 0.1659 -0.9240 -0.3445
vn 0.1975 -0.9240 -0.3274
vn 0.2273 -0.9240 -0.3074
vn 0.2557 -0.9240 -0.2843
vn 0.2816 -0.9240 -0.2587
vn 0.3046 -0.9240 -0.2311
vn 0.3254 -0.9240 -0.2008
vn 0.3429 -0.9240 -0.1693
vn 0.3568 -0.9240 -0.1376
vn 0.3674 -0.9240 -0.1060
vn 0.3750 -0.9240 -0.0751
vn 0.3794 -0.9239 -0.0502
vn 0.3817 -0.9240 -0.0227
vn 0.3821 -0.9240 0.0130
vn 0.3794 -0.9240 0.0478
vn 0.3772 -0.9239 0.0648
vn 0.1950 -0.9808 -0.0053
vn 0.1949 -0.9808 -0.0053
vn 0.0467 -0.9808 -0.1895
vn 0.0467 -0.9808 -0.1894
vn 0.1953 -0.9807 -0.0052
vn 0.1950 -0.9808 -0.0052
vn -0.0428 -0.9808 0.1903
vn -0.0042 -0.9808 0.1951
vn -0.0042 -0.9808 0.1950
vn -0.1950 -0.9808 0.0052
vn -0.1950 -0.9808 0.0051
vn -0.3398 0.0820 -0.9369
vn -0.3399 0.0821 -0.9369
vn 0.9537 0.2307 0.1932
vn 0.9537 0.2305 0.1932
vn 0.9537 0.2306 0.1932
vn 0.1174 -0.9808 0.1556
vn 0.1247 -0.9808 0.1502
vn 0.1032 -0.9808 0.1654
vn 0.0897 -0.9808 0.1731
vn 0.0780 -0.9808 0.1788
vn 0.0643 -0.9808 0.1839
vn 0.0469 -0.9808 0.1892
vn 0.0296 -0.9808 0.1926
vn 0.0121 -0.9808 0.1945
vn -0.0061 -0.9808 0.1948
vn -0.0241 -0.9808 0.1934
vn -0.0416 -0.9808 0.1904
vn -0.0573 -0.9808 0.1863
vn -0.0708 -0.9808 0.1816
vn -0.0844 -0.9808 0.1757
vn -0.0990 -0.9808 0.1679
vn -0.1138 -0.9808 0.1582
vn -0.1280 -0.9808 0.1470
vn -0.1411 -0.9808 0.1345
vn -0.1521 -0.9808 0.1221
vn -0.1608 -0.9808 0.1102
vn -0.1690 -0.9808 0.0972
vn -0.1769 -0.9808 0.0818
vn -0.1840 -0.9808 0.0641
vn -0.1895 -0.9808 0.0452
vn -0.1931 -0.9808 0.0267
vn -0.1947 -0.9808 0.0087
vn -0.1946 -0.9808 -0.0102
vn -0.1924 -0.9808 -0.0307
vn -0.1880 -0.9808 -0.0508
vn -0.1825 -0.9808 -0.0687
vn -0.1754 -0.9808 -0.0850
vn -0.1663 -0.9808 -0.1016
vn -0.1550 -0.9808 -0.1181
vn -0.1415 -0.9809 -0.1338
vn -0.1267 -0.9808 -0.1479
vn -0.1113 -0.9808 -0.1600
vn -0.0947 -0.9808 -0.1703
vn -0.0778 -0.9808 -0.1787
vn -0.0603 -0.9808 -0.1853
vn -0.0433 -0.9808 -0.1900
vn -0.0286 -0.9808 -0.1929
vn -0.0144 -0.9808 -0.1945
vn 0.0022 -0.9808 -0.1949
vn 0.0205 -0.9808 -0.1938
vn 0.0385 -0.9808 -0.1911
vn 0.0550 -0.9808 -0.1870
vn 0.0696 -0.9808 -0.1821
vn 0.0846 -0.9808 -0.1756
vn 0.1005 -0.9808 -0.1670
vn 0.1154 -0.9808 -0.1570
vn 0.1292 -0.9808 -0.1460
vn 0.1420 -0.9808 -0.1335
vn 0.1526 -0.9808 -0.1215
vn 0.1601 -0.9808 -0.1115
vn 0.1670 -0.9808 -0.1007
vn 0.1747 -0.9808 -0.0862
vn 0.1819 -0.9808 -0.0701
vn 0.1872 -0.9808 -0.0542
vn 0.1909 -0.9808 -0.0388
vn 0.1932 -0.9808 -0.0266
vn 0.1944 -0.9808 -0.0133
vn 0.1948 -0.9808 0.0044
vn 0.1939 -0.9808 0.0204
vn 0.1924 -0.9808 0.0320
vn 0.1916 -0.9808 0.0367
vn 0.0428 -0.9808 -0.1903
vn -0.1951 -0.9808 0.0052
vn -0.3357 0.0819 -0.9384
vn -0.3356 0.0819 -0.9384
vn 0.9517 0.2327 0.2005
vn 0.9517 0.2325 0.2006
vn 0.9517 0.2326 0.2006
vn 0.9517 0.2326 0.2005
vn 0.1173 -0.9808 0.1556
vn 0.1245 -0.9808 0.1502
vn 0.1033 -0.9808 0.1652
vn 0.0901 -0.9808 0.1730
vn 0.0783 -0.9808 0.1786
vn 0.0648 -0.9808 0.1838
vn 0.0482 -0.9808 0.1889
vn 0.0330 -0.9808 0.1921
vn 0.0217 -0.9808 0.1939
vn 0.0103 -0.9808 0.1947
vn -0.0057 -0.9808 0.1948
vn -0.0240 -0.9808 0.1934
vn -0.0421 -0.9808 0.1903
vn -0.0585 -0.9808 0.1860
vn -0.0719 -0.9808 0.1812
vn -0.0848 -0.9808 0.1756
vn -0.0993 -0.9808 0.1678
vn -0.1139 -0.9808 0.1582
vn -0.1279 -0.9808 0.1470
vn -0.1520 -0.9808 0.1220
vn -0.1609 -0.9808 0.1102
vn -0.1693 -0.9808 0.0966
vn -0.1774 -0.9808 0.0806
vn -0.1843 -0.9808 0.0635
vn -0.1948 -0.9808 0.0086
vn -0.1946 -0.9808 -0.0103
vn -0.1924 -0.9808 -0.0308
vn -0.1881 -0.9808 -0.0509
vn -0.1823 -0.9808 -0.0687
vn -0.1754 -0.9808 -0.0849
vn -0.1664 -0.9808 -0.1014
vn -0.1552 -0.9808 -0.1179
vn -0.1416 -0.9808 -0.1338
vn -0.1268 -0.9808 -0.1481
vn -0.1111 -0.9809 -0.1600
vn -0.0945 -0.9808 -0.1704
vn -0.0776 -0.9808 -0.1788
vn -0.0601 -0.9808 -0.1853
vn -0.0286 -0.9808 -0.1928
vn -0.0144 -0.9808 -0.1944
vn 0.0385 -0.9808 -0.1910
vn 0.0548 -0.9808 -0.1871
vn 0.0693 -0.9808 -0.1822
vn 0.0845 -0.9808 -0.1756
vn 0.1007 -0.9808 -0.1668
vn 0.1158 -0.9808 -0.1567
vn 0.1303 -0.9808 -0.1449
vn 0.1435 -0.9808 -0.1318
vn 0.1552 -0.9808 -0.1178
vn 0.1658 -0.9808 -0.1023
vn 0.1872 -0.9808 -0.0540
vn 0.1911 -0.9808 -0.0383
vn 0.1933 -0.9808 -0.0256
vn 0.1946 -0.9808 -0.0116
vn 0.1947 -0.9808 0.0066
vn 0.1934 -0.9808 0.0243
vn 0.1922 -0.9808 0.0330
vn 0.7069 0.7071 -0.0191
vn 0.7068 0.7071 -0.0191
vn 0.1693 0.7069 -0.6867
vn 0.1693 0.7073 -0.6863
vn 0.7068 0.7072 -0.0189
vn 0.7068 0.7071 -0.0189
vn -0.1553 0.7071 0.6898
vn -0.1552 0.7072 0.6898
vn -0.0153 0.7070 0.7070
vn -0.0154 0.7072 0.7069
vn -0.7069 0.7071 0.0187
vn -0.7069 0.7070 0.0187
vn 0.0625 -0.1363 -0.9887
vn 0.7682 -0.6392 -0.0372
vn 0.7682 -0.6391 -0.0373
vn 0.7681 -0.6392 -0.0373
vn 0.4516 0.7072 0.5440
vn 0.4256 0.7074 0.5643
vn 0.4255 0.7075 0.5643
vn 0.4517 0.7070 0.5441
vn 0.3740 0.7074 0.5997
vn 0.3741 0.7074 0.5998
vn 0.3254 0.7072 0.6276
vn 0.3254 0.7074 0.6275
vn 0.2828 0.7072 0.6480
vn 0.2827 0.7073 0.6479
vn 0.2333 0.7076 0.6671
vn 0.2332 0.7075 0.6672
vn 0.1701 0.7075 0.6859
vn 0.1074 0.7074 0.6986
vn 0.1073 0.7074 0.6986
vn 0.0440 0.7075 0.7054
vn 0.0440 0.7075 0.7053
vn -0.0219 0.7075 0.7064
vn -0.0875 0.7075 0.7013
vn -0.1511 0.7075 0.6904
vn -0.2077 0.7074 0.6756
vn -0.2569 0.7073 0.6585
vn -0.2569 0.7073 0.6586
vn -0.3059 0.7074 0.6372
vn -0.3590 0.7075 0.6087
vn -0.4126 0.7075 0.5738
vn -0.4640 0.7075 0.5331
vn -0.5116 0.7075 0.4876
vn -0.5511 0.7074 0.4426
vn -0.5830 0.7073 0.3997
vn -0.5831 0.7073 0.3996
vn -0.6126 0.7074 0.3525
vn -0.6414 0.7075 0.2968
vn -0.6673 0.7076 0.2326
vn -0.6673 0.7076 0.2325
vn -0.6874 0.7076 0.1640
vn -0.7001 0.7075 0.0968
vn -0.7001 0.7075 0.0969
vn -0.7061 0.7074 0.0315
vn -0.7060 0.7075 0.0315
vn -0.7057 0.7075 -0.0370
vn -0.6976 0.7078 -0.1113
vn -0.6978 0.7076 -0.1113
vn -0.6822 0.7075 -0.1844
vn -0.6821 0.7076 -0.1844
vn -0.6613 0.7075 -0.2490
vn -0.6614 0.7075 -0.2490
vn -0.6360 0.7074 -0.3083
vn -0.6359 0.7075 -0.3083
vn -0.6029 0.7077 -0.3684
vn -0.6030 0.7075 -0.3685
vn -0.5619 0.7077 -0.4282
vn -0.5622 0.7075 -0.4283
vn -0.5134 0.7077 -0.4854
vn -0.5134 0.7076 -0.4855
vn -0.4597 0.7076 -0.5366
vn -0.4597 0.7076 -0.5367
vn -0.4035 0.7075 -0.5801
vn -0.4034 0.7076 -0.5802
vn -0.3435 0.7074 -0.6177
vn -0.3434 0.7076 -0.6176
vn -0.2819 0.7075 -0.6481
vn -0.2819 0.7075 -0.6480
vn -0.2187 0.7075 -0.6720
vn -0.1571 0.7074 -0.6891
vn -0.1572 0.7074 -0.6891
vn -0.1037 0.7073 -0.6992
vn -0.0522 0.7074 -0.7049
vn -0.0522 0.7073 -0.7050
vn 0.0080 0.7075 -0.7067
vn 0.0744 0.7075 -0.7028
vn 0.0743 0.7075 -0.7028
vn 0.1398 0.7075 -0.6928
vn 0.1994 0.7074 -0.6781
vn 0.2523 0.7074 -0.6602
vn 0.2523 0.7074 -0.6603
vn 0.3068 0.7075 -0.6367
vn 0.3067 0.7075 -0.6367
vn 0.3644 0.7075 -0.6055
vn 0.3643 0.7075 -0.6056
vn 0.4185 0.7075 -0.5695
vn 0.4682 0.7075 -0.5294
vn 0.5149 0.7074 -0.4842
vn 0.5147 0.7075 -0.4842
vn 0.5531 0.7073 -0.4403
vn 0.5530 0.7074 -0.4403
vn 0.5801 0.7072 -0.4042
vn 0.6053 0.7074 -0.3650
vn 0.6338 0.7075 -0.3127
vn 0.6595 0.7074 -0.2542
vn 0.6594 0.7075 -0.2542
vn 0.6789 0.7074 -0.1966
vn 0.6789 0.7075 -0.1965
vn 0.6926 0.7074 -0.1407
vn 0.6927 0.7074 -0.1407
vn 0.7004 0.7073 -0.0964
vn 0.7005 0.7071 -0.0965
vn 0.7051 0.7075 -0.0482
vn 0.7052 0.7074 -0.0481
vn 0.7065 0.7076 0.0161
vn 0.7066 0.7074 0.0161
vn 0.7030 0.7073 0.0739
vn 0.7029 0.7074 0.0739
vn 0.6975 0.7071 0.1160
vn 0.6974 0.7072 0.1161
vn 0.6945 0.7071 0.1331
vn 0.1552 0.7071 -0.6898
vn 0.1552 0.7071 -0.6899
vn -0.7068 0.7071 0.0187
vn -0.7068 0.7072 0.0187
vn 0.0653 -0.1362 -0.9885
vn 0.0652 -0.1362 -0.9885
vn 0.7678 -0.6398 -0.0347
vn 0.7678 -0.6397 -0.0347
vn 0.7678 -0.6398 -0.0348
vn 0.7677 -0.6398 -0.0347
vn 0.4512 0.7071 0.5445
vn 0.4511 0.7071 0.5445
vn 0.3747 0.7074 0.5993
vn 0.3748 0.7074 0.5993
vn 0.3265 0.7073 0.6270
vn 0.3264 0.7074 0.6270
vn 0.2839 0.7072 0.6475
vn 0.2838 0.7073 0.6474
vn 0.2351 0.7075 0.6665
vn 0.1747 0.7075 0.6848
vn 0.1746 0.7074 0.6849
vn 0.1196 0.7074 0.6966
vn 0.1196 0.7073 0.6967
vn 0.0786 0.7072 0.7026
vn 0.0785 0.7072 0.7026
vn 0.0373 0.7073 0.7059
vn 0.0374 0.7073 0.7059
vn -0.0206 0.7075 0.7064
vn -0.0205 0.7075 0.7064
vn -0.0872 0.7075 0.7013
vn -0.1526 0.7075 0.6901
vn -0.1527 0.7075 0.6901
vn -0.2122 0.7074 0.6742
vn -0.2606 0.7072 0.6572
vn -0.2606 0.7073 0.6571
vn -0.3074 0.7073 0.6366
vn -0.3074 0.7074 0.6365
vn -0.3599 0.7074 0.6083
vn -0.3599 0.7075 0.6083
vn -0.4129 0.7074 0.5736
vn -0.4129 0.7075 0.5736
vn -0.4640 0.7075 0.5330
vn -0.5116 0.7075 0.4875
vn -0.5116 0.7076 0.4875
vn -0.5512 0.7074 0.4425
vn -0.5833 0.7073 0.3993
vn -0.5832 0.7074 0.3993
vn -0.6139 0.7075 0.3501
vn -0.6434 0.7075 0.2923
vn -0.6434 0.7076 0.2923
vn -0.6682 0.7075 0.2302
vn -0.6681 0.7076 0.2302
vn -0.6874 0.7075 0.1640
vn -0.7001 0.7075 0.0966
vn -0.7061 0.7075 0.0311
vn -0.7060 0.7076 0.0311
vn -0.7057 0.7075 -0.0375
vn -0.7057 0.7076 -0.0375
vn -0.6977 0.7077 -0.1117
vn -0.6976 0.7077 -0.1117
vn -0.6822 0.7075 -0.1847
vn -0.6821 0.7075 -0.1846
vn -0.6614 0.7074 -0.2491
vn -0.6361 0.7075 -0.3078
vn -0.6362 0.7074 -0.3080
vn -0.6035 0.7076 -0.3676
vn -0.5627 0.7075 -0.4275
vn -0.5626 0.7076 -0.4275
vn -0.5136 0.7077 -0.4851
vn -0.5136 0.7077 -0.4852
vn -0.4596 0.7076 -0.5368
vn -0.4596 0.7075 -0.5368
vn -0.4029 0.7076 -0.5805
vn -0.4030 0.7075 -0.5805
vn -0.3427 0.7076 -0.6180
vn -0.2812 0.7075 -0.6483
vn -0.2182 0.7075 -0.6722
vn -0.2181 0.7075 -0.6722
vn -0.1569 0.7074 -0.6892
vn -0.1039 0.7073 -0.6992
vn -0.1038 0.7074 -0.6992
vn -0.0524 0.7074 -0.7049
vn -0.0523 0.7074 -0.7049
vn 0.0080 0.7075 -0.7066
vn 0.0745 0.7075 -0.7028
vn 0.1397 0.7075 -0.6928
vn 0.1988 0.7074 -0.6783
vn 0.1989 0.7074 -0.6783
vn 0.2512 0.7074 -0.6607
vn 0.3066 0.7075 -0.6367
vn 0.3651 0.7075 -0.6051
vn 0.4201 0.7075 -0.5683
vn 0.4726 0.7075 -0.5255
vn 0.4726 0.7075 -0.5254
vn 0.5205 0.7075 -0.4781
vn 0.5204 0.7075 -0.4781
vn 0.5630 0.7075 -0.4272
vn 0.6013 0.7076 -0.3712
vn 0.6014 0.7075 -0.3712
vn 0.6337 0.7075 -0.3128
vn 0.6594 0.7074 -0.2543
vn 0.6595 0.7074 -0.2543
vn 0.6791 0.7075 -0.1958
vn 0.6791 0.7074 -0.1959
vn 0.6930 0.7074 -0.1387
vn 0.6931 0.7074 -0.1388
vn 0.7009 0.7072 -0.0928
vn 0.7010 0.7072 -0.0927
vn 0.7055 0.7075 -0.0420
vn 0.7055 0.7074 -0.0420
vn 0.7064 0.7074 0.0240
vn 0.7013 0.7074 0.0883
vn 0.7012 0.7075 0.0883
vn 0.6969 0.7071 0.1198
vn 0.6968 0.7072 0.1198
vn -0.0000 -1.0000 -0.0000
vn -0.0000 1.0000 -0.0000
vt 0.000000 1.000000
vt 0.007437 1.000000
vt 0.007437 0.000000
vt 0.000000 0.000000
vt 0.015047 1.000000
vt 0.015047 0.000000
vt 0.219800 1.000000
vt 0.219800 0.000000
vt 0.222028 1.000000
vt 0.222028 0.000000
vt 0.224545 1.000000
vt 0.224545 0.000000
vt 0.227104 1.000000
vt 0.227104 0.000000
vt 0.229696 1.000000
vt 0.229696 0.000000
vt 0.232574 1.000000
vt 0.232574 0.000000
vt 0.236311 1.000000
vt 0.236311 0.000000
vt 0.240831 1.000000
vt 0.240831 0.000000
vt 0.246152 1.000000
vt 0.246152 0.000000
vt 0.251502 1.000000
vt 0.251502 0.000000
vt 0.257617 1.000000
vt 0.257617 0.000000
vt 0.264476 1.000000
vt 0.264476 0.000000
vt 0.271313 1.000000
vt 0.271313 0.000000
vt 0.278867 1.000000
vt 0.278867 0.000000
vt 0.284112 1.000000
vt 0.284112 0.000000
vt 0.289308 1.000000
vt 0.289308 0.000000
vt 0.295198 1.000000
vt 0.295198 0.000000
vt 0.301034 1.000000
vt 0.301034 0.000000
vt 0.306803 1.000000
vt 0.306803 0.000000
vt 0.312495 1.000000
vt 0.312495 0.000000
vt 0.317408 1.000000
vt 0.317408 0.000000
vt 0.320877 1.000000
vt 0.320877 0.000000
vt 0.324999 1.000000
vt 0.324999 0.000000
vt 0.329687 1.000000
vt 0.329687 0.000000
vt 0.334377 1.000000
vt 0.334377 0.000000
vt 0.338357 1.000000
vt 0.338357 0.000000
vt 0.341630 1.000000
vt 0.341630 0.000000
vt 0.344220 1.000000
vt 0.344220 0.000000
vt 0.346790 1.000000
vt 0.346790 0.000000
vt 0.349352 1.000000
vt 0.349352 0.000000
vt 0.351923 1.000000
vt 0.351923 0.000000
vt 0.353873 1.000000
vt 0.353873 0.000000
vt 0.355854 1.000000
vt 0.355854 0.000000
vt 0.357881 1.000000
vt 0.357881 0.000000
vt 0.359931 1.000000
vt 0.359931 0.000000
vt 0.362658 1.000000
vt 0.362658 0.000000
vt 0.365402 1.000000
vt 0.365402 0.000000
vt 0.368180 1.000000
vt 0.368180 0.000000
vt 0.371712 1.000000
vt 0.371712 0.000000
vt 0.375318 1.000000
vt 0.375318 0.000000
vt 0.379732 1.000000
vt 0.379732 0.000000
vt 0.384964 1.000000
vt 0.384964 0.000000
vt 0.389473 1.000000
vt 0.389473 0.000000
vt 0.393948 1.000000
vt 0.393948 0.000000
vt 0.400011 1.000000
vt 0.400011 0.000000
vt 0.406837 1.000000
vt 0.406837 0.000000
vt 0.413653 1.000000
vt 0.413653 0.000000
vt 0.420441 1.000000
vt 0.420441 0.000000
vt 0.425685 1.000000
vt 0.425685 0.000000
vt 0.431620 1.000000
vt 0.431620 0.000000
vt 0.438968 1.000000
vt 0.438968 0.000000
vt 0.445526 1.000000
vt 0.445526 0.000000
vt 0.451290 1.000000
vt 0.451290 0.000000
vt 0.456981 1.000000
vt 0.456981 0.000000
vt 0.461902 1.000000
vt 0.461902 0.000000
vt 0.464693 1.000000
vt 0.464693 0.000000
vt 0.467470 1.000000
vt 0.467470 0.000000
vt 0.471920 1.000000
vt 0.471920 0.000000
vt 0.475653 1.000000
vt 0.475653 0.000000
vt 0.479018 1.000000
vt 0.479018 0.000000
vt 0.481693 1.000000
vt 0.481693 0.000000
vt 0.484360 1.000000
vt 0.484360 0.000000
vt 0.485332 1.000000
vt 0.485332 0.000000
vt 0.486307 1.000000
vt 0.486307 0.000000
vt 0.486559 1.000000
vt 0.486559 0.000000
vt 0.656805 1.000000
vt 0.656805 0.000000
vt 0.661414 1.000000
vt 0.661414 0.000000
vt 0.665767 1.000000
vt 0.665767 0.000000
vt 0.669997 1.000000
vt 0.669997 0.000000
vt 0.674209 1.000000
vt 0.674209 0.000000
vt 0.678475 1.000000
vt 0.678475 0.000000
vt 0.685061 1.000000
vt 0.685061 0.000000
vt 0.716254 1.000000
vt 0.716254 0.000000
vt 0.723990 1.000000
vt 0.723990 0.000000
vt 0.729332 1.000000
vt 0.729332 0.000000
vt 0.734893 1.000000
vt 0.734893 0.000000
vt 0.740756 1.000000
vt 0.740756 0.000000
vt 0.747022 1.000000
vt 0.747022 0.000000
vt 0.753803 1.000000
vt 0.753803 0.000000
vt 0.761219 1.000000
vt 0.761219 0.000000
vt 0.773799 1.000000
vt 0.773799 0.000000
vt 0.788497 1.000000
vt 0.788497 0.000000
vt 0.805709 1.000000
vt 0.805709 0.000000
vt 0.853195 1.000000
vt 0.853195 0.000000
vt 0.875549 1.000000
vt 0.875549 0.000000
vt 0.888417 1.000000
vt 0.888417 0.000000
vt 0.895500 1.000000
vt 0.895500 0.000000
vt 0.901629 1.000000
vt 0.901629 0.000000
vt 0.907029 1.000000
vt 0.907029 0.000000
vt 0.911929 1.000000
vt 0.911929 0.000000
vt 0.916546 1.000000
vt 0.916546 0.000000
vt 0.921062 1.000000
vt 0.921062 0.000000
vt 0.925612 1.000000
vt 0.925612 0.000000
vt 0.937641 1.000000
vt 0.937641 0.000000
vt 0.951094 1.000000
vt 0.951094 0.000000
vt 0.960116 1.000000
vt 0.960116 0.000000
vt 0.970163 1.000000
vt 0.970163 0.000000
vt 0.977624 1.000000
vt 0.977624 0.000000
vt 0.985859 1.000000
vt 0.985859 0.000000
vt 1.000000 1.000000
vt 1.000000 0.000000
vt 0.007437 0.750000
vt 0.000000 0.750000
vt 0.015047 0.750000
vt 0.219800 0.750000
vt 0.222028 0.750000
vt 0.224545 0.750000
vt 0.227104 0.750000
vt 0.229696 0.750000
vt 0.232574 0.750000
vt 0.236311 0.750000
vt 0.240831 0.750000
vt 0.246152 0.750000
vt 0.251502 0.750000
vt 0.257617 0.750000
vt 0.264476 0.750000
vt 0.271313 0.750000
vt 0.278867 0.750000
vt 0.284112 0.750000
vt 0.289308 0.750000
vt 0.295198 0.750000
vt 0.301034 0.750000
vt 0.306803 0.750000
vt 0.312495 0.750000
vt 0.317408 0.750000
vt 0.320877 0.750000
vt 0.324999 0.750000
vt 0.329687 0.750000
vt 0.334377 0.750000
vt 0.338357 0.750000
vt 0.341630 0.750000
vt 0.344220 0.750000
vt 0.346790 0.750000
vt 0.349352 0.750000
vt 0.351923 0.750000
vt 0.353873 0.750000
vt 0.355854 0.750000
vt 0.357881 0.750000
vt 0.359931 0.750000
vt 0.362658 0.750000
vt 0.365402 0.750000
vt 0.368180 0.750000
vt 0.371712 0.750000
vt 0.375318 0.750000
vt 0.379732 0.750000
vt 0.384964 0.750000
vt 0.389473 0.750000
vt 0.393948 0.750000
vt 0.400011 0.750000
vt 0.406837 0.750000
vt 0.413653 0.750000
vt 0.420441 0.750000
vt 0.425685 0.750000
vt 0.431620 0.750000
vt 0.438968 0.750000
vt 0.445526 0.750000
vt 0.451290 0.750000
vt 0.456981 0.750000
vt 0.461902 0.750000
vt 0.464693 0.750000
vt 0.467470 0.750000
vt 0.471920 0.750000
vt 0.475653 0.750000
vt 0.479018 0.750000
vt 0.481693 0.750000
vt 0.484360 0.750000
vt 0.485332 0.750000
vt 0.486307 0.750000
vt 0.486559 0.750000
vt 0.656805 0.750000
vt 0.661414 0.750000
vt 0.665767 0.750000
vt 0.669997 0.750000
vt 0.674209 0.750000
vt 0.678475 0.750000
vt 0.685061 0.750000
vt 0.716254 0.750000
vt 0.723990 0.750000
vt 0.729332 0.750000
vt 0.734893 0.750000
vt 0.740756 0.750000
vt 0.747022 0.750000
vt 0.753803 0.750000
vt 0.761219 0.750000
vt 0.773799 0.750000
vt 0.788497 0.750000
vt 0.805709 0.750000
vt 0.853195 0.750000
vt 0.875549 0.750000
vt 0.888417 0.750000
vt 0.895500 0.750000
vt 0.901629 0.750000
vt 0.907029 0.750000
vt 0.911929 0.750000
vt 0.916546 0.750000
vt 0.921062 0.750000
vt 0.925612 0.750000
vt 0.937641 0.750000
vt 0.951094 0.750000
vt 0.960116 0.750000
vt 0.970163 0.750000
vt 0.977624 0.750000
vt 0.985859 0.750000
vt 1.000000 0.750000
vt 0.007437 0.500000
vt 0.000000 0.500000
vt 0.015047 0.500000
vt 0.219800 0.500000
vt 0.222028 0.500000
vt 0.224545 0.500000
vt 0.227104 0.500000
vt 0.229696 0.500000
vt 0.232574 0.500000
vt 0.236311 0.500000
vt 0.240831 0.500000
vt 0.246152 0.500000
vt 0.251502 0.500000
vt 0.257617 0.500000
vt 0.264476 0.500000
vt 0.271313 0.500000
vt 0.278867 0.500000
vt 0.284112 0.500000
vt 0.289308 0.500000
vt 0.295198 0.500000
vt 0.301034 0.500000
vt 0.306803 0.500000
vt 0.312495 0.500000
vt 0.317408 0.500000
vt 0.320877 0.500000
vt 0.324999 0.500000
vt 0.329687 0.500000
vt 0.334377 0.500000
vt 0.338357 0.500000
vt 0.341630 0.500000
vt 0.344220 0.500000
vt 0.346790 0.500000
vt 0.349352 0.500000
vt 0.351923 0.500000
vt 0.353873 0.500000
vt 0.355854 0.500000
vt 0.357881 0.500000
vt 0.359931 0.500000
vt 0.362658 0.500000
vt 0.365402 0.500000
vt 0.368180 0.500000
vt 0.371712 0.500000
vt 0.375318 0.500000
vt 0.379732 0.500000
vt 0.384964 0.500000
vt 0.389473 0.500000
vt 0.393948 0.500000
vt 0.400011 0.500000
vt 0.406837 0.500000
vt 0.413653 0.500000
vt 0.420441 0.500000
vt 0.425685 0.500000
vt 0.431620 0.500000
vt 0.438968 0.500000
vt 0.445526 0.500000
vt 0.451290 0.500000
vt 0.456981 0.500000
vt 0.461902 0.500000
vt 0.464693 0.500000
vt 0.467470 0.500000
vt 0.471920 0.500000
vt 0.475653 0.500000
vt 0.479018 0.500000
vt 0.481693 0.500000
vt 0.484360 0.500000
vt 0.485332 0.500000
vt 0.486307 0.500000
vt 0.486559 0.500000
vt 0.656805 0.500000
vt 0.661414 0.500000
vt 0.665767 0.500000
vt 0.669997 0.500000
vt 0.674209 0.500000
vt 0.678475 0.500000
vt 0.685061 0.500000
vt 0.716254 0.500000
vt 0.723990 0.500000
vt 0.729332 0.500000
vt 0.734893 0.500000
vt 0.740756 0.500000
vt 0.747022 0.500000
vt 0.753803 0.500000
vt 0.761219 0.500000
vt 0.773799 0.500000
vt 0.788497 0.500000
vt 0.805709 0.500000
vt 0.853195 0.500000
vt 0.875549 0.500000
vt 0.888417 0.500000
vt 0.895500 0.500000
vt 0.901629 0.500000
vt 0.907029 0.500000
vt 0.911929 0.500000
vt 0.916546 0.500000
vt 0.921062 0.500000
vt 0.925612 0.500000
vt 0.937641 0.500000
vt 0.951094 0.500000
vt 0.960116 0.500000
vt 0.970163 0.500000
vt 0.977624 0.500000
vt 0.985859 0.500000
vt 1.000000 0.500000
vt 0.007437 0.250000
vt 0.000000 0.250000
vt 0.015047 0.250000
vt 0.219800 0.250000
vt 0.222028 0.250000
vt 0.224545 0.250000
vt 0.227104 0.250000
vt 0.229696 0.250000
vt 0.232574 0.250000
vt 0.236311 0.250000
vt 0.240831 0.250000
vt 0.246152 0.250000
vt 0.251502 0.250000
vt 0.257617 0.250000
vt 0.264476 0.250000
vt 0.271313 0.250000
vt 0.278867 0.250000
vt 0.284112 0.250000
vt 0.289308 0.250000
vt 0.295198 0.250000
vt 0.301034 0.250000
vt 0.306803 0.250000
vt 0.312495 0.250000
vt 0.317408 0.250000
vt 0.320877 0.250000
vt 0.324999 0.250000
vt 0.329687 0.250000
vt 0.334377 0.250000
vt 0.338357 0.250000
vt 0.341630 0.250000
vt 0.344220 0.250000
vt 0.346790 0.250000
vt 0.349352 0.250000
vt 0.351923 0.250000
vt 0.353873 0.250000
vt 0.355854 0.250000
vt 0.357881 0.250000
vt 0.359931 0.250000
vt 0.362658 0.250000
vt 0.365402 0.250000
vt 0.368180 0.250000
vt 0.371712 0.250000
vt 0.375318 0.250000
vt 0.379732 0.250000
vt 0.384964 0.250000
vt 0.389473 0.250000
vt 0.393948 0.250000
vt 0.400011 0.250000
vt 0.406837 0.250000
vt 0.413653 0.250000
vt 0.420441 0.250000
vt 0.425685 0.250000
vt 0.431620 0.250000
vt 0.438968 0.250000
vt 0.445526 0.250000
vt 0.451290 0.250000
vt 0.456981 0.250000
vt 0.461902 0.250000
vt 0.464693 0.250000
vt 0.467470 0.250000
vt 0.471920 0.250000
vt 0.475653 0.250000
vt 0.479018 0.250000
vt 0.481693 0.250000
vt 0.484360 0.250000
vt 0.485332 0.250000
vt 0.486307 0.250000
vt 0.486559 0.250000
vt 0.656805 0.250000
vt 0.661414 0.250000
vt 0.665767 0.250000
vt 0.669997 0.250000
vt 0.674209 0.250000
vt 0.678475 0.250000
vt 0.685061 0.250000
vt 0.716254 0.250000
vt 0.723990 0.250000
vt 0.729332 0.250000
vt 0.734893 0.250000
vt 0.740756 0.250000
vt 0.747022 0.250000
vt 0.753803 0.250000
vt 0.761219 0.250000
vt 0.773799 0.250000
vt 0.788497 0.250000
vt 0.805709 0.250000
vt 0.853195 0.250000
vt 0.875549 0.250000
vt 0.888417 0.250000
vt 0.895500 0.250000
vt 0.901629 0.250000
vt 0.907029 0.250000
vt 0.911929 0.250000
vt 0.916546 0.250000
vt 0.921062 0.250000
vt 0.925612 0.250000
vt 0.937641 0.250000
vt 0.951094 0.250000
vt 0.960116 0.250000
vt 0.970163 0.250000
vt 0.977624 0.250000
vt 0.985859 0.250000
vt 1.000000 0.250000
vt 0.010995 1.000000
vt 0.010995 0.000000
vt 0.301613 1.000000
vt 0.301613 0.000000
vt 0.304791 1.000000
vt 0.304791 0.000000
vt 0.308393 1.000000
vt 0.308393 0.000000
vt 0.312061 1.000000
vt 0.312061 0.000000
vt 0.315784 1.000000
vt 0.315784 0.000000
vt 0.319923 1.000000
vt 0.319923 0.000000
vt 0.325863 1.000000
vt 0.325863 0.000000
vt 0.332402 1.000000
vt 0.332402 0.000000
vt 0.339540 1.000000
vt 0.339540 0.000000
vt 0.347249 1.000000
vt 0.347249 0.000000
vt 0.356074 1.000000
vt 0.356074 0.000000
vt 0.365972 1.000000
vt 0.365972 0.000000
vt 0.375832 1.000000
vt 0.375832 0.000000
vt 0.386713 1.000000
vt 0.386713 0.000000
vt 0.394262 1.000000
vt 0.394262 0.000000
vt 0.401732 1.000000
vt 0.401732 0.000000
vt 0.410211 1.000000
vt 0.410211 0.000000
vt 0.418594 1.000000
vt 0.418594 0.000000
vt 0.426863 1.000000
vt 0.426863 0.000000
vt 0.435001 1.000000
vt 0.435001 0.000000
vt 0.442008 1.000000
vt 0.442008 0.000000
vt 0.446946 1.000000
vt 0.446946 0.000000
vt 0.452802 1.000000
vt 0.452802 0.000000
vt 0.459484 1.000000
vt 0.459484 0.000000
vt 0.465208 1.000000
vt 0.465208 0.000000
vt 0.470877 1.000000
vt 0.470877 0.000000
vt 0.475538 1.000000
vt 0.475538 0.000000
vt 0.479223 1.000000
vt 0.479223 0.000000
vt 0.482877 1.000000
vt 0.482877 0.000000
vt 0.486515 1.000000
vt 0.486515 0.000000
vt 0.490160 1.000000
vt 0.490160 0.000000
vt 0.492919 1.000000
vt 0.492919 0.000000
vt 0.495720 1.000000
vt 0.495720 0.000000
vt 0.497620 1.000000
vt 0.497620 0.000000
vt 0.499554 1.000000
vt 0.499554 0.000000
vt 0.502483 1.000000
vt 0.502483 0.000000
vt 0.506388 1.000000
vt 0.506388 0.000000
vt 0.510323 1.000000
vt 0.510323 0.000000
vt 0.514313 1.000000
vt 0.514313 0.000000
vt 0.519395 1.000000
vt 0.519395 0.000000
vt 0.524589 1.000000
vt 0.524589 0.000000
vt 0.530953 1.000000
vt 0.530953 0.000000
vt 0.538504 1.000000
vt 0.538504 0.000000
vt 0.545013 1.000000
vt 0.545013 0.000000
vt 0.551473 1.000000
vt 0.551473 0.000000
vt 0.560217 1.000000
vt 0.560217 0.000000
vt 0.570059 1.000000
vt 0.570059 0.000000
vt 0.579886 1.000000
vt 0.579886 0.000000
vt 0.589665 1.000000
vt 0.589665 0.000000
vt 0.597213 1.000000
vt 0.597213 0.000000
vt 0.605749 1.000000
vt 0.605749 0.000000
vt 0.616310 1.000000
vt 0.616310 0.000000
vt 0.625719 1.000000
vt 0.625719 0.000000
vt 0.633975 1.000000
vt 0.633975 0.000000
vt 0.642116 1.000000
vt 0.642116 0.000000
vt 0.649144 1.000000
vt 0.649144 0.000000
vt 0.653126 1.000000
vt 0.653126 0.000000
vt 0.657086 1.000000
vt 0.657086 0.000000
vt 0.663422 1.000000
vt 0.663422 0.000000
vt 0.668734 1.000000
vt 0.668734 0.000000
vt 0.673519 1.000000
vt 0.673519 0.000000
vt 0.677320 1.000000
vt 0.677320 0.000000
vt 0.681107 1.000000
vt 0.681107 0.000000
vt 0.682483 1.000000
vt 0.682483 0.000000
vt 0.683868 1.000000
vt 0.683868 0.000000
vt 0.684232 1.000000
vt 0.684232 0.000000
vt 0.010995 0.750000
vt 0.301613 0.750000
vt 0.304791 0.750000
vt 0.308393 0.750000
vt 0.312061 0.750000
vt 0.315784 0.750000
vt 0.319923 0.750000
vt 0.325863 0.750000
vt 0.332402 0.750000
vt 0.339540 0.750000
vt 0.347249 0.750000
vt 0.356074 0.750000
vt 0.365972 0.750000
vt 0.375832 0.750000
vt 0.386713 0.750000
vt 0.394262 0.750000
vt 0.401732 0.750000
vt 0.410211 0.750000
vt 0.418594 0.750000
vt 0.426863 0.750000
vt 0.435001 0.750000
vt 0.442008 0.750000
vt 0.446946 0.750000
vt 0.452802 0.750000
vt 0.459484 0.750000
vt 0.465208 0.750000
vt 0.470877 0.750000
vt 0.475538 0.750000
vt 0.479223 0.750000
vt 0.482877 0.750000
vt 0.486515 0.750000
vt 0.490160 0.750000
vt 0.492919 0.750000
vt 0.495720 0.750000
vt 0.497620 0.750000
vt 0.499554 0.750000
vt 0.502483 0.750000
vt 0.506388 0.750000
vt 0.510323 0.750000
vt 0.514313 0.750000
vt 0.519395 0.750000
vt 0.524589 0.750000
vt 0.530953 0.750000
vt 0.538504 0.750000
vt 0.545013 0.750000
vt 0.551473 0.750000
vt 0.560217 0.750000
vt 0.570059 0.750000
vt 0.579886 0.750000
vt 0.589665 0.750000
vt 0.597213 0.750000
vt 0.605749 0.750000
vt 0.616310 0.750000
vt 0.625719 0.750000
vt 0.633975 0.750000
vt 0.642116 0.750000
vt 0.649144 0.750000
vt 0.653126 0.750000
vt 0.657086 0.750000
vt 0.663422 0.750000
vt 0.668734 0.750000
vt 0.673519 0.750000
vt 0.677320 0.750000
vt 0.681107 0.750000
vt 0.682483 0.750000
vt 0.683868 0.750000
vt 0.684232 0.750000
vt 0.010995 0.500000
vt 0.301613 0.500000
vt 0.304791 0.500000
vt 0.308393 0.500000
vt 0.312061 0.500000
vt 0.315784 0.500000
vt 0.319923 0.500000
vt 0.325863 0.500000
vt 0.332402 0.500000
vt 0.339540 0.500000
vt 0.347249 0.500000
vt 0.356074 0.500000
vt 0.365972 0.500000
vt 0.375832 0.500000
vt 0.386713 0.500000
vt 0.394262 0.500000
vt 0.401732 0.500000
vt 0.410211 0.500000
vt 0.418594 0.500000
vt 0.426863 0.500000
vt 0.435001 0.500000
vt 0.442008 0.500000
vt 0.446946 0.500000
vt 0.452802 0.500000
vt 0.459484 0.500000
vt 0.465208 0.500000
vt 0.470877 0.500000
vt 0.475538 0.500000
vt 0.479223 0.500000
vt 0.482877 0.500000
vt 0.486515 0.500000
vt 0.490160 0.500000
vt 0.492919 0.500000
vt 0.495720 0.500000
vt 0.497620 0.500000
vt 0.499554 0.500000
vt 0.502483 0.500000
vt 0.506388 0.500000
vt 0.510323 0.500000
vt 0.514313 0.500000
vt 0.519395 0.500000
vt 0.524589 0.500000
vt 0.530953 0.500000
vt 0.538504 0.500000
vt 0.545013 0.500000
vt 0.551473 0.500000
vt 0.560217 0.500000
vt 0.570059 0.500000
vt 0.579886 0.500000
vt 0.589665 0.500000
vt 0.597213 0.500000
vt 0.605749 0.500000
vt 0.616310 0.500000
vt 0.625719 0.500000
vt 0.633975 0.500000
vt 0.642116 0.500000
vt 0.649144 0.500000
vt 0.653126 0.500000
vt 0.657086 0.500000
vt 0.663422 0.500000
vt 0.668734 0.500000
vt 0.673519 0.500000
vt 0.677320 0.500000
vt 0.681107 0.500000
vt 0.682483 0.500000
vt 0.683868 0.500000
vt 0.684232 0.500000
vt 0.010995 0.250000
vt 0.301613 0.250000
vt 0.304791 0.250000
vt 0.308393 0.250000
vt 0.312061 0.250000
vt 0.315784 0.250000
vt 0.319923 0.250000
vt 0.325863 0.250000
vt 0.332402 0.250000
vt 0.339540 0.250000
vt 0.347249 0.250000
vt 0.356074 0.250000
vt 0.365972 0.250000
vt 0.375832 0.250000
vt 0.386713 0.250000
vt 0.394262 0.250000
vt 0.401732 0.250000
vt 0.410211 0.250000
vt 0.418594 0.250000
vt 0.426863 0.250000
vt 0.435001 0.250000
vt 0.442008 0.250000
vt 0.446946 0.250000
vt 0.452802 0.250000
vt 0.459484 0.250000
vt 0.465208 0.250000
vt 0.470877 0.250000
vt 0.475538 0.250000
vt 0.479223 0.250000
vt 0.482877 0.250000
vt 0.486515 0.250000
vt 0.490160 0.250000
vt 0.492919 0.250000
vt 0.495720 0.250000
vt 0.497620 0.250000
vt 0.499554 0.250000
vt 0.502483 0.250000
vt 0.506388 0.250000
vt 0.510323 0.250000
vt 0.514313 0.250000
vt 0.519395 0.250000
vt 0.524589 0.250000
vt 0.530953 0.250000
vt 0.538504 0.250000
vt 0.545013 0.250000
vt 0.551473 0.250000
vt 0.560217 0.250000
vt 0.570059 0.250000
vt 0.579886 0.250000
vt 0.589665 0.250000
vt 0.597213 0.250000
vt 0.605749 0.250000
vt 0.616310 0.250000
vt 0.625719 0.250000
vt 0.633975 0.250000
vt 0.642116 0.250000
vt 0.649144 0.250000
vt 0.653126 0.250000
vt 0.657086 0.250000
vt 0.663422 0.250000
vt 0.668734 0.250000
vt 0.673519 0.250000
vt 0.677320 0.250000
vt 0.681107 0.250000
vt 0.682483 0.250000
vt 0.683868 0.250000
vt 0.684232 0.250000
vt 0.100383 1.000000
vt 0.100383 0.000000
vt 0.100629 1.000000
vt 0.100629 0.000000
vt 0.127243 1.000000
vt 0.127243 0.000000
vt 0.263284 1.000000
vt 0.263284 0.000000
vt 0.264891 1.000000
vt 0.264891 0.000000
vt 0.380122 1.000000
vt 0.380122 0.000000
vt 0.380855 1.000000
vt 0.380855 0.000000
vt 0.382148 1.000000
vt 0.382148 0.000000
vt 0.383591 1.000000
vt 0.383591 0.000000
vt 0.385052 1.000000
vt 0.385052 0.000000
vt 0.386260 1.000000
vt 0.386260 0.000000
vt 0.387478 1.000000
vt 0.387478 0.000000
vt 0.389553 1.000000
vt 0.389553 0.000000
vt 0.392061 1.000000
vt 0.392061 0.000000
vt 0.395012 1.000000
vt 0.395012 0.000000
vt 0.397979 1.000000
vt 0.397979 0.000000
vt 0.401373 1.000000
vt 0.401373 0.000000
vt 0.405181 1.000000
vt 0.405181 0.000000
vt 0.408977 1.000000
vt 0.408977 0.000000
vt 0.412754 1.000000
vt 0.412754 0.000000
vt 0.415670 1.000000
vt 0.415670 0.000000
vt 0.418971 1.000000
vt 0.418971 0.000000
vt 0.422237 1.000000
vt 0.422237 0.000000
vt 0.425474 1.000000
vt 0.425474 0.000000
vt 0.428675 1.000000
vt 0.428675 0.000000
vt 0.431835 1.000000
vt 0.431835 0.000000
vt 0.434563 1.000000
vt 0.434563 0.000000
vt 0.436489 1.000000
vt 0.436489 0.000000
vt 0.438778 1.000000
vt 0.438778 0.000000
vt 0.441375 1.000000
vt 0.441375 0.000000
vt 0.443976 1.000000
vt 0.443976 0.000000
vt 0.446185 1.000000
vt 0.446185 0.000000
vt 0.448003 1.000000
vt 0.448003 0.000000
vt 0.449441 1.000000
vt 0.449441 0.000000
vt 0.450868 1.000000
vt 0.450868 0.000000
vt 0.452289 1.000000
vt 0.452289 0.000000
vt 0.453714 1.000000
vt 0.453714 0.000000
vt 0.454794 1.000000
vt 0.454794 0.000000
vt 0.455890 1.000000
vt 0.455890 0.000000
vt 0.457012 1.000000
vt 0.457012 0.000000
vt 0.458152 1.000000
vt 0.458152 0.000000
vt 0.459668 1.000000
vt 0.459668 0.000000
vt 0.461192 1.000000
vt 0.461192 0.000000
vt 0.462735 1.000000
vt 0.462735 0.000000
vt 0.464697 1.000000
vt 0.464697 0.000000
vt 0.466698 1.000000
vt 0.466698 0.000000
vt 0.469148 1.000000
vt 0.469148 0.000000
vt 0.472052 1.000000
vt 0.472052 0.000000
vt 0.474554 1.000000
vt 0.474554 0.000000
vt 0.477038 1.000000
vt 0.477038 0.000000
vt 0.480405 1.000000
vt 0.480405 0.000000
vt 0.484192 1.000000
vt 0.484192 0.000000
vt 0.487973 1.000000
vt 0.487973 0.000000
vt 0.491739 1.000000
vt 0.491739 0.000000
vt 0.494650 1.000000
vt 0.494650 0.000000
vt 0.497949 1.000000
vt 0.497949 0.000000
vt 0.502026 1.000000
vt 0.502026 0.000000
vt 0.505664 1.000000
vt 0.505664 0.000000
vt 0.508862 1.000000
vt 0.508862 0.000000
vt 0.512019 1.000000
vt 0.512019 0.000000
vt 0.514750 1.000000
vt 0.514750 0.000000
vt 0.516299 1.000000
vt 0.516299 0.000000
vt 0.517840 1.000000
vt 0.517840 0.000000
vt 0.520313 1.000000
vt 0.520313 0.000000
vt 0.522386 1.000000
vt 0.522386 0.000000
vt 0.524253 1.000000
vt 0.524253 0.000000
vt 0.525735 1.000000
vt 0.525735 0.000000
vt 0.527211 1.000000
vt 0.527211 0.000000
vt 0.528056 1.000000
vt 0.528056 0.000000
vt 0.528980 1.000000
vt 0.528980 0.000000
vt 0.530071 1.000000
vt 0.530071 0.000000
vt 0.530742 1.000000
vt 0.530742 0.000000
vt 0.531412 1.000000
vt 0.531412 0.000000
vt 0.628514 1.000000
vt 0.628514 0.000000
vt 0.757130 1.000000
vt 0.757130 0.000000
vt 0.848716 1.000000
vt 0.848716 0.000000
vt 0.849444 1.000000
vt 0.849444 0.000000
vt 0.850729 1.000000
vt 0.850729 0.000000
vt 0.852170 1.000000
vt 0.852170 0.000000
vt 0.853635 1.000000
vt 0.853635 0.000000
vt 0.854849 1.000000
vt 0.854849 0.000000
vt 0.856073 1.000000
vt 0.856073 0.000000
vt 0.858142 1.000000
vt 0.858142 0.000000
vt 0.860438 1.000000
vt 0.860438 0.000000
vt 0.863176 1.000000
vt 0.863176 0.000000
vt 0.864870 1.000000
vt 0.864870 0.000000
vt 0.866566 1.000000
vt 0.866566 0.000000
vt 0.869961 1.000000
vt 0.869961 0.000000
vt 0.873769 1.000000
vt 0.873769 0.000000
vt 0.877565 1.000000
vt 0.877565 0.000000
vt 0.881758 1.000000
vt 0.881758 0.000000
vt 0.884669 1.000000
vt 0.884669 0.000000
vt 0.887549 1.000000
vt 0.887549 0.000000
vt 0.890821 1.000000
vt 0.890821 0.000000
vt 0.894062 1.000000
vt 0.894062 0.000000
vt 0.897264 1.000000
vt 0.897264 0.000000
vt 0.900422 1.000000
vt 0.900422 0.000000
vt 0.903146 1.000000
vt 0.903146 0.000000
vt 0.905070 1.000000
vt 0.905070 0.000000
vt 0.907354 1.000000
vt 0.907354 0.000000
vt 0.910329 1.000000
vt 0.910329 0.000000
vt 0.912560 1.000000
vt 0.912560 0.000000
vt 0.914770 1.000000
vt 0.914770 0.000000
vt 0.916587 1.000000
vt 0.916587 0.000000
vt 0.918024 1.000000
vt 0.918024 0.000000
vt 0.919451 1.000000
vt 0.919451 0.000000
vt 0.920873 1.000000
vt 0.920873 0.000000
vt 0.922300 1.000000
vt 0.922300 0.000000
vt 0.923383 1.000000
vt 0.923383 0.000000
vt 0.924483 1.000000
vt 0.924483 0.000000
vt 0.925609 1.000000
vt 0.925609 0.000000
vt 0.926746 1.000000
vt 0.926746 0.000000
vt 0.928258 1.000000
vt 0.928258 0.000000
vt 0.929780 1.000000
vt 0.929780 0.000000
vt 0.931320 1.000000
vt 0.931320 0.000000
vt 0.933280 1.000000
vt 0.933280 0.000000
vt 0.935282 1.000000
vt 0.935282 0.000000
vt 0.937732 1.000000
vt 0.937732 0.000000
vt 0.940637 1.000000
vt 0.940637 0.000000
vt 0.943140 1.000000
vt 0.943140 0.000000
vt 0.945622 1.000000
vt 0.945622 0.000000
vt 0.948990 1.000000
vt 0.948990 0.000000
vt 0.952778 1.000000
vt 0.952778 0.000000
vt 0.956559 1.000000
vt 0.956559 0.000000
vt 0.960323 1.000000
vt 0.960323 0.000000
vt 0.963231 1.000000
vt 0.963231 0.000000
vt 0.966523 1.000000
vt 0.966523 0.000000
vt 0.970600 1.000000
vt 0.970600 0.000000
vt 0.974240 1.000000
vt 0.974240 0.000000
vt 0.977837 1.000000
vt 0.977837 0.000000
vt 0.980992 1.000000
vt 0.980992 0.000000
vt 0.983718 1.000000
vt 0.983718 0.000000
vt 0.986417 1.000000
vt 0.986417 0.000000
vt 0.988891 1.000000
vt 0.988891 0.000000
vt 0.990964 1.000000
vt 0.990964 0.000000
vt 0.992832 1.000000
vt 0.992832 0.000000
vt 0.994318 1.000000
vt 0.994318 0.000000
vt 0.995800 1.000000
vt 0.995800 0.000000
vt 0.996728 1.000000
vt 0.996728 0.000000
vt 0.997734 1.000000
vt 0.997734 0.000000
vt 0.998824 1.000000
vt 0.998824 0.000000
vt 0.100383 0.750000
vt 0.100629 0.750000
vt 0.127243 0.750000
vt 0.263284 0.750000
vt 0.264891 0.750000
vt 0.380122 0.750000
vt 0.380855 0.750000
vt 0.382148 0.750000
vt 0.383591 0.750000
vt 0.385052 0.750000
vt 0.386260 0.750000
vt 0.387478 0.750000
vt 0.389553 0.750000
vt 0.392061 0.750000
vt 0.395012 0.750000
vt 0.397979 0.750000
vt 0.401373 0.750000
vt 0.405181 0.750000
vt 0.408977 0.750000
vt 0.412754 0.750000
vt 0.415670 0.750000
vt 0.418971 0.750000
vt 0.422237 0.750000
vt 0.425474 0.750000
vt 0.428675 0.750000
vt 0.431835 0.750000
vt 0.434563 0.750000
vt 0.436489 0.750000
vt 0.438778 0.750000
vt 0.441375 0.750000
vt 0.443976 0.750000
vt 0.446185 0.750000
vt 0.448003 0.750000
vt 0.449441 0.750000
vt 0.450868 0.750000
vt 0.452289 0.750000
vt 0.453714 0.750000
vt 0.454794 0.750000
vt 0.455890 0.750000
vt 0.457012 0.750000
vt 0.458152 0.750000
vt 0.459668 0.750000
vt 0.461192 0.750000
vt 0.462735 0.750000
vt 0.464697 0.750000
vt 0.466698 0.750000
vt 0.469148 0.750000
vt 0.472052 0.750000
vt 0.474554 0.750000
vt 0.477038 0.750000
vt 0.480405 0.750000
vt 0.484192 0.750000
vt 0.487973 0.750000
vt 0.491739 0.750000
vt 0.494650 0.750000
vt 0.497949 0.750000
vt 0.502026 0.750000
vt 0.505664 0.750000
vt 0.508862 0.750000
vt 0.512019 0.750000
vt 0.514750 0.750000
vt 0.516299 0.750000
vt 0.517840 0.750000
vt 0.520313 0.750000
vt 0.522386 0.750000
vt 0.524253 0.750000
vt 0.525735 0.750000
vt 0.527211 0.750000
vt 0.528056 0.750000
vt 0.528980 0.750000
vt 0.530071 0.750000
vt 0.530742 0.750000
vt 0.531412 0.750000
vt 0.628514 0.750000
vt 0.757130 0.750000
vt 0.848716 0.750000
vt 0.849444 0.750000
vt 0.850729 0.750000
vt 0.852170 0.750000
vt 0.853635 0.750000
vt 0.854849 0.750000
vt 0.856073 0.750000
vt 0.858142 0.750000
vt 0.860438 0.750000
vt 0.863176 0.750000
vt 0.864870 0.750000
vt 0.866566 0.750000
vt 0.869961 0.750000
vt 0.873769 0.750000
vt 0.877565 0.750000
vt 0.881758 0.750000
vt 0.884669 0.750000
vt 0.887549 0.750000
vt 0.890821 0.750000
vt 0.894062 0.750000
vt 0.897264 0.750000
vt 0.900422 0.750000
vt 0.903146 0.750000
vt 0.905070 0.750000
vt 0.907354 0.750000
vt 0.910329 0.750000
vt 0.912560 0.750000
vt 0.914770 0.750000
vt 0.916587 0.750000
vt 0.918024 0.750000
vt 0.919451 0.750000
vt 0.920873 0.750000
vt 0.922300 0.750000
vt 0.923383 0.750000
vt 0.924483 0.750000
vt 0.925609 0.750000
vt 0.926746 0.750000
vt 0.928258 0.750000
vt 0.929780 0.750000
vt 0.931320 0.750000
vt 0.933280 0.750000
vt 0.935282 0.750000
vt 0.937732 0.750000
vt 0.940637 0.750000
vt 0.943140 0.750000
vt 0.945622 0.750000
vt 0.948990 0.750000
vt 0.952778 0.750000
vt 0.956559 0.750000
vt 0.960323 0.750000
vt 0.963231 0.750000
vt 0.966523 0.750000
vt 0.970600 0.750000
vt 0.974240 0.750000
vt 0.977837 0.750000
vt 0.980992 0.750000
vt 0.983718 0.750000
vt 0.986417 0.750000
vt 0.988891 0.750000
vt 0.990964 0.750000
vt 0.992832 0.750000
vt 0.994318 0.750000
vt 0.995800 0.750000
vt 0.996728 0.750000
vt 0.997734 0.750000
vt 0.998824 0.750000
vt 0.100383 0.500000
vt 0.100629 0.500000
vt 0.127243 0.500000
vt 0.263284 0.500000
vt 0.264891 0.500000
vt 0.380122 0.500000
vt 0.380855 0.500000
vt 0.382148 0.500000
vt 0.383591 0.500000
vt 0.385052 0.500000
vt 0.386260 0.500000
vt 0.387478 0.500000
vt 0.389553 0.500000
vt 0.392061 0.500000
vt 0.395012 0.500000
vt 0.397979 0.500000
vt 0.401373 0.500000
vt 0.405181 0.500000
vt 0.408977 0.500000
vt 0.412754 0.500000
vt 0.415670 0.500000
vt 0.418971 0.500000
vt 0.422237 0.500000
vt 0.425474 0.500000
vt 0.428675 0.500000
vt 0.431835 0.500000
vt 0.434563 0.500000
vt 0.436489 0.500000
vt 0.438778 0.500000
vt 0.441375 0.500000
vt 0.443976 0.500000
vt 0.446185 0.500000
vt 0.448003 0.500000
vt 0.449441 0.500000
vt 0.450868 0.500000
vt 0.452289 0.500000
vt 0.453714 0.500000
vt 0.454794 0.500000
vt 0.455890 0.500000
vt 0.457012 0.500000
vt 0.458152 0.500000
vt 0.459668 0.500000
vt 0.461192 0.500000
vt 0.462735 0.500000
vt 0.464697 0.500000
vt 0.466698 0.500000
vt 0.469148 0.500000
vt 0.472052 0.500000
vt 0.474554 0.500000
vt 0.477038 0.500000
vt 0.480405 0.500000
vt 0.484192 0.500000
vt 0.487973 0.500000
vt 0.491739 0.500000
vt 0.494650 0.500000
vt 0.497949 0.500000
vt 0.502026 0.500000
vt 0.505664 0.500000
vt 0.508862 0.500000
vt 0.512019 0.500000
vt 0.514750 0.500000
vt 0.516299 0.500000
vt 0.517840 0.500000
vt 0.520313 0.500000
vt 0.522386 0.500000
vt 0.524253 0.500000
vt 0.525735 0.500000
vt 0.527211 0.500000
vt 0.528056 0.500000
vt 0.528980 0.500000
vt 0.530071 0.500000
vt 0.530742 0.500000
vt 0.531412 0.500000
vt 0.628514 0.500000
vt 0.757130 0.500000
vt 0.848716 0.500000
vt 0.849444 0.500000
vt 0.850729 0.500000
vt 0.852170 0.500000
vt 0.853635 0.500000
vt 0.854849 0.500000
vt 0.856073 0.500000
vt 0.858142 0.500000
vt 0.860438 0.500000
vt 0.863176 0.500000
vt 0.864870 0.500000
vt 0.866566 0.500000
vt 0.869961 0.500000
vt 0.873769 0.500000
vt 0.877565 0.500000
vt 0.881758 0.500000
vt 0.884669 0.500000
vt 0.887549 0.500000
vt 0.890821 0.500000
vt 0.894062 0.500000
vt 0.897264 0.500000
vt 0.900422 0.500000
vt 0.903146 0.500000
vt 0.905070 0.500000
vt 0.907354 0.500000
vt 0.910329 0.500000
vt 0.912560 0.500000
vt 0.914770 0.500000
vt 0.916587 0.500000
vt 0.918024 0.500000
vt 0.919451 0.500000
vt 0.920873 0.500000
vt 0.922300 0.500000
vt 0.923383 0.500000
vt 0.924483 0.500000
vt 0.925609 0.500000
vt 0.926746 0.500000
vt 0.928258 0.500000
vt 0.929780 0.500000
vt 0.931320 0.500000
vt 0.933280 0.500000
vt 0.935282 0.500000
vt 0.937732 0.500000
vt 0.940637 0.500000
vt 0.943140 0.500000
vt 0.945622 0.500000
vt 0.948990 0.500000
vt 0.952778 0.500000
vt 0.956559 0.500000
vt 0.960323 0.500000
vt 0.963231 0.500000
vt 0.966523 0.500000
vt 0.970600 0.500000
vt 0.974240 0.500000
vt 0.977837 0.500000
vt 0.980992 0.500000
vt 0.983718 0.500000
vt 0.986417 0.500000
vt 0.988891 0.500000
vt 0.990964 0.500000
vt 0.992832 0.500000
vt 0.994318 0.500000
vt 0.995800 0.500000
vt 0.996728 0.500000
vt 0.997734 0.500000
vt 0.998824 0.500000
vt 0.100383 0.250000
vt 0.100629 0.250000
vt 0.127243 0.250000
vt 0.263284 0.250000
vt 0.264891 0.250000
vt 0.380122 0.250000
vt 0.380855 0.250000
vt 0.382148 0.250000
vt 0.383591 0.250000
vt 0.385052 0.250000
vt 0.386260 0.250000
vt 0.387478 0.250000
vt 0.389553 0.250000
vt 0.392061 0.250000
vt 0.395012 0.250000
vt 0.397979 0.250000
vt 0.401373 0.250000
vt 0.405181 0.250000
vt 0.408977 0.250000
vt 0.412754 0.250000
vt 0.415670 0.250000
vt 0.418971 0.250000
vt 0.422237 0.250000
vt 0.425474 0.250000
vt 0.428675 0.250000
vt 0.431835 0.250000
vt 0.434563 0.250000
vt 0.436489 0.250000
vt 0.438778 0.250000
vt 0.441375 0.250000
vt 0.443976 0.250000
vt 0.446185 0.250000
vt 0.448003 0.250000
vt 0.449441 0.250000
vt 0.450868 0.250000
vt 0.452289 0.250000
vt 0.453714 0.250000
vt 0.454794 0.250000
vt 0.455890 0.250000
vt 0.457012 0.250000
vt 0.458152 0.250000
vt 0.459668 0.250000
vt 0.461192 0.250000
vt 0.462735 0.250000
vt 0.464697 0.250000
vt 0.466698 0.250000
vt 0.469148 0.250000
vt 0.472052 0.250000
vt 0.474554 0.250000
vt 0.477038 0.250000
vt 0.480405 0.250000
vt 0.484192 0.250000
vt 0.487973 0.250000
vt 0.491739 0.250000
vt 0.494650 0.250000
vt 0.497949 0.250000
vt 0.502026 0.250000
vt 0.505664 0.250000
vt 0.508862 0.250000
vt 0.512019 0.250000
vt 0.514750 0.250000
vt 0.516299 0.250000
vt 0.517840 0.250000
vt 0.520313 0.250000
vt 0.522386 0.250000
vt 0.524253 0.250000
vt 0.525735 0.250000
vt 0.527211 0.250000
vt 0.528056 0.250000
vt 0.528980 0.250000
vt 0.530071 0.250000
vt 0.530742 0.250000
vt 0.531412 0.250000
vt 0.628514 0.250000
vt 0.757130 0.250000
vt 0.848716 0.250000
vt 0.849444 0.250000
vt 0.850729 0.250000
vt 0.852170 0.250000
vt 0.853635 0.250000
vt 0.854849 0.250000
vt 0.856073 0.250000
vt 0.858142 0.250000
vt 0.860438 0.250000
vt 0.863176 0.250000
vt 0.864870 0.250000
vt 0.866566 0.250000
vt 0.869961 0.250000
vt 0.873769 0.250000
vt 0.877565 0.250000
vt 0.881758 0.250000
vt 0.884669 0.250000
vt 0.887549 0.250000
vt 0.890821 0.250000
vt 0.894062 0.250000
vt 0.897264 0.250000
vt 0.900422 0.250000
vt 0.903146 0.250000
vt 0.905070 0.250000
vt 0.907354 0.250000
vt 0.910329 0.250000
vt 0.912560 0.250000
vt 0.914770 0.250000
vt 0.916587 0.250000
vt 0.918024 0.250000
vt 0.919451 0.250000
vt 0.920873 0.250000
vt 0.922300 0.250000
vt 0.923383 0.250000
vt 0.924483 0.250000
vt 0.925609 0.250000
vt 0.926746 0.250000
vt 0.928258 0.250000
vt 0.929780 0.250000
vt 0.931320 0.250000
vt 0.933280 0.250000
vt 0.935282 0.250000
vt 0.937732 0.250000
vt 0.940637 0.250000
vt 0.943140 0.250000
vt 0.945622 0.250000
vt 0.948990 0.250000
vt 0.952778 0.250000
vt 0.956559 0.250000
vt 0.960323 0.250000
vt 0.963231 0.250000
vt 0.966523 0.250000
vt 0.970600 0.250000
vt 0.974240 0.250000
vt 0.977837 0.250000
vt 0.980992 0.250000
vt 0.983718 0.250000
vt 0.986417 0.250000
vt 0.988891 0.250000
vt 0.990964 0.250000
vt 0.992832 0.250000
vt 0.994318 0.250000
vt 0.995800 0.250000
vt 0.996728 0.250000
vt 0.997734 0.250000
vt 0.998824 0.250000
vt 0.000527 0.913422
vt 0.000345 0.894576
vt 0.000000 0.904040
vt 0.001898 0.882708
vt 0.001996 0.922672
vt 0.005226 0.868543
vt 0.004477 0.931739
vt 0.007043 0.938389
vt 0.010832 0.852338
vt 0.010247 0.944886
vt 0.014118 0.951208
vt 0.017938 0.836738
vt 0.018678 0.957155
vt 0.025273 0.823575
vt 0.025529 0.964401
vt 0.032255 0.812983
vt 0.033179 0.970891
vt 0.043273 0.798798
vt 0.041541 0.976653
vt 0.052863 0.982869
vt 0.057502 0.783611
vt 0.064991 0.988039
vt 0.073311 0.769646
vt 0.080369 0.992935
vt 0.090525 0.757038
vt 0.099073 0.996955
vt 0.108968 0.745922
vt 0.115424 0.999052
vt 0.125949 0.737403
vt 0.131756 1.000000
vt 0.143615 0.729936
vt 0.153923 0.999588
vt 0.169839 0.721276
vt 0.178720 0.996786
vt 0.194206 0.715695
vt 0.203110 0.991653
vt 0.219070 0.712413
vt 0.226825 0.984336
vt 0.241411 0.711582
vt 0.244632 0.977232
vt 0.260945 0.712630
vt 0.264124 0.967696
vt 0.280206 0.715359
vt 0.287032 0.953657
vt 0.296279 0.719206
vt 0.306217 0.939275
vt 0.309225 0.723584
vt 0.321880 0.925175
vt 0.318919 0.727676
vt 0.327281 0.732134
vt 0.336014 0.909902
vt 0.335112 0.737251
vt 0.342316 0.742983
vt 0.346963 0.895625
vt 0.348181 0.748631
vt 0.352568 0.887100
vt 0.375730 0.819744
vt 0.375645 0.812625
vt 0.374677 0.829435
vt 0.375774 0.816190
vt 0.375961 0.000008
vt 0.348135 0.000000
vt 0.357666 0.878320
vt 0.364763 0.863679
vt 0.369564 0.850902
vt 0.372853 0.839046
vt 0.376014 0.813467
vt 0.375967 0.027198
vt 0.375990 0.191003
vt 0.408527 0.067361
vt 0.384479 0.205560
vt 0.394469 0.217949
vt 0.405812 0.228462
vt 0.418360 0.237391
vt 0.429906 0.088560
vt 0.431962 0.245025
vt 0.450948 0.105926
vt 0.454019 0.254688
vt 0.481731 0.125970
vt 0.560903 0.294470
vt 0.511381 0.140426
vt 0.557674 0.157046
vt 0.599167 0.171631
vt 0.585348 0.308702
vt 0.601039 0.320334
vt 0.614190 0.178783
vt 0.616074 0.334022
vt 0.628212 0.187497
vt 0.630302 0.350056
vt 0.641170 0.198314
vt 0.643575 0.368728
vt 0.652996 0.211772
vt 0.655744 0.390330
vt 0.663625 0.228411
vt 0.666660 0.415151
vt 0.672990 0.248771
vt 0.680359 0.459059
vt 0.681026 0.273390
vt 0.690401 0.511850
vt 0.690441 0.319486
vt 0.696283 0.574508
vt 0.697725 0.400893
vt 0.382575 0.820353
vt 0.382464 0.813238
vt 0.381466 0.830052
vt 0.382590 0.816807
vt 0.000279 0.910593
vt 0.000593 0.891696
vt 0.000000 0.901179
vt 0.001499 0.919890
vt 0.002452 0.879826
vt 0.003731 0.929017
vt 0.006144 0.865688
vt 0.006111 0.935720
vt 0.009129 0.942278
vt 0.011205 0.851827
vt 0.011510 0.946559
vt 0.018526 0.836236
vt 0.014196 0.950759
vt 0.018819 0.956730
vt 0.025992 0.823117
vt 0.025769 0.964009
vt 0.033537 0.970534
vt 0.033104 0.812558
vt 0.044333 0.798413
vt 0.042032 0.976330
vt 0.053540 0.982591
vt 0.058842 0.783262
vt 0.065871 0.987806
vt 0.074969 0.769324
vt 0.081513 0.992756
vt 0.092533 0.756733
vt 0.100543 0.996842
vt 0.111357 0.745625
vt 0.117181 0.998996
vt 0.128654 0.737164
vt 0.133804 1.000000
vt 0.146648 0.729758
vt 0.156340 0.999647
vt 0.173355 0.721181
vt 0.181565 0.996919
vt 0.198165 0.715668
vt 0.206387 0.991857
vt 0.223476 0.712439
vt 0.230527 0.984601
vt 0.246210 0.711638
vt 0.248654 0.977530
vt 0.266048 0.712778
vt 0.268492 0.968012
vt 0.284269 0.715346
vt 0.291872 0.954066
vt 0.300692 0.719139
vt 0.311457 0.939759
vt 0.315238 0.723918
vt 0.327449 0.925716
vt 0.325068 0.728065
vt 0.333545 0.732565
vt 0.341886 0.910488
vt 0.341477 0.737715
vt 0.348762 0.743471
vt 0.353074 0.896237
vt 0.354680 0.749136
vt 0.358802 0.887722
vt 0.356955 0.000000
vt 0.385298 0.000118
vt 0.364015 0.878945
vt 0.371246 0.864298
vt 0.376171 0.851522
vt 0.379568 0.839666
vt 0.382857 0.814087
vt 0.000013 0.881609
vt 0.000683 0.866628
vt 0.000000 0.874133
vt 0.000780 0.889016
vt 0.002427 0.857262
vt 0.002359 0.896316
vt 0.004112 0.901697
vt 0.005676 0.846149
vt 0.006378 0.906979
vt 0.010813 0.833521
vt 0.009183 0.912147
vt 0.012554 0.917077
vt 0.017102 0.821454
vt 0.017687 0.923140
vt 0.023512 0.811315
vt 0.023487 0.928636
vt 0.029882 0.933582
vt 0.029527 0.803203
vt 0.038902 0.792411
vt 0.038607 0.939017
vt 0.048017 0.943653
vt 0.050866 0.780963
vt 0.060019 0.948211
vt 0.064027 0.770555
vt 0.074701 0.952216
vt 0.078237 0.761290
vt 0.087598 0.954591
vt 0.093352 0.753267
vt 0.100533 0.956052
vt 0.109238 0.746415
vt 0.118166 0.956675
vt 0.123665 0.741367
vt 0.137979 0.955526
vt 0.142791 0.736281
vt 0.157564 0.952508
vt 0.162395 0.732899
vt 0.176709 0.947714
vt 0.182293 0.731353
vt 0.191159 0.942818
vt 0.200078 0.731629
vt 0.207063 0.936033
vt 0.215537 0.733322
vt 0.225868 0.925889
vt 0.230707 0.736332
vt 0.241725 0.915303
vt 0.243300 0.740095
vt 0.254770 0.904784
vt 0.253388 0.744151
vt 0.259162 0.746875
vt 0.266653 0.893266
vt 0.264670 0.749998
vt 0.270992 0.754319
vt 0.275966 0.882401
vt 0.276807 0.759147
vt 0.280787 0.875873
vt 0.281603 0.763934
vt 0.285219 0.869121
vt 0.302030 0.823361
vt 0.301095 0.801488
vt 0.300794 0.830996
vt 0.301756 0.804935
vt 0.302249 0.808416
vt 0.302530 0.818964
vt 0.302643 0.814119
vt 0.679722 0.745785
vt 0.680385 0.730805
vt 0.679705 0.738308
vt 0.680494 0.753197
vt 0.682127 0.721442
vt 0.682080 0.760507
vt 0.683838 0.765900
vt 0.685376 0.710330
vt 0.686111 0.771200
vt 0.689704 0.699468
vt 0.688923 0.776391
vt 0.692275 0.781314
vt 0.696815 0.685593
vt 0.697390 0.787367
vt 0.703205 0.675469
vt 0.703178 0.792852
vt 0.709568 0.797787
vt 0.709206 0.667368
vt 0.718568 0.656589
vt 0.718293 0.803209
vt 0.727707 0.807834
vt 0.730527 0.645148
vt 0.739717 0.812380
vt 0.743689 0.634735
vt 0.754408 0.816377
vt 0.757908 0.625446
vt 0.767307 0.818751
vt 0.773039 0.617379
vt 0.780234 0.820218
vt 0.786884 0.611363
vt 0.797872 0.820842
vt 0.801237 0.606202
vt 0.817691 0.819689
vt 0.822445 0.600454
vt 0.837276 0.816669
vt 0.842051 0.597073
vt 0.856414 0.811886
vt 0.861952 0.595547
vt 0.870853 0.807013
vt 0.879739 0.595873
vt 0.886736 0.800277
vt 0.888592 0.596649
vt 0.905521 0.790101
vt 0.897389 0.597846
vt 0.911439 0.600765
vt 0.921381 0.779498
vt 0.922954 0.604259
vt 0.935993 0.767587
vt 0.933010 0.608317
vt 0.938805 0.611064
vt 0.947733 0.755948
vt 0.944333 0.614211
vt 0.950672 0.618549
vt 0.956898 0.744986
vt 0.956487 0.623368
vt 0.961263 0.628113
vt 0.964906 0.733326
vt 0.972430 0.144806
vt 0.959737 0.624613
vt 0.971169 0.721973
vt 0.975529 0.712022
vt 0.981690 0.687500
vt 0.980770 0.665625
vt 0.980478 0.695174
vt 0.981813 0.671699
vt 0.982206 0.682667
vt 0.982272 0.677391
vt 0.296019 0.156722
vt 0.280077 0.760410
vt 0.291482 0.857775
vt 0.295836 0.847821
vt 0.298946 0.838544
vt 0.304437 0.156539
vt 0.314828 0.292787
vt 0.995015 0.139735
vt 0.978639 0.702740
vt 0.996264 0.139426
s 0
usemtl Scene_-_Root
f 1/1/1 2/2/1 3/3/1
f 1/1/1 3/3/1 4/4/1
f 5/2/2 6/5/2 7/6/2
f 5/2/2 7/6/2 8/3/2
f 9/5/3 10/7/3 11/8/3
f 9/5/3 11/8/3 12/6/3
f 13/7/4 14/9/4 15/10/4
f 13/7/5 15/10/5 16/8/5
s 1
f 17/9/6 18/11/7 19/12/8
f 17/9/6 19/12/8 20/10/9
f 18/11/7 21/13/10 22/14/10
f 18/11/7 22/14/10 19/12/8
f 21/13/10 23/15/11 24/16/12
f 21/13/10 24/16/12 22/14/10
f 23/15/11 25/17/13 26/18/14
f 23/15/11 26/18/14 24/16/12
f 25/17/13 27/19/15 28/20/16
f 25/17/13 28/20/16 26/18/14
f 27/19/15 29/21/17 30/22/18
f 27/19/15 30/22/18 28/20/16
f 29/21/17 31/23/19 32/24/20
f 29/21/17 32/24/20 30/22/18
f 31/23/19 33/25/21 34/26/21
f 31/23/19 34/26/21 32/24/20
f 33/25/21 35/27/22 36/28/22
f 33/25/21 36/28/22 34/26/21
f 35/27/22 37/29/23 38/30/24
f 35/27/22 38/30/24 36/28/22
f 37/29/23 39/31/25 40/32/25
f 37/29/23 40/32/25 38/30/24
f 39/31/25 41/33/26 42/34/27
f 39/31/25 42/34/27 40/32/25
f 41/33/26 43/35/28 44/36/28
f 41/33/26 44/36/28 42/34/27
f 43/35/28 45/37/29 46/38/29
f 43/35/28 46/38/29 44/36/28
f 45/37/29 47/39/30 48/40/30
f 45/37/29 48/40/30 46/38/29
f 47/39/30 49/41/31 50/42/31
f 47/39/30 50/42/31 48/40/30
f 49/41/31 51/43/32 52/44/32
f 49/41/31 52/44/32 50/42/31
f 51/43/32 53/45/33 54/46/33
f 51/43/32 54/46/33 52/44/32
f 53/45/33 55/47/34 56/48/34
f 53/45/33 56/48/34 54/46/33
f 55/47/34 57/49/35 58/50/35
f 55/47/34 58/50/35 56/48/34
f 57/49/35 59/51/36 60/52/36
f 57/49/35 60/52/36 58/50/35
f 59/51/36 61/53/37 62/54/37
f 59/51/36 62/54/37 60/52/36
f 61/53/37 63/55/38 64/56/38
f 61/53/37 64/56/38 62/54/37
f 63/55/38 65/57/39 66/58/40
f 63/55/38 66/58/40 64/56/38
f 65/57/39 67/59/41 68/60/41
f 65/57/39 68/60/41 66/58/40
f 67/59/41 69/61/42 70/62/43
f 67/59/41 70/62/43 68/60/41
f 69/61/42 71/63/44 72/64/44
f 69/61/42 72/64/44 70/62/43
f 71/63/44 73/65/45 74/66/45
f 71/63/44 74/66/45 72/64/44
f 73/65/45 75/67/46 76/68/47
f 73/65/45 76/68/47 74/66/45
f 75/67/46 77/69/48 78/70/49
f 75/67/46 78/70/49 76/68/47
f 77/69/48 79/71/50 80/72/51
f 77/69/48 80/72/51 78/70/49
f 79/71/50 81/73/52 82/74/53
f 79/71/50 82/74/53 80/72/51
f 81/73/52 83/75/54 84/76/54
f 81/73/52 84/76/54 82/74/53
f 83/75/54 85/77/55 86/78/56
f 83/75/54 86/78/56 84/76/54
f 85/77/55 87/79/57 88/80/58
f 85/77/55 88/80/58 86/78/56
f 87/79/57 89/81/59 90/82/60
f 87/79/57 90/82/60 88/80/58
f 89/81/59 91/83/61 92/84/61
f 89/81/59 92/84/61 90/82/60
f 91/83/61 93/85/62 94/86/63
f 91/83/61 94/86/63 92/84/61
f 93/85/62 95/87/64 96/88/65
f 93/85/62 96/88/65 94/86/63
f 95/87/64 97/89/66 98/90/67
f 95/87/64 98/90/67 96/88/65
f 97/89/66 99/91/68 100/92/69
f 97/89/66 100/92/69 98/90/67
f 99/91/68 101/93/70 102/94/71
f 99/91/68 102/94/71 100/92/69
f 101/93/70 103/95/72 104/96/73
f 101/93/70 104/96/73 102/94/71
f 103/95/72 105/97/74 106/98/74
f 103/95/72 106/98/74 104/96/73
f 105/97/74 107/99/75 108/100/75
f 105/97/74 108/100/75 106/98/74
f 107/99/75 109/101/76 110/102/77
f 107/99/75 110/102/77 108/100/75
f 109/101/76 111/103/78 112/104/78
f 109/101/76 112/104/78 110/102/77
f 111/103/78 113/105/79 114/106/80
f 111/103/78 114/106/80 112/104/78
f 113/105/79 115/107/81 116/108/81
f 113/105/79 116/108/81 114/106/80
f 115/107/81 117/109/82 118/110/82
f 115/107/81 118/110/82 116/108/81
f 117/109/82 119/111/83 120/112/83
f 117/109/82 120/112/83 118/110/82
f 119/111/83 121/113/84 122/114/84
f 119/111/83 122/114/84 120/112/83
f 121/113/84 123/115/85 124/116/86
f 121/113/84 124/116/86 122/114/84
f 123/115/85 125/117/87 126/118/88
f 123/115/85 126/118/88 124/116/86
f 125/117/87 127/119/89 128/120/90
f 125/117/87 128/120/90 126/118/88
f 127/119/89 129/121/91 130/122/92
f 127/119/89 130/122/92 128/120/90
f 129/121/91 131/123/93 132/124/93
f 129/121/91 132/124/93 130/122/92
f 131/123/93 133/125/94 134/126/94
f 131/123/93 134/126/94 132/124/93
f 133/125/94 135/127/95 136/128/96
f 133/125/94 136/128/96 134/126/94
f 135/127/95 137/129/97 138/130/97
f 135/127/95 138/130/97 136/128/96
f 137/129/97 139/131/98 140/132/98
f 137/129/97 140/132/98 138/130/97
s 0
f 141/131/99 142/133/99 143/134/99
f 141/131/99 143/134/99 144/132/99
f 145/133/100 146/135/100 147/136/100
f 145/133/101 147/136/101 148/134/101
f 149/135/102 150/137/102 151/138/102
f 149/135/102 151/138/102 152/136/102
f 153/137/103 154/139/103 155/140/103
f 153/137/104 155/140/104 156/138/104
s 1
f 157/139/105 158/141/106 159/142/106
f 157/139/105 159/142/106 160/140/107
f 158/141/106 161/143/108 162/144/108
f 158/141/106 162/144/108 159/142/106
f 161/143/108 163/145/109 164/146/110
f 161/143/108 164/146/110 162/144/108
f 163/145/109 165/147/111 166/148/111
f 163/145/109 166/148/111 164/146/110
f 165/147/111 167/149/112 168/150/112
f 165/147/111 168/150/112 166/148/111
f 167/149/112 169/151/113 170/152/113
f 167/149/112 170/152/113 168/150/112
f 169/151/113 171/153/114 172/154/115
f 169/151/113 172/154/115 170/152/113
f 171/153/114 173/155/116 174/156/117
f 171/153/114 174/156/117 172/154/115
f 173/155/116 175/157/118 176/158/118
f 173/155/116 176/158/118 174/156/117
f 175/157/118 177/159/119 178/160/119
f 175/157/118 178/160/119 176/158/118
f 177/159/119 179/161/120 180/162/120
f 177/159/119 180/162/120 178/160/119
f 179/161/120 181/163/121 182/164/121
f 179/161/120 182/164/121 180/162/120
f 181/163/121 183/165/122 184/166/122
f 181/163/121 184/166/122 182/164/121
f 183/165/122 185/167/123 186/168/123
f 183/165/122 186/168/123 184/166/122
f 185/167/123 187/169/124 188/170/124
f 185/167/123 188/170/124 186/168/123
f 187/169/124 189/171/125 190/172/125
f 187/169/124 190/172/125 188/170/124
f 191/171/126 192/173/127 193/174/127
f 191/171/126 193/174/127 194/172/126
f 192/173/127 195/175/128 196/176/128
f 192/173/127 196/176/128 193/174/127
f 195/175/128 197/177/129 198/178/129
f 195/175/128 198/178/129 196/176/128
f 197/177/129 199/179/130 200/180/130
f 197/177/129 200/180/130 198/178/129
f 199/179/130 201/181/131 202/182/131
f 199/179/130 202/182/131 200/180/130
f 201/181/131 203/183/132 204/184/132
f 201/181/131 204/184/132 202/182/131
f 203/183/132 205/185/133 206/186/133
f 203/183/132 206/186/133 204/184/132
f 205/185/133 207/187/134 208/188/135
f 205/185/133 208/188/135 206/186/133
f 207/187/134 209/189/136 210/190/136
f 207/187/134 210/190/136 208/188/135
f 209/189/136 211/191/137 212/192/137
f 209/189/136 212/192/137 210/190/136
f 211/191/137 213/193/138 214/194/138
f 211/191/137 214/194/138 212/192/137
f 213/193/138 215/195/139 216/196/139
f 213/193/138 216/196/139 214/194/138
f 215/195/139 217/197/140 218/198/140
f 215/195/139 218/198/140 216/196/139
f 217/197/140 219/199/141 220/200/141
f 217/197/140 220/200/141 218/198/140
f 219/199/141 221/201/142 222/202/143
f 219/199/141 222/202/143 220/200/141
f 221/201/142 223/203/144 224/204/145
f 221/201/142 224/204/145 222/202/143
f 223/203/144 225/205/146 226/206/146
f 223/203/144 226/206/146 224/204/145
f 227/2/147 228/207/148 229/208/148
f 227/2/147 229/208/148 230/1/149
f 231/5/150 232/209/151 233/207/152
f 231/5/150 233/207/152 234/2/153
f 235/7/154 236/210/155 237/209/156
f 235/7/154 237/209/156 238/5/154
f 239/9/157 240/211/158 241/210/158
f 239/9/157 241/210/158 242/7/157
f 243/11/159 244/212/160 245/211/161
f 243/11/159 245/211/161 246/9/162
f 247/13/163 248/213/164 244/212/160
f 247/13/163 244/212/160 243/11/159
f 249/15/165 250/214/166 248/213/164
f 249/15/165 248/213/164 247/13/163
f 251/17/167 252/215/168 250/214/166
f 251/17/167 250/214/166 249/15/165
f 253/19/169 254/216/170 252/215/168
f 253/19/169 252/215/168 251/17/167
f 255/21/171 256/217/172 254/216/170
f 255/21/171 254/216/170 253/19/169
f 257/23/173 258/218/174 256/217/172
f 257/23/173 256/217/172 255/21/171
f 259/25/175 260/219/176 258/218/174
f 259/25/175 258/218/174 257/23/173
f 261/27/177 262/220/178 260/219/176
f 261/27/177 260/219/176 259/25/175
f 263/29/179 264/221/180 262/220/178
f 263/29/179 262/220/178 261/27/177
f 265/31/181 266/222/182 264/221/180
f 265/31/181 264/221/180 263/29/179
f 267/33/183 268/223/184 266/222/182
f 267/33/183 266/222/182 265/31/181
f 269/35/185 270/224/186 268/223/184
f 269/35/185 268/223/184 267/33/183
f 271/37/187 272/225/188 270/224/186
f 271/37/187 270/224/186 269/35/185
f 273/39/189 274/226/190 272/225/188
f 273/39/189 272/225/188 271/37/187
f 275/41/191 276/227/192 274/226/190
f 275/41/191 274/226/190 273/39/189
f 277/43/193 278/228/194 276/227/192
f 277/43/193 276/227/192 275/41/191
f 279/45/195 280/229/196 278/228/194
f 279/45/195 278/228/194 277/43/193
f 281/47/197 282/230/198 280/229/196
f 281/47/197 280/229/196 279/45/195
f 283/49/199 284/231/200 282/230/198
f 283/49/199 282/230/198 281/47/197
f 285/51/201 286/232/202 284/231/200
f 285/51/201 284/231/200 283/49/199
f 287/53/203 288/233/204 286/232/202
f 287/53/203 286/232/202 285/51/201
f 289/55/205 290/234/206 288/233/204
f 289/55/205 288/233/204 287/53/203
f 291/57/207 292/235/208 290/234/206
f 291/57/207 290/234/206 289/55/205
f 293/59/209 294/236/210 292/235/208
f 293/59/209 292/235/208 291/57/207
f 295/61/211 296/237/212 294/236/210
f 295/61/211 294/236/210 293/59/209
f 297/63/213 298/238/214 296/237/212
f 297/63/213 296/237/212 295/61/211
f 299/65/215 300/239/216 298/238/214
f 299/65/215 298/238/214 297/63/213
f 301/67/217 302/240/218 300/239/216
f 301/67/217 300/239/216 299/65/215
f 303/69/219 304/241/220 302/240/218
f 303/69/219 302/240/218 301/67/217
f 305/71/221 306/242/222 304/241/220
f 305/71/221 304/241/220 303/69/219
f 307/73/223 308/243/224 306/242/222
f 307/73/223 306/242/222 305/71/221
f 309/75/225 310/244/226 308/243/224
f 309/75/225 308/243/224 307/73/223
f 311/77/227 312/245/228 310/244/226
f 311/77/227 310/244/226 309/75/225
f 313/79/229 314/246/230 312/245/228
f 313/79/229 312/245/228 311/77/227
f 315/81/231 316/247/232 314/246/230
f 315/81/231 314/246/230 313/79/229
f 317/83/233 318/248/234 316/247/232
f 317/83/233 316/247/232 315/81/231
f 319/85/235 320/249/236 318/248/234
f 319/85/235 318/248/234 317/83/233
f 321/87/237 322/250/238 320/249/236
f 321/87/237 320/249/236 319/85/235
f 323/89/239 324/251/240 322/250/238
f 323/89/239 322/250/238 321/87/237
f 325/91/241 326/252/242 324/251/240
f 325/91/241 324/251/240 323/89/239
f 327/93/243 328/253/244 326/252/242
f 327/93/243 326/252/242 325/91/241
f 329/95/245 330/254/246 328/253/244
f 329/95/245 328/253/244 327/93/243
f 331/97/247 332/255/248 330/254/246
f 331/97/247 330/254/246 329/95/245
f 333/99/249 334/256/250 332/255/248
f 333/99/249 332/255/248 331/97/247
f 335/101/251 336/257/252 334/256/250
f 335/101/251 334/256/250 333/99/249
f 337/103/253 338/258/254 336/257/252
f 337/103/253 336/257/252 335/101/251
f 339/105/255 340/259/256 338/258/254
f 339/105/255 338/258/254 337/103/253
f 341/107/257 342/260/258 340/259/256
f 341/107/257 340/259/256 339/105/255
f 343/109/259 344/261/260 342/260/258
f 343/109/259 342/260/258 341/107/257
f 345/111/261 346/262/262 344/261/260
f 345/111/261 344/261/260 343/109/259
f 347/113/263 348/263/264 346/262/262
f 347/113/263 346/262/262 345/111/261
f 349/115/265 350/264/266 348/263/264
f 349/115/265 348/263/264 347/113/263
f 351/117/267 352/265/268 350/264/266
f 351/117/267 350/264/266 349/115/265
f 353/119/269 354/266/270 352/265/268
f 353/119/269 352/265/268 351/117/267
f 355/121/271 356/267/272 354/266/270
f 355/121/271 354/266/270 353/119/269
f 357/123/273 358/268/274 356/267/272
f 357/123/273 356/267/272 355/121/271
f 359/125/275 360/269/276 358/268/274
f 359/125/275 358/268/274 357/123/273
f 361/127/277 362/270/278 360/269/276
f 361/127/277 360/269/276 359/125/275
f 363/129/279 364/271/280 362/270/278
f 363/129/279 362/270/278 361/127/277
f 365/131/281 366/272/282 364/271/280
f 365/131/281 364/271/280 363/129/279
f 367/133/283 368/273/284 369/272/284
f 367/133/283 369/272/284 370/131/285
f 371/135/286 372/274/287 373/273/287
f 371/135/286 373/273/287 374/133/286
f 375/137/288 376/275/289 377/274/289
f 375/137/288 377/274/289 378/135/288
f 379/139/290 380/276/291 381/275/291
f 379/139/290 381/275/291 382/137/290
f 383/141/292 384/277/293 385/276/294
f 383/141/292 385/276/294 386/139/295
f 387/143/296 388/278/297 384/277/293
f 387/143/296 384/277/293 383/141/292
f 389/145/298 390/279/299 388/278/297
f 389/145/298 388/278/297 387/143/296
f 391/147/300 392/280/301 390/279/299
f 391/147/300 390/279/299 389/145/298
f 393/149/302 394/281/303 392/280/301
f 393/149/302 392/280/301 391/147/300
f 395/151/304 396/282/305 394/281/303
f 395/151/304 394/281/303 393/149/302
f 397/153/306 398/283/307 396/282/305
f 397/153/306 396/282/305 395/151/304
f 399/155/308 400/284/309 398/283/307
f 399/155/308 398/283/307 397/153/306
f 401/157/310 402/285/311 400/284/309
f 401/157/310 400/284/309 399/155/308
f 403/159/312 404/286/313 402/285/311
f 403/159/312 402/285/311 401/157/310
f 405/161/314 406/287/315 404/286/313
f 405/161/314 404/286/313 403/159/312
f 407/163/316 408/288/317 406/287/315
f 407/163/316 406/287/315 405/161/314
f 409/165/318 410/289/319 408/288/317
f 409/165/318 408/288/317 407/163/316
f 411/167/320 412/290/321 410/289/319
f 411/167/320 410/289/319 409/165/318
f 413/169/322 414/291/323 412/290/321
f 413/169/322 412/290/321 411/167/320
f 415/171/324 416/292/325 414/291/323
f 415/171/324 414/291/323 413/169/322
f 417/173/326 418/293/327 419/292/328
f 417/173/326 419/292/328 420/171/329
f 421/175/330 422/294/331 418/293/327
f 421/175/330 418/293/327 417/173/326
f 423/177/332 424/295/333 422/294/331
f 423/177/332 422/294/331 421/175/330
f 425/179/334 426/296/335 424/295/333
f 425/179/334 424/295/333 423/177/332
f 427/181/336 428/297/337 426/296/335
f 427/181/336 426/296/335 425/179/334
f 429/183/338 430/298/339 428/297/337
f 429/183/338 428/297/337 427/181/336
f 431/185/340 432/299/341 430/298/339
f 431/185/340 430/298/339 429/183/338
f 433/187/342 434/300/343 432/299/341
f 433/187/342 432/299/341 431/185/340
f 435/189/344 436/301/345 434/300/343
f 435/189/344 434/300/343 433/187/342
f 437/191/346 438/302/347 436/301/345
f 437/191/346 436/301/345 435/189/344
f 439/193/348 440/303/349 438/302/347
f 439/193/348 438/302/347 437/191/346
f 441/195/350 442/304/351 440/303/349
f 441/195/350 440/303/349 439/193/348
f 443/197/352 444/305/353 442/304/351
f 443/197/352 442/304/351 441/195/350
f 445/199/354 446/306/355 444/305/353
f 445/199/354 444/305/353 443/197/352
f 447/201/356 448/307/357 446/306/355
f 447/201/356 446/306/355 445/199/354
f 449/203/358 450/308/359 448/307/357
f 449/203/358 448/307/357 447/201/356
f 451/205/360 452/309/361 450/308/359
f 451/205/360 450/308/359 449/203/358
f 228/207/148 453/310/362 454/311/363
f 228/207/148 454/311/363 229/208/148
f 232/209/151 455/312/364 456/310/364
f 232/209/151 456/310/364 233/207/152
f 236/210/155 457/313/365 458/312/366
f 236/210/155 458/312/366 237/209/156
f 240/211/158 459/314/367 460/313/367
f 240/211/158 460/313/367 241/210/158
f 244/212/160 461/315/368 462/314/369
f 244/212/160 462/314/369 245/211/161
f 248/213/164 463/316/370 461/315/368
f 248/213/164 461/315/368 244/212/160
f 250/214/166 464/317/371 463/316/370
f 250/214/166 463/316/370 248/213/164
f 252/215/168 465/318/372 464/317/371
f 252/215/168 464/317/371 250/214/166
f 254/216/170 466/319/373 465/318/372
f 254/216/170 465/318/372 252/215/168
f 256/217/172 467/320/374 466/319/373
f 256/217/172 466/319/373 254/216/170
f 258/218/174 468/321/375 467/320/374
f 258/218/174 467/320/374 256/217/172
f 260/219/176 469/322/376 468/321/375
f 260/219/176 468/321/375 258/218/174
f 262/220/178 470/323/377 469/322/376
f 262/220/178 469/322/376 260/219/176
f 264/221/180 471/324/378 470/323/377
f 264/221/180 470/323/377 262/220/178
f 266/222/182 472/325/379 471/324/378
f 266/222/182 471/324/378 264/221/180
f 268/223/184 473/326/380 472/325/379
f 268/223/184 472/325/379 266/222/182
f 270/224/186 474/327/381 473/326/380
f 270/224/186 473/326/380 268/223/184
f 272/225/188 475/328/382 474/327/381
f 272/225/188 474/327/381 270/224/186
f 274/226/190 476/329/383 475/328/382
f 274/226/190 475/328/382 272/225/188
f 276/227/192 477/330/384 476/329/383
f 276/227/192 476/329/383 274/226/190
f 278/228/194 478/331/385 477/330/384
f 278/228/194 477/330/384 276/227/192
f 280/229/196 479/332/386 478/331/385
f 280/229/196 478/331/385 278/228/194
f 282/230/198 480/333/387 479/332/386
f 282/230/198 479/332/386 280/229/196
f 284/231/200 481/334/388 480/333/387
f 284/231/200 480/333/387 282/230/198
f 286/232/202 482/335/389 481/334/388
f 286/232/202 481/334/388 284/231/200
f 288/233/204 483/336/390 482/335/389
f 288/233/204 482/335/389 286/232/202
f 290/234/206 484/337/391 483/336/390
f 290/234/206 483/336/390 288/233/204
f 292/235/208 485/338/392 484/337/391
f 292/235/208 484/337/391 290/234/206
f 294/236/210 486/339/393 485/338/392
f 294/236/210 485/338/392 292/235/208
f 296/237/212 487/340/394 486/339/393
f 296/237/212 486/339/393 294/236/210
f 298/238/214 488/341/395 487/340/394
f 298/238/214 487/340/394 296/237/212
f 300/239/216 489/342/396 488/341/395
f 300/239/216 488/341/395 298/238/214
f 302/240/218 490/343/397 489/342/396
f 302/240/218 489/342/396 300/239/216
f 304/241/220 491/344/398 490/343/397
f 304/241/220 490/343/397 302/240/218
f 306/242/222 492/345/399 491/344/398
f 306/242/222 491/344/398 304/241/220
f 308/243/224 493/346/400 492/345/399
f 308/243/224 492/345/399 306/242/222
f 310/244/226 494/347/401 493/346/400
f 310/244/226 493/346/400 308/243/224
f 312/245/228 495/348/402 494/347/401
f 312/245/228 494/347/401 310/244/226
f 314/246/230 496/349/403 495/348/402
f 314/246/230 495/348/402 312/245/228
f 316/247/232 497/350/404 496/349/403
f 316/247/232 496/349/403 314/246/230
f 318/248/234 498/351/405 497/350/404
f 318/248/234 497/350/404 316/247/232
f 320/249/236 499/352/406 498/351/405
f 320/249/236 498/351/405 318/248/234
f 322/250/238 500/353/407 499/352/406
f 322/250/238 499/352/406 320/249/236
f 324/251/240 501/354/408 500/353/407
f 324/251/240 500/353/407 322/250/238
f 326/252/242 502/355/409 501/354/408
f 326/252/242 501/354/408 324/251/240
f 328/253/244 503/356/410 502/355/409
f 328/253/244 502/355/409 326/252/242
f 330/254/246 504/357/411 503/356/410
f 330/254/246 503/356/410 328/253/244
f 332/255/248 505/358/412 504/357/411
f 332/255/248 504/357/411 330/254/246
f 334/256/250 506/359/413 505/358/412
f 334/256/250 505/358/412 332/255/248
f 336/257/252 507/360/414 506/359/413
f 336/257/252 506/359/413 334/256/250
f 338/258/254 508/361/415 507/360/414
f 338/258/254 507/360/414 336/257/252
f 340/259/256 509/362/416 508/361/415
f 340/259/256 508/361/415 338/258/254
f 342/260/258 510/363/417 509/362/416
f 342/260/258 509/362/416 340/259/256
f 344/261/260 511/364/418 510/363/417
f 344/261/260 510/363/417 342/260/258
f 346/262/262 512/365/419 511/364/418
f 346/262/262 511/364/418 344/261/260
f 348/263/264 513/366/420 512/365/419
f 348/263/264 512/365/419 346/262/262
f 350/264/266 514/367/421 513/366/420
f 350/264/266 513/366/420 348/263/264
f 352/265/268 515/368/422 514/367/421
f 352/265/268 514/367/421 350/264/266
f 354/266/270 516/369/423 515/368/422
f 354/266/270 515/368/422 352/265/268
f 356/267/272 517/370/424 516/369/423
f 356/267/272 516/369/423 354/266/270
f 358/268/274 518/371/425 517/370/424
f 358/268/274 517/370/424 356/267/272
f 360/269/276 519/372/426 518/371/425
f 360/269/276 518/371/425 358/268/274
f 362/270/278 520/373/427 519/372/426
f 362/270/278 519/372/426 360/269/276
f 364/271/280 521/374/428 520/373/427
f 364/271/280 520/373/427 362/270/278
f 366/272/282 522/375/429 521/374/428
f 366/272/282 521/374/428 364/271/280
f 368/273/284 523/376/430 524/375/430
f 368/273/284 524/375/430 369/272/284
f 372/274/287 525/377/431 526/376/432
f 372/274/287 526/376/432 373/273/287
f 376/275/289 527/378/433 528/377/434
f 376/275/289 528/377/434 377/274/289
f 380/276/291 529/379/435 530/378/435
f 380/276/291 530/378/435 381/275/291
f 384/277/293 531/380/436 532/379/437
f 384/277/293 532/379/437 385/276/294
f 388/278/297 533/381/438 531/380/436
f 388/278/297 531/380/436 384/277/293
f 390/279/299 534/382/439 533/381/438
f 390/279/299 533/381/438 388/278/297
f 392/280/301 535/383/440 534/382/439
f 392/280/301 534/382/439 390/279/299
f 394/281/303 536/384/441 535/383/440
f 394/281/303 535/383/440 392/280/301
f 396/282/305 537/385/442 536/384/441
f 396/282/305 536/384/441 394/281/303
f 398/283/307 538/386/443 537/385/442
f 398/283/307 537/385/442 396/282/305
f 400/284/309 539/387/444 538/386/443
f 400/284/309 538/386/443 398/283/307
f 402/285/311 540/388/445 539/387/444
f 402/285/311 539/387/444 400/284/309
f 404/286/313 541/389/446 540/388/445
f 404/286/313 540/388/445 402/285/311
f 406/287/315 542/390/447 541/389/446
f 406/287/315 541/389/446 404/286/313
f 408/288/317 543/391/448 542/390/447
f 408/288/317 542/390/447 406/287/315
f 410/289/319 544/392/449 543/391/448
f 410/289/319 543/391/448 408/288/317
f 412/290/321 545/393/450 544/392/449
f 412/290/321 544/392/449 410/289/319
f 414/291/323 546/394/451 545/393/450
f 414/291/323 545/393/450 412/290/321
f 416/292/325 547/395/452 546/394/451
f 416/292/325 546/394/451 414/291/323
f 418/293/327 548/396/453 549/395/454
f 418/293/327 549/395/454 419/292/328
f 422/294/331 550/397/455 548/396/453
f 422/294/331 548/396/453 418/293/327
f 424/295/333 551/398/456 550/397/455
f 424/295/333 550/397/455 422/294/331
f 426/296/335 552/399/457 551/398/456
f 426/296/335 551/398/456 424/295/333
f 428/297/337 553/400/458 552/399/457
f 428/297/337 552/399/457 426/296/335
f 430/298/339 554/401/459 553/400/458
f 430/298/339 553/400/458 428/297/337
f 432/299/341 555/402/460 554/401/459
f 432/299/341 554/401/459 430/298/339
f 434/300/343 556/403/461 555/402/460
f 434/300/343 555/402/460 432/299/341
f 436/301/345 557/404/462 556/403/461
f 436/301/345 556/403/461 434/300/343
f 438/302/347 558/405/463 557/404/462
f 438/302/347 557/404/462 436/301/345
f 440/303/349 559/406/464 558/405/463
f 440/303/349 558/405/463 438/302/347
f 442/304/351 560/407/465 559/406/464
f 442/304/351 559/406/464 440/303/349
f 444/305/353 561/408/466 560/407/465
f 444/305/353 560/407/465 442/304/351
f 446/306/355 562/409/467 561/408/466
f 446/306/355 561/408/466 444/305/353
f 448/307/357 563/410/468 562/409/467
f 448/307/357 562/409/467 446/306/355
f 450/308/359 564/411/469 563/410/468
f 450/308/359 563/410/468 448/307/357
f 452/309/361 565/412/470 564/411/469
f 452/309/361 564/411/469 450/308/359
f 453/310/362 566/413/471 567/414/471
f 453/310/362 567/414/471 454/311/363
f 455/312/364 568/415/472 569/413/472
f 455/312/364 569/413/472 456/310/364
f 457/313/365 570/416/473 571/415/473
f 457/313/365 571/415/473 458/312/366
f 459/314/367 572/417/474 573/416/475
f 459/314/367 573/416/475 460/313/367
f 461/315/368 574/418/476 575/417/477
f 461/315/368 575/417/477 462/314/369
f 463/316/370 576/419/478 574/418/476
f 463/316/370 574/418/476 461/315/368
f 464/317/371 577/420/479 576/419/478
f 464/317/371 576/419/478 463/316/370
f 465/318/372 578/421/480 577/420/479
f 465/318/372 577/420/479 464/317/371
f 466/319/373 579/422/481 578/421/480
f 466/319/373 578/421/480 465/318/372
f 467/320/374 580/423/482 579/422/481
f 467/320/374 579/422/481 466/319/373
f 468/321/375 581/424/483 580/423/482
f 468/321/375 580/423/482 467/320/374
f 469/322/376 582/425/484 581/424/483
f 469/322/376 581/424/483 468/321/375
f 470/323/377 583/426/485 582/425/484
f 470/323/377 582/425/484 469/322/376
f 471/324/378 584/427/486 583/426/485
f 471/324/378 583/426/485 470/323/377
f 472/325/379 585/428/487 584/427/486
f 472/325/379 584/427/486 471/324/378
f 473/326/380 586/429/488 585/428/487
f 473/326/380 585/428/487 472/325/379
f 474/327/381 587/430/489 586/429/488
f 474/327/381 586/429/488 473/326/380
f 475/328/382 588/431/490 587/430/489
f 475/328/382 587/430/489 474/327/381
f 476/329/383 589/432/491 588/431/490
f 476/329/383 588/431/490 475/328/382
f 477/330/384 590/433/492 589/432/491
f 477/330/384 589/432/491 476/329/383
f 478/331/385 591/434/493 590/433/492
f 478/331/385 590/433/492 477/330/384
f 479/332/386 592/435/494 591/434/493
f 479/332/386 591/434/493 478/331/385
f 480/333/387 593/436/495 592/435/494
f 480/333/387 592/435/494 479/332/386
f 481/334/388 594/437/496 593/436/495
f 481/334/388 593/436/495 480/333/387
f 482/335/389 595/438/497 594/437/496
f 482/335/389 594/437/496 481/334/388
f 483/336/390 596/439/498 595/438/497
f 483/336/390 595/438/497 482/335/389
f 484/337/391 597/440/499 596/439/498
f 484/337/391 596/439/498 483/336/390
f 485/338/392 598/441/500 597/440/499
f 485/338/392 597/440/499 484/337/391
f 486/339/393 599/442/501 598/441/500
f 486/339/393 598/441/500 485/338/392
f 487/340/394 600/443/502 599/442/501
f 487/340/394 599/442/501 486/339/393
f 488/341/395 601/444/503 600/443/502
f 488/341/395 600/443/502 487/340/394
f 489/342/396 602/445/504 601/444/503
f 489/342/396 601/444/503 488/341/395
f 490/343/397 603/446/505 602/445/504
f 490/343/397 602/445/504 489/342/396
f 491/344/398 604/447/506 603/446/505
f 491/344/398 603/446/505 490/343/397
f 492/345/399 605/448/507 604/447/506
f 492/345/399 604/447/506 491/344/398
f 493/346/400 606/449/508 605/448/507
f 493/346/400 605/448/507 492/345/399
f 494/347/401 607/450/509 606/449/508
f 494/347/401 606/449/508 493/346/400
f 495/348/402 608/451/510 607/450/509
f 495/348/402 607/450/509 494/347/401
f 496/349/403 609/452/511 608/451/510
f 496/349/403 608/451/510 495/348/402
f 497/350/404 610/453/512 609/452/511
f 497/350/404 609/452/511 496/349/403
f 498/351/405 611/454/513 610/453/512
f 498/351/405 610/453/512 497/350/404
f 499/352/406 612/455/514 611/454/513
f 499/352/406 611/454/513 498/351/405
f 500/353/407 613/456/515 612/455/514
f 500/353/407 612/455/514 499/352/406
f 501/354/408 614/457/516 613/456/515
f 501/354/408 613/456/515 500/353/407
f 502/355/409 615/458/517 614/457/516
f 502/355/409 614/457/516 501/354/408
f 503/356/410 616/459/518 615/458/517
f 503/356/410 615/458/517 502/355/409
f 504/357/411 617/460/519 616/459/518
f 504/357/411 616/459/518 503/356/410
f 505/358/412 618/461/520 617/460/519
f 505/358/412 617/460/519 504/357/411
f 506/359/413 619/462/521 618/461/520
f 506/359/413 618/461/520 505/358/412
f 507/360/414 620/463/522 619/462/521
f 507/360/414 619/462/521 506/359/413
f 508/361/415 621/464/523 620/463/522
f 508/361/415 620/463/522 507/360/414
f 509/362/416 622/465/524 621/464/523
f 509/362/416 621/464/523 508/361/415
f 510/363/417 623/466/525 622/465/524
f 510/363/417 622/465/524 509/362/416
f 511/364/418 624/467/526 623/466/525
f 511/364/418 623/466/525 510/363/417
f 512/365/419 625/468/527 624/467/526
f 512/365/419 624/467/526 511/364/418
f 513/366/420 626/469/528 625/468/527
f 513/366/420 625/468/527 512/365/419
f 514/367/421 627/470/529 626/469/528
f 514/367/421 626/469/528 513/366/420
f 515/368/422 628/471/530 627/470/529
f 515/368/422 627/470/529 514/367/421
f 516/369/423 629/472/531 628/471/530
f 516/369/423 628/471/530 515/368/422
f 517/370/424 630/473/532 629/472/531
f 517/370/424 629/472/531 516/369/423
f 518/371/425 631/474/533 630/473/532
f 518/371/425 630/473/532 517/370/424
f 519/372/426 632/475/534 631/474/533
f 519/372/426 631/474/533 518/371/425
f 520/373/427 633/476/535 632/475/534
f 520/373/427 632/475/534 519/372/426
f 521/374/428 634/477/536 633/476/535
f 521/374/428 633/476/535 520/373/427
f 522/375/429 635/478/537 634/477/536
f 522/375/429 634/477/536 521/374/428
f 523/376/430 636/479/538 637/478/538
f 523/376/430 637/478/538 524/375/430
f 525/377/431 638/480/539 639/479/539
f 525/377/431 639/479/539 526/376/432
f 527/378/433 640/481/540 641/480/541
f 527/378/433 641/480/541 528/377/434
f 529/379/435 642/482/542 643/481/543
f 529/379/435 643/481/543 530/378/435
f 531/380/436 644/483/544 645/482/545
f 531/380/436 645/482/545 532/379/437
f 533/381/438 646/484/546 644/483/544
f 533/381/438 644/483/544 531/380/436
f 534/382/439 647/485/547 646/484/546
f 534/382/439 646/484/546 533/381/438
f 535/383/440 648/486/548 647/485/547
f 535/383/440 647/485/547 534/382/439
f 536/384/441 649/487/549 648/486/548
f 536/384/441 648/486/548 535/383/440
f 537/385/442 650/488/550 649/487/549
f 537/385/442 649/487/549 536/384/441
f 538/386/443 651/489/551 650/488/550
f 538/386/443 650/488/550 537/385/442
f 539/387/444 652/490/552 651/489/551
f 539/387/444 651/489/551 538/386/443
f 540/388/445 653/491/553 652/490/552
f 540/388/445 652/490/552 539/387/444
f 541/389/446 654/492/554 653/491/553
f 541/389/446 653/491/553 540/388/445
f 542/390/447 655/493/555 654/492/554
f 542/390/447 654/492/554 541/389/446
f 543/391/448 656/494/556 655/493/555
f 543/391/448 655/493/555 542/390/447
f 544/392/449 657/495/557 656/494/556
f 544/392/449 656/494/556 543/391/448
f 545/393/450 658/496/558 657/495/557
f 545/393/450 657/495/557 544/392/449
f 546/394/451 659/497/559 658/496/558
f 546/394/451 658/496/558 545/393/450
f 547/395/452 660/498/560 659/497/559
f 547/395/452 659/497/559 546/394/451
f 548/396/453 661/499/561 662/498/562
f 548/396/453 662/498/562 549/395/454
f 550/397/455 663/500/563 661/499/561
f 550/397/455 661/499/561 548/396/453
f 551/398/456 664/501/564 663/500/563
f 551/398/456 663/500/563 550/397/455
f 552/399/457 665/502/565 664/501/564
f 552/399/457 664/501/564 551/398/456
f 553/400/458 666/503/566 665/502/565
f 553/400/458 665/502/565 552/399/457
f 554/401/459 667/504/567 666/503/566
f 554/401/459 666/503/566 553/400/458
f 555/402/460 668/505/568 667/504/567
f 555/402/460 667/504/567 554/401/459
f 556/403/461 669/506/569 668/505/568
f 556/403/461 668/505/568 555/402/460
f 557/404/462 670/507/570 669/506/569
f 557/404/462 669/506/569 556/403/461
f 558/405/463 671/508/571 670/507/570
f 558/405/463 670/507/570 557/404/462
f 559/406/464 672/509/572 671/508/571
f 559/406/464 671/508/571 558/405/463
f 560/407/465 673/510/573 672/509/572
f 560/407/465 672/509/572 559/406/464
f 561/408/466 674/511/574 673/510/573
f 561/408/466 673/510/573 560/407/465
f 562/409/467 675/512/575 674/511/574
f 562/409/467 674/511/574 561/408/466
f 563/410/468 676/513/576 675/512/575
f 563/410/468 675/512/575 562/409/467
f 564/411/469 677/514/577 676/513/576
f 564/411/469 676/513/576 563/410/468
f 565/412/470 678/515/578 677/514/577
f 565/412/470 677/514/577 564/411/469
f 566/413/471 679/3/579 680/4/580
f 566/413/471 680/4/580 567/414/471
f 568/415/472 681/6/581 682/3/582
f 568/415/472 682/3/582 569/413/472
f 570/416/473 683/8/583 684/6/583
f 570/416/473 684/6/583 571/415/473
f 685/417/584 686/10/585 687/8/586
f 685/417/584 687/8/586 688/416/587
f 574/418/476 689/12/588 690/10/589
f 574/418/476 690/10/589 575/417/477
f 576/419/478 691/14/590 689/12/588
f 576/419/478 689/12/588 574/418/476
f 577/420/479 692/16/591 691/14/590
f 577/420/479 691/14/590 576/419/478
f 578/421/480 693/18/592 692/16/591
f 578/421/480 692/16/591 577/420/479
f 579/422/481 694/20/593 693/18/592
f 579/422/481 693/18/592 578/421/480
f 580/423/482 695/22/594 694/20/593
f 580/423/482 694/20/593 579/422/481
f 581/424/483 696/24/595 695/22/594
f 581/424/483 695/22/594 580/423/482
f 582/425/484 697/26/596 696/24/595
f 582/425/484 696/24/595 581/424/483
f 583/426/485 698/28/597 697/26/596
f 583/426/485 697/26/596 582/425/484
f 584/427/486 699/30/598 698/28/597
f 584/427/486 698/28/597 583/426/485
f 585/428/487 700/32/599 699/30/598
f 585/428/487 699/30/598 584/427/486
f 586/429/488 701/34/600 700/32/599
f 586/429/488 700/32/599 585/428/487
f 587/430/489 702/36/601 701/34/600
f 587/430/489 701/34/600 586/429/488
f 588/431/490 703/38/602 702/36/601
f 588/431/490 702/36/601 587/430/489
f 589/432/491 704/40/603 703/38/602
f 589/432/491 703/38/602 588/431/490
f 590/433/492 705/42/604 704/40/603
f 590/433/492 704/40/603 589/432/491
f 591/434/493 706/44/605 705/42/604
f 591/434/493 705/42/604 590/433/492
f 592/435/494 707/46/606 706/44/605
f 592/435/494 706/44/605 591/434/493
f 593/436/495 708/48/607 707/46/606
f 593/436/495 707/46/606 592/435/494
f 594/437/496 709/50/608 708/48/607
f 594/437/496 708/48/607 593/436/495
f 595/438/497 710/52/609 709/50/608
f 595/438/497 709/50/608 594/437/496
f 596/439/498 711/54/610 710/52/609
f 596/439/498 710/52/609 595/438/497
f 597/440/499 712/56/611 711/54/610
f 597/440/499 711/54/610 596/439/498
f 598/441/500 713/58/612 712/56/611
f 598/441/500 712/56/611 597/440/499
f 599/442/501 714/60/613 713/58/612
f 599/442/501 713/58/612 598/441/500
f 600/443/502 715/62/614 714/60/613
f 600/443/502 714/60/613 599/442/501
f 601/444/503 716/64/615 715/62/614
f 601/444/503 715/62/614 600/443/502
f 602/445/504 717/66/616 716/64/615
f 602/445/504 716/64/615 601/444/503
f 603/446/505 718/68/617 717/66/616
f 603/446/505 717/66/616 602/445/504
f 604/447/506 719/70/618 718/68/617
f 604/447/506 718/68/617 603/446/505
f 605/448/507 720/72/619 719/70/618
f 605/448/507 719/70/618 604/447/506
f 606/449/508 721/74/620 720/72/619
f 606/449/508 720/72/619 605/448/507
f 607/450/509 722/76/621 721/74/620
f 607/450/509 721/74/620 606/449/508
f 608/451/510 723/78/622 722/76/621
f 608/451/510 722/76/621 607/450/509
f 609/452/511 724/80/623 723/78/622
f 609/452/511 723/78/622 608/451/510
f 610/453/512 725/82/624 724/80/623
f 610/453/512 724/80/623 609/452/511
f 611/454/513 726/84/625 725/82/624
f 611/454/513 725/82/624 610/453/512
f 612/455/514 727/86/626 726/84/625
f 612/455/514 726/84/625 611/454/513
f 613/456/515 728/88/627 727/86/626
f 613/456/515 727/86/626 612/455/514
f 614/457/516 729/90/628 728/88/627
f 614/457/516 728/88/627 613/456/515
f 615/458/517 730/92/629 729/90/628
f 615/458/517 729/90/628 614/457/516
f 616/459/518 731/94/630 730/92/629
f 616/459/518 730/92/629 615/458/517
f 617/460/519 732/96/631 731/94/630
f 617/460/519 731/94/630 616/459/518
f 618/461/520 733/98/632 732/96/631
f 618/461/520 732/96/631 617/460/519
f 619/462/521 734/100/633 733/98/632
f 619/462/521 733/98/632 618/461/520
f 620/463/522 735/102/634 734/100/633
f 620/463/522 734/100/633 619/462/521
f 621/464/523 736/104/635 735/102/634
f 621/464/523 735/102/634 620/463/522
f 622/465/524 737/106/636 736/104/635
f 622/465/524 736/104/635 621/464/523
f 623/466/525 738/108/637 737/106/636
f 623/466/525 737/106/636 622/465/524
f 624/467/526 739/110/638 738/108/637
f 624/467/526 738/108/637 623/466/525
f 625/468/527 740/112/639 739/110/638
f 625/468/527 739/110/638 624/467/526
f 626/469/528 741/114/640 740/112/639
f 626/469/528 740/112/639 625/468/527
f 627/470/529 742/116/641 741/114/640
f 627/470/529 741/114/640 626/469/528
f 628/471/530 743/118/642 742/116/641
f 628/471/530 742/116/641 627/470/529
f 629/472/531 744/120/643 743/118/642
f 629/472/531 743/118/642 628/471/530
f 630/473/532 745/122/644 744/120/643
f 630/473/532 744/120/643 629/472/531
f 631/474/533 746/124/645 745/122/644
f 631/474/533 745/122/644 630/473/532
f 632/475/534 747/126/646 746/124/645
f 632/475/534 746/124/645 631/474/533
f 633/476/535 748/128/647 747/126/646
f 633/476/535 747/126/646 632/475/534
f 634/477/536 749/130/648 748/128/647
f 634/477/536 748/128/647 633/476/535
f 635/478/537 750/132/649 749/130/648
f 635/478/537 749/130/648 634/477/536
f 751/479/650 752/134/651 753/132/652
f 751/479/650 753/132/652 754/478/650
f 638/480/539 755/136/653 756/134/654
f 638/480/539 756/134/654 639/479/539
f 640/481/540 757/138/655 758/136/656
f 640/481/540 758/136/656 641/480/541
f 645/482/545 759/140/657 760/138/658
f 645/482/545 760/138/658 761/481/658
f 644/483/544 762/142/659 759/140/657
f 644/483/544 759/140/657 645/482/545
f 646/484/546 763/144/660 762/142/659
f 646/484/546 762/142/659 644/483/544
f 647/485/547 764/146/661 763/144/660
f 647/485/547 763/144/660 646/484/546
f 648/486/548 765/148/662 764/146/661
f 648/486/548 764/146/661 647/485/547
f 649/487/549 766/150/663 765/148/662
f 649/487/549 765/148/662 648/486/548
f 650/488/550 767/152/664 766/150/663
f 650/488/550 766/150/663 649/487/549
f 651/489/551 768/154/665 767/152/664
f 651/489/551 767/152/664 650/488/550
f 652/490/552 769/156/666 768/154/665
f 652/490/552 768/154/665 651/489/551
f 653/491/553 770/158/667 769/156/666
f 653/491/553 769/156/666 652/490/552
f 654/492/554 771/160/668 770/158/667
f 654/492/554 770/158/667 653/491/553
f 655/493/555 772/162/669 771/160/668
f 655/493/555 771/160/668 654/492/554
f 656/494/556 773/164/670 772/162/669
f 656/494/556 772/162/669 655/493/555
f 657/495/557 774/166/671 773/164/670
f 657/495/557 773/164/670 656/494/556
f 658/496/558 775/168/672 774/166/671
f 658/496/558 774/166/671 657/495/557
f 659/497/559 776/170/673 775/168/672
f 659/497/559 775/168/672 658/496/558
f 660/498/560 777/172/674 776/170/673
f 660/498/560 776/170/673 659/497/559
f 661/499/561 778/174/675 779/172/676
f 661/499/561 779/172/676 662/498/562
f 663/500/563 780/176/677 778/174/675
f 663/500/563 778/174/675 661/499/561
f 664/501/564 781/178/678 780/176/677
f 664/501/564 780/176/677 663/500/563
f 665/502/565 782/180/679 781/178/678
f 665/502/565 781/178/678 664/501/564
f 666/503/566 783/182/680 782/180/679
f 666/503/566 782/180/679 665/502/565
f 667/504/567 784/184/681 783/182/680
f 667/504/567 783/182/680 666/503/566
f 668/505/568 785/186/682 784/184/681
f 668/505/568 784/184/681 667/504/567
f 669/506/569 786/188/683 785/186/682
f 669/506/569 785/186/682 668/505/568
f 670/507/570 787/190/684 786/188/683
f 670/507/570 786/188/683 669/506/569
f 671/508/571 788/192/685 787/190/684
f 671/508/571 787/190/684 670/507/570
f 672/509/572 789/194/686 788/192/685
f 672/509/572 788/192/685 671/508/571
f 673/510/573 790/196/687 789/194/686
f 673/510/573 789/194/686 672/509/572
f 674/511/574 791/198/688 790/196/687
f 674/511/574 790/196/687 673/510/573
f 675/512/575 792/200/689 791/198/688
f 675/512/575 791/198/688 674/511/574
f 676/513/576 793/202/690 792/200/689
f 676/513/576 792/200/689 675/512/575
f 677/514/577 794/204/691 793/202/690
f 677/514/577 793/202/690 676/513/576
f 678/515/578 795/206/692 794/204/691
f 678/515/578 794/204/691 677/514/577
s 0
f 796/4/693 797/3/693 798/2/693
f 796/4/694 798/2/694 799/1/694
f 800/3/695 801/6/695 802/5/695
f 800/3/695 802/5/695 803/2/695
s 1
f 804/6/696 805/8/697 806/7/697
f 804/6/696 806/7/697 807/5/697
f 808/8/698 809/10/699 810/9/698
f 808/8/698 810/9/698 811/7/699
f 812/10/700 813/12/701 814/11/702
f 812/10/700 814/11/702 815/9/703
f 813/12/701 816/14/704 817/13/704
f 813/12/701 817/13/704 814/11/702
f 816/14/704 818/16/705 819/15/705
f 816/14/704 819/15/705 817/13/704
f 818/16/705 820/18/706 821/17/707
f 818/16/705 821/17/707 819/15/705
f 820/18/706 822/20/708 823/19/708
f 820/18/706 823/19/708 821/17/707
f 822/20/708 824/22/709 825/21/710
f 822/20/708 825/21/710 823/19/708
f 824/22/709 826/24/711 827/23/711
f 824/22/709 827/23/711 825/21/710
f 826/24/711 828/26/712 829/25/712
f 826/24/711 829/25/712 827/23/711
f 828/26/712 830/28/713 831/27/714
f 828/26/712 831/27/714 829/25/712
f 830/28/713 832/30/715 833/29/715
f 830/28/713 833/29/715 831/27/714
f 832/30/715 834/32/716 835/31/716
f 832/30/715 835/31/716 833/29/715
f 834/32/716 836/34/717 837/33/717
f 834/32/716 837/33/717 835/31/716
f 836/34/717 838/36/718 839/35/719
f 836/34/717 839/35/719 837/33/717
f 838/36/718 840/38/720 841/37/721
f 838/36/718 841/37/721 839/35/719
f 840/38/720 842/40/722 843/39/722
f 840/38/720 843/39/722 841/37/721
f 842/40/722 844/42/723 845/41/723
f 842/40/722 845/41/723 843/39/722
f 844/42/723 846/44/724 847/43/724
f 844/42/723 847/43/724 845/41/723
f 846/44/724 848/46/725 849/45/726
f 846/44/724 849/45/726 847/43/724
f 848/46/725 850/48/727 851/47/727
f 848/46/725 851/47/727 849/45/726
f 850/48/727 852/50/728 853/49/729
f 850/48/727 853/49/729 851/47/727
f 852/50/728 854/52/730 855/51/731
f 852/50/728 855/51/731 853/49/729
f 854/52/730 856/54/732 857/53/732
f 854/52/730 857/53/732 855/51/731
f 856/54/732 858/56/733 859/55/734
f 856/54/732 859/55/734 857/53/732
f 858/56/733 860/58/735 861/57/736
f 858/56/733 861/57/736 859/55/734
f 860/58/735 862/60/737 863/59/738
f 860/58/735 863/59/738 861/57/736
f 862/60/737 864/62/739 865/61/740
f 862/60/737 865/61/740 863/59/738
f 864/62/739 866/64/741 867/63/742
f 864/62/739 867/63/742 865/61/740
f 866/64/741 868/66/743 869/65/744
f 866/64/741 869/65/744 867/63/742
f 868/66/743 870/68/745 871/67/746
f 868/66/743 871/67/746 869/65/744
f 870/68/745 872/70/747 873/69/747
f 870/68/745 873/69/747 871/67/746
f 872/70/747 874/72/748 875/71/748
f 872/70/747 875/71/748 873/69/747
f 874/72/748 876/74/749 877/73/749
f 874/72/748 877/73/749 875/71/748
f 876/74/749 878/76/750 879/75/751
f 876/74/749 879/75/751 877/73/749
f 878/76/750 880/78/752 881/77/753
f 878/76/750 881/77/753 879/75/751
f 880/78/752 882/80/754 883/79/755
f 880/78/752 883/79/755 881/77/753
f 882/80/754 884/82/756 885/81/756
f 882/80/754 885/81/756 883/79/755
f 884/82/756 886/84/757 887/83/758
f 884/82/756 887/83/758 885/81/756
f 886/84/757 888/86/759 889/85/760
f 886/84/757 889/85/760 887/83/758
f 888/86/759 890/88/761 891/87/762
f 888/86/759 891/87/762 889/85/760
f 890/88/761 892/90/763 893/89/764
f 890/88/761 893/89/764 891/87/762
f 892/90/763 894/92/765 895/91/766
f 892/90/763 895/91/766 893/89/764
f 894/92/765 896/94/767 897/93/768
f 894/92/765 897/93/768 895/91/766
f 896/94/767 898/96/769 899/95/769
f 896/94/767 899/95/769 897/93/768
f 898/96/769 900/98/770 901/97/770
f 898/96/769 901/97/770 899/95/769
f 900/98/770 902/100/771 903/99/771
f 900/98/770 903/99/771 901/97/770
f 902/100/771 904/102/772 905/101/772
f 902/100/771 905/101/772 903/99/771
f 904/102/772 906/104/773 907/103/773
f 904/102/772 907/103/773 905/101/772
f 906/104/773 908/106/774 909/105/774
f 906/104/773 909/105/774 907/103/773
f 908/106/774 910/108/775 911/107/775
f 908/106/774 911/107/775 909/105/774
f 910/108/775 912/110/776 913/109/776
f 910/108/775 913/109/776 911/107/775
f 912/110/776 914/112/777 915/111/778
f 912/110/776 915/111/778 913/109/776
f 914/112/777 916/114/779 917/113/779
f 914/112/777 917/113/779 915/111/778
f 916/114/779 918/116/780 919/115/781
f 916/114/779 919/115/781 917/113/779
f 918/116/780 920/118/782 921/117/783
f 918/116/780 921/117/783 919/115/781
f 920/118/782 922/120/784 923/119/785
f 920/118/782 923/119/785 921/117/783
f 922/120/784 924/122/786 925/121/787
f 922/120/784 925/121/787 923/119/785
f 924/122/786 926/124/788 927/123/788
f 924/122/786 927/123/788 925/121/787
f 926/124/788 928/126/789 929/125/790
f 926/124/788 929/125/790 927/123/788
f 928/126/789 930/128/791 931/127/792
f 928/126/789 931/127/792 929/125/790
f 930/128/791 932/130/793 933/129/794
f 930/128/791 933/129/794 931/127/792
f 932/130/793 934/132/795 935/131/796
f 932/130/793 935/131/796 933/129/794
f 936/132/797 937/134/797 938/133/797
f 936/132/797 938/133/797 939/131/797
f 940/134/798 941/136/799 942/135/798
f 940/134/798 942/135/798 943/133/798
f 944/136/800 945/138/801 946/137/801
f 944/136/800 946/137/801 947/135/801
f 948/138/802 949/140/803 950/139/803
f 948/138/802 950/139/803 951/137/803
f 952/140/804 953/142/805 954/141/805
f 952/140/804 954/141/805 955/139/804
f 953/142/805 956/144/806 957/143/807
f 953/142/805 957/143/807 954/141/805
f 956/144/806 958/146/808 959/145/809
f 956/144/806 959/145/809 957/143/807
f 958/146/808 960/148/810 961/147/811
f 958/146/808 961/147/811 959/145/809
f 960/148/810 962/150/812 963/149/813
f 960/148/810 963/149/813 961/147/811
f 962/150/812 964/152/814 965/151/814
f 962/150/812 965/151/814 963/149/813
f 964/152/814 966/154/815 967/153/815
f 964/152/814 967/153/815 965/151/814
f 966/154/815 968/156/816 969/155/816
f 966/154/815 969/155/816 967/153/815
f 968/156/816 970/158/817 971/157/818
f 968/156/816 971/157/818 969/155/816
f 970/158/817 972/160/819 973/159/820
f 970/158/817 973/159/820 971/157/818
f 972/160/819 974/162/821 975/161/821
f 972/160/819 975/161/821 973/159/820
f 974/162/821 976/164/822 977/163/822
f 974/162/821 977/163/822 975/161/821
f 976/164/822 978/166/823 979/165/823
f 976/164/822 979/165/823 977/163/822
f 978/166/823 980/168/824 981/167/824
f 978/166/823 981/167/824 979/165/823
f 980/168/824 982/170/825 983/169/825
f 980/168/824 983/169/825 981/167/824
f 982/170/825 984/172/826 985/171/827
f 982/170/825 985/171/827 983/169/825
f 986/172/828 987/174/829 988/173/830
f 986/172/828 988/173/830 989/171/828
f 987/174/829 990/176/831 991/175/831
f 987/174/829 991/175/831 988/173/830
f 990/176/831 992/178/832 993/177/832
f 990/176/831 993/177/832 991/175/831
f 992/178/832 994/180/833 995/179/834
f 992/178/832 995/179/834 993/177/832
f 994/180/833 996/182/835 997/181/835
f 994/180/833 997/181/835 995/179/834
f 996/182/835 998/184/836 999/183/837
f 996/182/835 999/183/837 997/181/835
f 998/184/836 1000/186/838 1001/185/839
f 998/184/836 1001/185/839 999/183/837
f 1000/186/838 1002/188/840 1003/187/840
f 1000/186/838 1003/187/840 1001/185/839
f 1002/188/840 1004/190/841 1005/189/841
f 1002/188/840 1005/189/841 1003/187/840
f 1004/190/841 1006/192/842 1007/191/842
f 1004/190/841 1007/191/842 1005/189/841
f 1006/192/842 1008/194/843 1009/193/843
f 1006/192/842 1009/193/843 1007/191/842
f 1008/194/843 1010/196/844 1011/195/844
f 1008/194/843 1011/195/844 1009/193/843
f 1010/196/844 1012/198/845 1013/197/846
f 1010/196/844 1013/197/846 1011/195/844
f 1012/198/845 1014/200/847 1015/199/847
f 1012/198/845 1015/199/847 1013/197/846
f 1014/200/847 1016/202/848 1017/201/849
f 1014/200/847 1017/201/849 1015/199/847
f 1016/202/848 1018/204/850 1019/203/851
f 1016/202/848 1019/203/851 1017/201/849
f 1018/204/850 1020/206/852 1021/205/853
f 1018/204/850 1021/205/853 1019/203/851
s 0
f 1022/1/854 1023/516/854 1024/517/854
f 1022/1/855 1024/517/855 1025/4/855
f 1026/516/856 1027/518/856 1028/519/856
f 1026/516/856 1028/519/856 1029/517/856
f 1030/518/857 1031/520/857 1032/521/857
f 1030/518/857 1032/521/857 1033/519/857
s 1
f 1034/520/858 1035/522/859 1036/523/860
f 1034/520/858 1036/523/860 1037/521/861
f 1035/522/859 1038/524/862 1039/525/863
f 1035/522/859 1039/525/863 1036/523/860
f 1038/524/862 1040/526/864 1041/527/864
f 1038/524/862 1041/527/864 1039/525/863
f 1040/526/864 1042/528/865 1043/529/866
f 1040/526/864 1043/529/866 1041/527/864
f 1042/528/865 1044/530/867 1045/531/868
f 1042/528/865 1045/531/868 1043/529/866
f 1044/530/867 1046/532/869 1047/533/870
f 1044/530/867 1047/533/870 1045/531/868
f 1046/532/869 1048/534/871 1049/535/872
f 1046/532/869 1049/535/872 1047/533/870
f 1048/534/871 1050/536/873 1051/537/874
f 1048/534/871 1051/537/874 1049/535/872
f 1050/536/873 1052/538/875 1053/539/875
f 1050/536/873 1053/539/875 1051/537/874
f 1052/538/875 1054/540/876 1055/541/877
f 1052/538/875 1055/541/877 1053/539/875
f 1054/540/876 1056/542/878 1057/543/879
f 1054/540/876 1057/543/879 1055/541/877
f 1056/542/878 1058/544/880 1059/545/881
f 1056/542/878 1059/545/881 1057/543/879
f 1058/544/880 1060/546/882 1061/547/882
f 1058/544/880 1061/547/882 1059/545/881
f 1060/546/882 1062/548/883 1063/549/884
f 1060/546/882 1063/549/884 1061/547/882
f 1062/548/883 1064/550/885 1065/551/886
f 1062/548/883 1065/551/886 1063/549/884
f 1064/550/885 1066/552/887 1067/553/887
f 1064/550/885 1067/553/887 1065/551/886
f 1066/552/887 1068/554/888 1069/555/888
f 1066/552/887 1069/555/888 1067/553/887
f 1068/554/888 1070/556/889 1071/557/890
f 1068/554/888 1071/557/890 1069/555/888
f 1070/556/889 1072/558/891 1073/559/891
f 1070/556/889 1073/559/891 1071/557/890
f 1072/558/891 1074/560/892 1075/561/892
f 1072/558/891 1075/561/892 1073/559/891
f 1074/560/892 1076/562/893 1077/563/894
f 1074/560/892 1077/563/894 1075/561/892
f 1076/562/893 1078/564/895 1079/565/896
f 1076/562/893 1079/565/896 1077/563/894
f 1078/564/895 1080/566/897 1081/567/898
f 1078/564/895 1081/567/898 1079/565/896
f 1080/566/897 1082/568/899 1083/569/899
f 1080/566/897 1083/569/899 1081/567/898
f 1082/568/899 1084/570/900 1085/571/900
f 1082/568/899 1085/571/900 1083/569/899
f 1084/570/900 1086/572/901 1087/573/901
f 1084/570/900 1087/573/901 1085/571/900
f 1086/572/901 1088/574/902 1089/575/902
f 1086/572/901 1089/575/902 1087/573/901
f 1088/574/902 1090/576/903 1091/577/903
f 1088/574/902 1091/577/903 1089/575/902
f 1090/576/903 1092/578/904 1093/579/905
f 1090/576/903 1093/579/905 1091/577/903
f 1092/578/904 1094/580/906 1095/581/906
f 1092/578/904 1095/581/906 1093/579/905
f 1094/580/906 1096/582/907 1097/583/907
f 1094/580/906 1097/583/907 1095/581/906
f 1096/582/907 1098/584/908 1099/585/908
f 1096/582/907 1099/585/908 1097/583/907
f 1098/584/908 1100/586/909 1101/587/910
f 1098/584/908 1101/587/910 1099/585/908
f 1100/586/909 1102/588/911 1103/589/912
f 1100/586/909 1103/589/912 1101/587/910
f 1102/588/911 1104/590/913 1105/591/914
f 1102/588/911 1105/591/914 1103/589/912
f 1104/590/913 1106/592/915 1107/593/916
f 1104/590/913 1107/593/916 1105/591/914
f 1106/592/915 1108/594/917 1109/595/918
f 1106/592/915 1109/595/918 1107/593/916
f 1108/594/917 1110/596/919 1111/597/920
f 1108/594/917 1111/597/920 1109/595/918
f 1110/596/919 1112/598/921 1113/599/922
f 1110/596/919 1113/599/922 1111/597/920
f 1112/598/921 1114/600/923 1115/601/924
f 1112/598/921 1115/601/924 1113/599/922
f 1114/600/923 1116/602/925 1117/603/926
f 1114/600/923 1117/603/926 1115/601/924
f 1116/602/925 1118/604/927 1119/605/928
f 1116/602/925 1119/605/928 1117/603/926
f 1118/604/927 1120/606/929 1121/607/930
f 1118/604/927 1121/607/930 1119/605/928
f 1120/606/929 1122/608/931 1123/609/932
f 1120/606/929 1123/609/932 1121/607/930
f 1122/608/931 1124/610/933 1125/611/933
f 1122/608/931 1125/611/933 1123/609/932
f 1124/610/933 1126/612/934 1127/613/935
f 1124/610/933 1127/613/935 1125/611/933
f 1126/612/934 1128/614/936 1129/615/937
f 1126/612/934 1129/615/937 1127/613/935
f 1128/614/936 1130/616/938 1131/617/939
f 1128/614/936 1131/617/939 1129/615/937
f 1130/616/938 1132/618/940 1133/619/940
f 1130/616/938 1133/619/940 1131/617/939
f 1132/618/940 1134/620/941 1135/621/942
f 1132/618/940 1135/621/942 1133/619/940
f 1134/620/941 1136/622/943 1137/623/943
f 1134/620/941 1137/623/943 1135/621/942
f 1136/622/943 1138/624/944 1139/625/944
f 1136/622/943 1139/625/944 1137/623/943
f 1138/624/944 1140/626/945 1141/627/945
f 1138/624/944 1141/627/945 1139/625/944
f 1140/626/945 1142/628/946 1143/629/946
f 1140/626/945 1143/629/946 1141/627/945
f 1142/628/946 1144/630/947 1145/631/948
f 1142/628/946 1145/631/948 1143/629/946
f 1144/630/947 1146/632/949 1147/633/949
f 1144/630/947 1147/633/949 1145/631/948
f 1146/632/949 1148/634/950 1149/635/950
f 1146/632/949 1149/635/950 1147/633/949
f 1148/634/950 1150/636/951 1151/637/951
f 1148/634/950 1151/637/951 1149/635/950
f 1150/636/951 1152/638/952 1153/639/952
f 1150/636/951 1153/639/952 1151/637/951
f 1152/638/952 1154/640/953 1155/641/953
f 1152/638/952 1155/641/953 1153/639/952
f 1154/640/953 1156/642/954 1157/643/955
f 1154/640/953 1157/643/955 1155/641/953
f 1156/642/954 1158/644/956 1159/645/956
f 1156/642/954 1159/645/956 1157/643/955
s 0
f 1160/644/898 1161/646/898 1162/647/898
f 1160/644/898 1162/647/898 1163/645/898
f 1164/646/957 1165/648/957 1166/649/957
f 1164/646/958 1166/649/958 1167/647/958
f 1168/648/959 1169/205/959 1170/206/959
f 1168/648/959 1170/206/959 1171/649/959
s 1
f 1172/516/960 1173/650/961 1174/208/961
f 1172/516/960 1174/208/961 1175/1/962
f 1176/518/963 1177/651/964 1178/650/964
f 1176/518/963 1178/650/964 1179/516/965
f 1180/520/966 1181/652/967 1182/651/968
f 1180/520/966 1182/651/968 1183/518/966
f 1184/522/969 1185/653/970 1186/652/971
f 1184/522/969 1186/652/971 1187/520/972
f 1188/524/973 1189/654/974 1185/653/970
f 1188/524/973 1185/653/970 1184/522/969
f 1190/526/975 1191/655/976 1189/654/974
f 1190/526/975 1189/654/974 1188/524/973
f 1192/528/977 1193/656/978 1191/655/976
f 1192/528/977 1191/655/976 1190/526/975
f 1194/530/979 1195/657/980 1193/656/978
f 1194/530/979 1193/656/978 1192/528/977
f 1196/532/981 1197/658/982 1195/657/980
f 1196/532/981 1195/657/980 1194/530/979
f 1198/534/983 1199/659/984 1197/658/982
f 1198/534/983 1197/658/982 1196/532/981
f 1200/536/985 1201/660/986 1199/659/984
f 1200/536/985 1199/659/984 1198/534/983
f 1202/538/987 1203/661/988 1201/660/986
f 1202/538/987 1201/660/986 1200/536/985
f 1204/540/989 1205/662/990 1203/661/988
f 1204/540/989 1203/661/988 1202/538/987
f 1206/542/991 1207/663/992 1205/662/990
f 1206/542/991 1205/662/990 1204/540/989
f 1208/544/993 1209/664/994 1207/663/992
f 1208/544/993 1207/663/992 1206/542/991
f 1210/546/995 1211/665/996 1209/664/994
f 1210/546/995 1209/664/994 1208/544/993
f 1212/548/997 1213/666/998 1211/665/996
f 1212/548/997 1211/665/996 1210/546/995
f 1214/550/999 1215/667/1000 1213/666/998
f 1214/550/999 1213/666/998 1212/548/997
f 1216/552/1001 1217/668/1002 1215/667/1000
f 1216/552/1001 1215/667/1000 1214/550/999
f 1218/554/1003 1219/669/1004 1217/668/1002
f 1218/554/1003 1217/668/1002 1216/552/1001
f 1220/556/1005 1221/670/1006 1219/669/1004
f 1220/556/1005 1219/669/1004 1218/554/1003
f 1222/558/1007 1223/671/1008 1221/670/1006
f 1222/558/1007 1221/670/1006 1220/556/1005
f 1224/560/1009 1225/672/1010 1223/671/1008
f 1224/560/1009 1223/671/1008 1222/558/1007
f 1226/562/1011 1227/673/1012 1225/672/1010
f 1226/562/1011 1225/672/1010 1224/560/1009
f 1228/564/1013 1229/674/1014 1227/673/1012
f 1228/564/1013 1227/673/1012 1226/562/1011
f 1230/566/1015 1231/675/1016 1229/674/1014
f 1230/566/1015 1229/674/1014 1228/564/1013
f 1232/568/1017 1233/676/1018 1231/675/1016
f 1232/568/1017 1231/675/1016 1230/566/1015
f 1234/570/1019 1235/677/1020 1233/676/1018
f 1234/570/1019 1233/676/1018 1232/568/1017
f 1236/572/1021 1237/678/1022 1235/677/1020
f 1236/572/1021 1235/677/1020 1234/570/1019
f 1238/574/1023 1239/679/1024 1237/678/1022
f 1238/574/1023 1237/678/1022 1236/572/1021
f 1240/576/1025 1241/680/1026 1239/679/1024
f 1240/576/1025 1239/679/1024 1238/574/1023
f 1242/578/1027 1243/681/1028 1241/680/1026
f 1242/578/1027 1241/680/1026 1240/576/1025
f 1244/580/1029 1245/682/1030 1243/681/1028
f 1244/580/1029 1243/681/1028 1242/578/1027
f 1246/582/1031 1247/683/1032 1245/682/1030
f 1246/582/1031 1245/682/1030 1244/580/1029
f 1248/584/1033 1249/684/1034 1247/683/1032
f 1248/584/1033 1247/683/1032 1246/582/1031
f 1250/586/1035 1251/685/1036 1249/684/1034
f 1250/586/1035 1249/684/1034 1248/584/1033
f 1252/588/1037 1253/686/1038 1251/685/1036
f 1252/588/1037 1251/685/1036 1250/586/1035
f 1254/590/1039 1255/687/1040 1253/686/1038
f 1254/590/1039 1253/686/1038 1252/588/1037
f 1256/592/1041 1257/688/1042 1255/687/1040
f 1256/592/1041 1255/687/1040 1254/590/1039
f 1258/594/1043 1259/689/1044 1257/688/1042
f 1258/594/1043 1257/688/1042 1256/592/1041
f 1260/596/1045 1261/690/1046 1259/689/1044
f 1260/596/1045 1259/689/1044 1258/594/1043
f 1262/598/1047 1263/691/1048 1261/690/1046
f 1262/598/1047 1261/690/1046 1260/596/1045
f 1264/600/1049 1265/692/1050 1263/691/1048
f 1264/600/1049 1263/691/1048 1262/598/1047
f 1266/602/1051 1267/693/1052 1265/692/1050
f 1266/602/1051 1265/692/1050 1264/600/1049
f 1268/604/1053 1269/694/1054 1267/693/1052
f 1268/604/1053 1267/693/1052 1266/602/1051
f 1270/606/1055 1271/695/1056 1269/694/1054
f 1270/606/1055 1269/694/1054 1268/604/1053
f 1272/608/1057 1273/696/1058 1271/695/1056
f 1272/608/1057 1271/695/1056 1270/606/1055
f 1274/610/1059 1275/697/1060 1273/696/1058
f 1274/610/1059 1273/696/1058 1272/608/1057
f 1276/612/1061 1277/698/1062 1275/697/1060
f 1276/612/1061 1275/697/1060 1274/610/1059
f 1278/614/1063 1279/699/1064 1277/698/1062
f 1278/614/1063 1277/698/1062 1276/612/1061
f 1280/616/1065 1281/700/1066 1279/699/1064
f 1280/616/1065 1279/699/1064 1278/614/1063
f 1282/618/1067 1283/701/1068 1281/700/1066
f 1282/618/1067 1281/700/1066 1280/616/1065
f 1284/620/1069 1285/702/1070 1283/701/1068
f 1284/620/1069 1283/701/1068 1282/618/1067
f 1286/622/1071 1287/703/1072 1285/702/1070
f 1286/622/1071 1285/702/1070 1284/620/1069
f 1288/624/1073 1289/704/1074 1287/703/1072
f 1288/624/1073 1287/703/1072 1286/622/1071
f 1290/626/1075 1291/705/1076 1289/704/1074
f 1290/626/1075 1289/704/1074 1288/624/1073
f 1292/628/1077 1293/706/1078 1291/705/1076
f 1292/628/1077 1291/705/1076 1290/626/1075
f 1294/630/1079 1295/707/1080 1293/706/1078
f 1294/630/1079 1293/706/1078 1292/628/1077
f 1296/632/1081 1297/708/1082 1295/707/1080
f 1296/632/1081 1295/707/1080 1294/630/1079
f 1298/634/1083 1299/709/1084 1297/708/1082
f 1298/634/1083 1297/708/1082 1296/632/1081
f 1300/636/1085 1301/710/1086 1299/709/1084
f 1300/636/1085 1299/709/1084 1298/634/1083
f 1302/638/1087 1303/711/1088 1301/710/1086
f 1302/638/1087 1301/710/1086 1300/636/1085
f 1304/640/1089 1305/712/1090 1303/711/1088
f 1304/640/1089 1303/711/1088 1302/638/1087
f 1306/642/1091 1307/713/1092 1305/712/1090
f 1306/642/1091 1305/712/1090 1304/640/1089
f 1308/644/1093 1309/714/1094 1307/713/1092
f 1308/644/1093 1307/713/1092 1306/642/1091
f 1310/646/1095 1311/715/1096 1312/714/1097
f 1310/646/1095 1312/714/1097 1313/644/1095
f 1314/648/1098 1315/716/1099 1316/715/1099
f 1314/648/1098 1316/715/1099 1317/646/1098
f 1318/205/1100 1319/309/1101 1320/716/1102
f 1318/205/1100 1320/716/1102 1321/648/1100
f 1173/650/961 1322/717/1103 1323/311/1103
f 1173/650/961 1323/311/1103 1174/208/961
f 1177/651/964 1324/718/1104 1325/717/1104
f 1177/651/964 1325/717/1104 1178/650/964
f 1181/652/967 1326/719/1105 1327/718/1105
f 1181/652/967 1327/718/1105 1182/651/968
f 1185/653/970 1328/720/1106 1329/719/1107
f 1185/653/970 1329/719/1107 1186/652/971
f 1189/654/974 1330/721/1108 1328/720/1106
f 1189/654/974 1328/720/1106 1185/653/970
f 1191/655/976 1331/722/1109 1330/721/1108
f 1191/655/976 1330/721/1108 1189/654/974
f 1193/656/978 1332/723/1110 1331/722/1109
f 1193/656/978 1331/722/1109 1191/655/976
f 1195/657/980 1333/724/1111 1332/723/1110
f 1195/657/980 1332/723/1110 1193/656/978
f 1197/658/982 1334/725/1112 1333/724/1111
f 1197/658/982 1333/724/1111 1195/657/980
f 1199/659/984 1335/726/1113 1334/725/1112
f 1199/659/984 1334/725/1112 1197/658/982
f 1201/660/986 1336/727/1114 1335/726/1113
f 1201/660/986 1335/726/1113 1199/659/984
f 1203/661/988 1337/728/1115 1336/727/1114
f 1203/661/988 1336/727/1114 1201/660/986
f 1205/662/990 1338/729/1116 1337/728/1115
f 1205/662/990 1337/728/1115 1203/661/988
f 1207/663/992 1339/730/1117 1338/729/1116
f 1207/663/992 1338/729/1116 1205/662/990
f 1209/664/994 1340/731/1118 1339/730/1117
f 1209/664/994 1339/730/1117 1207/663/992
f 1211/665/996 1341/732/1119 1340/731/1118
f 1211/665/996 1340/731/1118 1209/664/994
f 1213/666/998 1342/733/1120 1341/732/1119
f 1213/666/998 1341/732/1119 1211/665/996
f 1215/667/1000 1343/734/1121 1342/733/1120
f 1215/667/1000 1342/733/1120 1213/666/998
f 1217/668/1002 1344/735/1122 1343/734/1121
f 1217/668/1002 1343/734/1121 1215/667/1000
f 1219/669/1004 1345/736/1123 1344/735/1122
f 1219/669/1004 1344/735/1122 1217/668/1002
f 1221/670/1006 1346/737/1124 1345/736/1123
f 1221/670/1006 1345/736/1123 1219/669/1004
f 1223/671/1008 1347/738/1125 1346/737/1124
f 1223/671/1008 1346/737/1124 1221/670/1006
f 1225/672/1010 1348/739/1126 1347/738/1125
f 1225/672/1010 1347/738/1125 1223/671/1008
f 1227/673/1012 1349/740/1127 1348/739/1126
f 1227/673/1012 1348/739/1126 1225/672/1010
f 1229/674/1014 1350/741/1128 1349/740/1127
f 1229/674/1014 1349/740/1127 1227/673/1012
f 1231/675/1016 1351/742/1129 1350/741/1128
f 1231/675/1016 1350/741/1128 1229/674/1014
f 1233/676/1018 1352/743/1130 1351/742/1129
f 1233/676/1018 1351/742/1129 1231/675/1016
f 1235/677/1020 1353/744/1131 1352/743/1130
f 1235/677/1020 1352/743/1130 1233/676/1018
f 1237/678/1022 1354/745/1132 1353/744/1131
f 1237/678/1022 1353/744/1131 1235/677/1020
f 1239/679/1024 1355/746/1133 1354/745/1132
f 1239/679/1024 1354/745/1132 1237/678/1022
f 1241/680/1026 1356/747/1134 1355/746/1133
f 1241/680/1026 1355/746/1133 1239/679/1024
f 1243/681/1028 1357/748/1135 1356/747/1134
f 1243/681/1028 1356/747/1134 1241/680/1026
f 1245/682/1030 1358/749/1136 1357/748/1135
f 1245/682/1030 1357/748/1135 1243/681/1028
f 1247/683/1032 1359/750/1137 1358/749/1136
f 1247/683/1032 1358/749/1136 1245/682/1030
f 1249/684/1034 1360/751/1138 1359/750/1137
f 1249/684/1034 1359/750/1137 1247/683/1032
f 1251/685/1036 1361/752/1139 1360/751/1138
f 1251/685/1036 1360/751/1138 1249/684/1034
f 1253/686/1038 1362/753/1140 1361/752/1139
f 1253/686/1038 1361/752/1139 1251/685/1036
f 1255/687/1040 1363/754/1141 1362/753/1140
f 1255/687/1040 1362/753/1140 1253/686/1038
f 1257/688/1042 1364/755/1142 1363/754/1141
f 1257/688/1042 1363/754/1141 1255/687/1040
f 1259/689/1044 1365/756/1143 1364/755/1142
f 1259/689/1044 1364/755/1142 1257/688/1042
f 1261/690/1046 1366/757/1144 1365/756/1143
f 1261/690/1046 1365/756/1143 1259/689/1044
f 1263/691/1048 1367/758/1145 1366/757/1144
f 1263/691/1048 1366/757/1144 1261/690/1046
f 1265/692/1050 1368/759/1146 1367/758/1145
f 1265/692/1050 1367/758/1145 1263/691/1048
f 1267/693/1052 1369/760/1147 1368/759/1146
f 1267/693/1052 1368/759/1146 1265/692/1050
f 1269/694/1054 1370/761/1148 1369/760/1147
f 1269/694/1054 1369/760/1147 1267/693/1052
f 1271/695/1056 1371/762/1149 1370/761/1148
f 1271/695/1056 1370/761/1148 1269/694/1054
f 1273/696/1058 1372/763/1150 1371/762/1149
f 1273/696/1058 1371/762/1149 1271/695/1056
f 1275/697/1060 1373/764/1151 1372/763/1150
f 1275/697/1060 1372/763/1150 1273/696/1058
f 1277/698/1062 1374/765/1152 1373/764/1151
f 1277/698/1062 1373/764/1151 1275/697/1060
f 1279/699/1064 1375/766/1153 1374/765/1152
f 1279/699/1064 1374/765/1152 1277/698/1062
f 1281/700/1066 1376/767/1154 1375/766/1153
f 1281/700/1066 1375/766/1153 1279/699/1064
f 1283/701/1068 1377/768/1155 1376/767/1154
f 1283/701/1068 1376/767/1154 1281/700/1066
f 1285/702/1070 1378/769/1156 1377/768/1155
f 1285/702/1070 1377/768/1155 1283/701/1068
f 1287/703/1072 1379/770/1157 1378/769/1156
f 1287/703/1072 1378/769/1156 1285/702/1070
f 1289/704/1074 1380/771/1158 1379/770/1157
f 1289/704/1074 1379/770/1157 1287/703/1072
f 1291/705/1076 1381/772/1159 1380/771/1158
f 1291/705/1076 1380/771/1158 1289/704/1074
f 1293/706/1078 1382/773/1160 1381/772/1159
f 1293/706/1078 1381/772/1159 1291/705/1076
f 1295/707/1080 1383/774/1161 1382/773/1160
f 1295/707/1080 1382/773/1160 1293/706/1078
f 1297/708/1082 1384/775/1162 1383/774/1161
f 1297/708/1082 1383/774/1161 1295/707/1080
f 1299/709/1084 1385/776/1163 1384/775/1162
f 1299/709/1084 1384/775/1162 1297/708/1082
f 1301/710/1086 1386/777/1164 1385/776/1163
f 1301/710/1086 1385/776/1163 1299/709/1084
f 1303/711/1088 1387/778/1165 1386/777/1164
f 1303/711/1088 1386/777/1164 1301/710/1086
f 1305/712/1090 1388/779/1166 1387/778/1165
f 1305/712/1090 1387/778/1165 1303/711/1088
f 1307/713/1092 1389/780/1167 1388/779/1166
f 1307/713/1092 1388/779/1166 1305/712/1090
f 1309/714/1094 1390/781/1168 1389/780/1167
f 1309/714/1094 1389/780/1167 1307/713/1092
f 1311/715/1096 1391/782/1169 1392/781/1169
f 1311/715/1096 1392/781/1169 1312/714/1097
f 1315/716/1099 1393/783/1170 1394/782/1171
f 1315/716/1099 1394/782/1171 1316/715/1099
f 1319/309/1101 1395/412/1172 1396/783/1173
f 1319/309/1101 1396/783/1173 1320/716/1102
f 1322/717/1103 1397/784/1174 1398/414/1174
f 1322/717/1103 1398/414/1174 1323/311/1103
f 1324/718/1104 1399/785/1175 1400/784/1175
f 1324/718/1104 1400/784/1175 1325/717/1104
f 1326/719/1105 1401/786/1176 1402/785/1177
f 1326/719/1105 1402/785/1177 1327/718/1105
f 1328/720/1106 1403/787/1178 1404/786/1179
f 1328/720/1106 1404/786/1179 1329/719/1107
f 1330/721/1108 1405/788/1180 1403/787/1178
f 1330/721/1108 1403/787/1178 1328/720/1106
f 1331/722/1109 1406/789/1181 1405/788/1180
f 1331/722/1109 1405/788/1180 1330/721/1108
f 1332/723/1110 1407/790/1182 1406/789/1181
f 1332/723/1110 1406/789/1181 1331/722/1109
f 1333/724/1111 1408/791/1183 1407/790/1182
f 1333/724/1111 1407/790/1182 1332/723/1110
f 1334/725/1112 1409/792/1184 1408/791/1183
f 1334/725/1112 1408/791/1183 1333/724/1111
f 1335/726/1113 1410/793/1185 1409/792/1184
f 1335/726/1113 1409/792/1184 1334/725/1112
f 1336/727/1114 1411/794/1186 1410/793/1185
f 1336/727/1114 1410/793/1185 1335/726/1113
f 1337/728/1115 1412/795/1187 1411/794/1186
f 1337/728/1115 1411/794/1186 1336/727/1114
f 1338/729/1116 1413/796/1188 1412/795/1187
f 1338/729/1116 1412/795/1187 1337/728/1115
f 1339/730/1117 1414/797/1189 1413/796/1188
f 1339/730/1117 1413/796/1188 1338/729/1116
f 1340/731/1118 1415/798/1190 1414/797/1189
f 1340/731/1118 1414/797/1189 1339/730/1117
f 1341/732/1119 1416/799/1191 1415/798/1190
f 1341/732/1119 1415/798/1190 1340/731/1118
f 1342/733/1120 1417/800/1192 1416/799/1191
f 1342/733/1120 1416/799/1191 1341/732/1119
f 1343/734/1121 1418/801/1193 1417/800/1192
f 1343/734/1121 1417/800/1192 1342/733/1120
f 1344/735/1122 1419/802/1194 1418/801/1193
f 1344/735/1122 1418/801/1193 1343/734/1121
f 1345/736/1123 1420/803/1195 1419/802/1194
f 1345/736/1123 1419/802/1194 1344/735/1122
f 1346/737/1124 1421/804/1196 1420/803/1195
f 1346/737/1124 1420/803/1195 1345/736/1123
f 1347/738/1125 1422/805/1197 1421/804/1196
f 1347/738/1125 1421/804/1196 1346/737/1124
f 1348/739/1126 1423/806/1198 1422/805/1197
f 1348/739/1126 1422/805/1197 1347/738/1125
f 1349/740/1127 1424/807/1199 1423/806/1198
f 1349/740/1127 1423/806/1198 1348/739/1126
f 1350/741/1128 1425/808/1200 1424/807/1199
f 1350/741/1128 1424/807/1199 1349/740/1127
f 1351/742/1129 1426/809/1201 1425/808/1200
f 1351/742/1129 1425/808/1200 1350/741/1128
f 1352/743/1130 1427/810/1202 1426/809/1201
f 1352/743/1130 1426/809/1201 1351/742/1129
f 1353/744/1131 1428/811/1203 1427/810/1202
f 1353/744/1131 1427/810/1202 1352/743/1130
f 1354/745/1132 1429/812/1204 1428/811/1203
f 1354/745/1132 1428/811/1203 1353/744/1131
f 1355/746/1133 1430/813/1205 1429/812/1204
f 1355/746/1133 1429/812/1204 1354/745/1132
f 1356/747/1134 1431/814/1206 1430/813/1205
f 1356/747/1134 1430/813/1205 1355/746/1133
f 1357/748/1135 1432/815/1207 1431/814/1206
f 1357/748/1135 1431/814/1206 1356/747/1134
f 1358/749/1136 1433/816/1208 1432/815/1207
f 1358/749/1136 1432/815/1207 1357/748/1135
f 1359/750/1137 1434/817/1209 1433/816/1208
f 1359/750/1137 1433/816/1208 1358/749/1136
f 1360/751/1138 1435/818/1210 1434/817/1209
f 1360/751/1138 1434/817/1209 1359/750/1137
f 1361/752/1139 1436/819/1211 1435/818/1210
f 1361/752/1139 1435/818/1210 1360/751/1138
f 1362/753/1140 1437/820/1212 1436/819/1211
f 1362/753/1140 1436/819/1211 1361/752/1139
f 1363/754/1141 1438/821/1213 1437/820/1212
f 1363/754/1141 1437/820/1212 1362/753/1140
f 1364/755/1142 1439/822/1214 1438/821/1213
f 1364/755/1142 1438/821/1213 1363/754/1141
f 1365/756/1143 1440/823/1215 1439/822/1214
f 1365/756/1143 1439/822/1214 1364/755/1142
f 1366/757/1144 1441/824/1216 1440/823/1215
f 1366/757/1144 1440/823/1215 1365/756/1143
f 1367/758/1145 1442/825/1217 1441/824/1216
f 1367/758/1145 1441/824/1216 1366/757/1144
f 1368/759/1146 1443/826/1218 1442/825/1217
f 1368/759/1146 1442/825/1217 1367/758/1145
f 1369/760/1147 1444/827/1219 1443/826/1218
f 1369/760/1147 1443/826/1218 1368/759/1146
f 1370/761/1148 1445/828/1220 1444/827/1219
f 1370/761/1148 1444/827/1219 1369/760/1147
f 1371/762/1149 1446/829/1221 1445/828/1220
f 1371/762/1149 1445/828/1220 1370/761/1148
f 1372/763/1150 1447/830/1222 1446/829/1221
f 1372/763/1150 1446/829/1221 1371/762/1149
f 1373/764/1151 1448/831/1223 1447/830/1222
f 1373/764/1151 1447/830/1222 1372/763/1150
f 1374/765/1152 1449/832/1224 1448/831/1223
f 1374/765/1152 1448/831/1223 1373/764/1151
f 1375/766/1153 1450/833/1225 1449/832/1224
f 1375/766/1153 1449/832/1224 1374/765/1152
f 1376/767/1154 1451/834/1226 1450/833/1225
f 1376/767/1154 1450/833/1225 1375/766/1153
f 1377/768/1155 1452/835/1227 1451/834/1226
f 1377/768/1155 1451/834/1226 1376/767/1154
f 1378/769/1156 1453/836/1228 1452/835/1227
f 1378/769/1156 1452/835/1227 1377/768/1155
f 1379/770/1157 1454/837/1229 1453/836/1228
f 1379/770/1157 1453/836/1228 1378/769/1156
f 1380/771/1158 1455/838/1230 1454/837/1229
f 1380/771/1158 1454/837/1229 1379/770/1157
f 1381/772/1159 1456/839/1231 1455/838/1230
f 1381/772/1159 1455/838/1230 1380/771/1158
f 1382/773/1160 1457/840/1232 1456/839/1231
f 1382/773/1160 1456/839/1231 1381/772/1159
f 1383/774/1161 1458/841/1233 1457/840/1232
f 1383/774/1161 1457/840/1232 1382/773/1160
f 1384/775/1162 1459/842/1234 1458/841/1233
f 1384/775/1162 1458/841/1233 1383/774/1161
f 1385/776/1163 1460/843/1235 1459/842/1234
f 1385/776/1163 1459/842/1234 1384/775/1162
f 1386/777/1164 1461/844/1236 1460/843/1235
f 1386/777/1164 1460/843/1235 1385/776/1163
f 1387/778/1165 1462/845/1237 1461/844/1236
f 1387/778/1165 1461/844/1236 1386/777/1164
f 1388/779/1166 1463/846/1238 1462/845/1237
f 1388/779/1166 1462/845/1237 1387/778/1165
f 1389/780/1167 1464/847/1239 1463/846/1238
f 1389/780/1167 1463/846/1238 1388/779/1166
f 1390/781/1168 1465/848/1240 1464/847/1239
f 1390/781/1168 1464/847/1239 1389/780/1167
f 1391/782/1169 1466/849/1241 1467/848/1241
f 1391/782/1169 1467/848/1241 1392/781/1169
f 1393/783/1170 1468/850/1242 1469/849/1242
f 1393/783/1170 1469/849/1242 1394/782/1171
f 1395/412/1172 1470/515/1243 1471/850/1243
f 1395/412/1172 1471/850/1243 1396/783/1173
f 1397/784/1174 1472/517/1244 1473/4/1244
f 1397/784/1174 1473/4/1244 1398/414/1174
f 1399/785/1175 1474/519/1245 1475/517/1245
f 1399/785/1175 1475/517/1245 1400/784/1175
f 1476/786/1246 1477/521/1246 1478/519/1247
f 1476/786/1246 1478/519/1247 1479/785/1246
f 1403/787/1178 1480/523/1248 1481/521/1249
f 1403/787/1178 1481/521/1249 1404/786/1179
f 1405/788/1180 1482/525/1250 1480/523/1248
f 1405/788/1180 1480/523/1248 1403/787/1178
f 1406/789/1181 1483/527/1251 1482/525/1250
f 1406/789/1181 1482/525/1250 1405/788/1180
f 1407/790/1182 1484/529/1252 1483/527/1251
f 1407/790/1182 1483/527/1251 1406/789/1181
f 1408/791/1183 1485/531/1253 1484/529/1252
f 1408/791/1183 1484/529/1252 1407/790/1182
f 1409/792/1184 1486/533/1254 1485/531/1253
f 1409/792/1184 1485/531/1253 1408/791/1183
f 1410/793/1185 1487/535/1255 1486/533/1254
f 1410/793/1185 1486/533/1254 1409/792/1184
f 1411/794/1186 1488/537/1256 1487/535/1255
f 1411/794/1186 1487/535/1255 1410/793/1185
f 1412/795/1187 1489/539/1257 1488/537/1256
f 1412/795/1187 1488/537/1256 1411/794/1186
f 1413/796/1188 1490/541/1258 1489/539/1257
f 1413/796/1188 1489/539/1257 1412/795/1187
f 1414/797/1189 1491/543/1259 1490/541/1258
f 1414/797/1189 1490/541/1258 1413/796/1188
f 1415/798/1190 1492/545/1260 1491/543/1259
f 1415/798/1190 1491/543/1259 1414/797/1189
f 1416/799/1191 1493/547/1261 1492/545/1260
f 1416/799/1191 1492/545/1260 1415/798/1190
f 1417/800/1192 1494/549/1262 1493/547/1261
f 1417/800/1192 1493/547/1261 1416/799/1191
f 1418/801/1193 1495/551/1263 1494/549/1262
f 1418/801/1193 1494/549/1262 1417/800/1192
f 1419/802/1194 1496/553/1264 1495/551/1263
f 1419/802/1194 1495/551/1263 1418/801/1193
f 1420/803/1195 1497/555/1265 1496/553/1264
f 1420/803/1195 1496/553/1264 1419/802/1194
f 1421/804/1196 1498/557/1266 1497/555/1265
f 1421/804/1196 1497/555/1265 1420/803/1195
f 1422/805/1197 1499/559/1267 1498/557/1266
f 1422/805/1197 1498/557/1266 1421/804/1196
f 1423/806/1198 1500/561/1268 1499/559/1267
f 1423/806/1198 1499/559/1267 1422/805/1197
f 1424/807/1199 1501/563/1269 1500/561/1268
f 1424/807/1199 1500/561/1268 1423/806/1198
f 1425/808/1200 1502/565/1270 1501/563/1269
f 1425/808/1200 1501/563/1269 1424/807/1199
f 1426/809/1201 1503/567/1271 1502/565/1270
f 1426/809/1201 1502/565/1270 1425/808/1200
f 1427/810/1202 1504/569/1272 1503/567/1271
f 1427/810/1202 1503/567/1271 1426/809/1201
f 1428/811/1203 1505/571/1273 1504/569/1272
f 1428/811/1203 1504/569/1272 1427/810/1202
f 1429/812/1204 1506/573/1274 1505/571/1273
f 1429/812/1204 1505/571/1273 1428/811/1203
f 1430/813/1205 1507/575/1275 1506/573/1274
f 1430/813/1205 1506/573/1274 1429/812/1204
f 1431/814/1206 1508/577/1276 1507/575/1275
f 1431/814/1206 1507/575/1275 1430/813/1205
f 1432/815/1207 1509/579/1277 1508/577/1276
f 1432/815/1207 1508/577/1276 1431/814/1206
f 1433/816/1208 1510/581/1278 1509/579/1277
f 1433/816/1208 1509/579/1277 1432/815/1207
f 1434/817/1209 1511/583/1279 1510/581/1278
f 1434/817/1209 1510/581/1278 1433/816/1208
f 1435/818/1210 1512/585/1280 1511/583/1279
f 1435/818/1210 1511/583/1279 1434/817/1209
f 1436/819/1211 1513/587/1281 1512/585/1280
f 1436/819/1211 1512/585/1280 1435/818/1210
f 1437/820/1212 1514/589/1282 1513/587/1281
f 1437/820/1212 1513/587/1281 1436/819/1211
f 1438/821/1213 1515/591/1283 1514/589/1282
f 1438/821/1213 1514/589/1282 1437/820/1212
f 1439/822/1214 1516/593/1284 1515/591/1283
f 1439/822/1214 1515/591/1283 1438/821/1213
f 1440/823/1215 1517/595/1285 1516/593/1284
f 1440/823/1215 1516/593/1284 1439/822/1214
f 1441/824/1216 1518/597/1286 1517/595/1285
f 1441/824/1216 1517/595/1285 1440/823/1215
f 1442/825/1217 1519/599/1287 1518/597/1286
f 1442/825/1217 1518/597/1286 1441/824/1216
f 1443/826/1218 1520/601/1288 1519/599/1287
f 1443/826/1218 1519/599/1287 1442/825/1217
f 1444/827/1219 1521/603/1289 1520/601/1288
f 1444/827/1219 1520/601/1288 1443/826/1218
f 1445/828/1220 1522/605/1290 1521/603/1289
f 1445/828/1220 1521/603/1289 1444/827/1219
f 1446/829/1221 1523/607/1291 1522/605/1290
f 1446/829/1221 1522/605/1290 1445/828/1220
f 1447/830/1222 1524/609/1292 1523/607/1291
f 1447/830/1222 1523/607/1291 1446/829/1221
f 1448/831/1223 1525/611/1293 1524/609/1292
f 1448/831/1223 1524/609/1292 1447/830/1222
f 1449/832/1224 1526/613/1294 1525/611/1293
f 1449/832/1224 1525/611/1293 1448/831/1223
f 1450/833/1225 1527/615/1295 1526/613/1294
f 1450/833/1225 1526/613/1294 1449/832/1224
f 1451/834/1226 1528/617/1296 1527/615/1295
f 1451/834/1226 1527/615/1295 1450/833/1225
f 1452/835/1227 1529/619/1297 1528/617/1296
f 1452/835/1227 1528/617/1296 1451/834/1226
f 1453/836/1228 1530/621/1298 1529/619/1297
f 1453/836/1228 1529/619/1297 1452/835/1227
f 1454/837/1229 1531/623/1299 1530/621/1298
f 1454/837/1229 1530/621/1298 1453/836/1228
f 1455/838/1230 1532/625/1300 1531/623/1299
f 1455/838/1230 1531/623/1299 1454/837/1229
f 1456/839/1231 1533/627/1301 1532/625/1300
f 1456/839/1231 1532/625/1300 1455/838/1230
f 1457/840/1232 1534/629/1302 1533/627/1301
f 1457/840/1232 1533/627/1301 1456/839/1231
f 1458/841/1233 1535/631/1303 1534/629/1302
f 1458/841/1233 1534/629/1302 1457/840/1232
f 1459/842/1234 1536/633/1304 1535/631/1303
f 1459/842/1234 1535/631/1303 1458/841/1233
f 1460/843/1235 1537/635/1305 1536/633/1304
f 1460/843/1235 1536/633/1304 1459/842/1234
f 1461/844/1236 1538/637/1306 1537/635/1305
f 1461/844/1236 1537/635/1305 1460/843/1235
f 1462/845/1237 1539/639/1307 1538/637/1306
f 1462/845/1237 1538/637/1306 1461/844/1236
f 1463/846/1238 1540/641/1308 1539/639/1307
f 1463/846/1238 1539/639/1307 1462/845/1237
f 1464/847/1239 1541/643/1309 1540/641/1308
f 1464/847/1239 1540/641/1308 1463/846/1238
f 1465/848/1240 1542/645/1310 1541/643/1309
f 1465/848/1240 1541/643/1309 1464/847/1239
f 1543/849/1311 1544/647/1312 1545/645/1313
f 1543/849/1311 1545/645/1313 1546/848/1314
f 1468/850/1242 1547/649/1315 1548/647/1315
f 1468/850/1242 1548/647/1315 1469/849/1242
f 1470/515/1243 1549/206/1316 1550/649/1316
f 1470/515/1243 1550/649/1316 1471/850/1243
s 0
f 1551/4/1317 1552/517/1317 1553/516/1317
f 1551/4/1317 1553/516/1317 1554/1/1317
s 1
f 1555/517/1318 1556/519/1319 1557/518/1319
f 1555/517/1318 1557/518/1319 1558/516/1318
f 1559/519/1320 1560/521/1321 1561/520/1322
f 1559/519/1320 1561/520/1322 1562/518/1321
f 1563/521/1323 1564/523/1324 1565/522/1325
f 1563/521/1323 1565/522/1325 1566/520/1326
f 1564/523/1324 1567/525/1327 1568/524/1328
f 1564/523/1324 1568/524/1328 1565/522/1325
f 1567/525/1327 1569/527/1329 1570/526/1330
f 1567/525/1327 1570/526/1330 1568/524/1328
f 1569/527/1329 1571/529/1331 1572/528/1332
f 1569/527/1329 1572/528/1332 1570/526/1330
f 1571/529/1331 1573/531/1333 1574/530/1333
f 1571/529/1331 1574/530/1333 1572/528/1332
f 1573/531/1333 1575/533/1334 1576/532/1335
f 1573/531/1333 1576/532/1335 1574/530/1333
f 1575/533/1334 1577/535/1336 1578/534/1336
f 1575/533/1334 1578/534/1336 1576/532/1335
f 1577/535/1336 1579/537/1337 1580/536/1338
f 1577/535/1336 1580/536/1338 1578/534/1336
f 1579/537/1337 1581/539/1339 1582/538/1339
f 1579/537/1337 1582/538/1339 1580/536/1338
f 1581/539/1339 1583/541/1340 1584/540/1340
f 1581/539/1339 1584/540/1340 1582/538/1339
f 1583/541/1340 1585/543/1341 1586/542/1341
f 1583/541/1340 1586/542/1341 1584/540/1340
f 1585/543/1341 1587/545/1342 1588/544/1343
f 1585/543/1341 1588/544/1343 1586/542/1341
f 1587/545/1342 1589/547/1344 1590/546/1344
f 1587/545/1342 1590/546/1344 1588/544/1343
f 1589/547/1344 1591/549/1345 1592/548/1346
f 1589/547/1344 1592/548/1346 1590/546/1344
f 1591/549/1345 1593/551/1347 1594/550/1348
f 1591/549/1345 1594/550/1348 1592/548/1346
f 1593/551/1347 1595/553/1349 1596/552/1349
f 1593/551/1347 1596/552/1349 1594/550/1348
f 1595/553/1349 1597/555/1350 1598/554/1350
f 1595/553/1349 1598/554/1350 1596/552/1349
f 1597/555/1350 1599/557/1351 1600/556/1351
f 1597/555/1350 1600/556/1351 1598/554/1350
f 1599/557/1351 1601/559/1352 1602/558/1353
f 1599/557/1351 1602/558/1353 1600/556/1351
f 1601/559/1352 1603/561/1354 1604/560/1354
f 1601/559/1352 1604/560/1354 1602/558/1353
f 1603/561/1354 1605/563/1355 1606/562/1356
f 1603/561/1354 1606/562/1356 1604/560/1354
f 1605/563/1355 1607/565/1357 1608/564/1357
f 1605/563/1355 1608/564/1357 1606/562/1356
f 1607/565/1357 1609/567/1358 1610/566/1359
f 1607/565/1357 1610/566/1359 1608/564/1357
f 1609/567/1358 1611/569/1360 1612/568/1360
f 1609/567/1358 1612/568/1360 1610/566/1359
f 1611/569/1360 1613/571/1361 1614/570/1362
f 1611/569/1360 1614/570/1362 1612/568/1360
f 1613/571/1361 1615/573/1363 1616/572/1363
f 1613/571/1361 1616/572/1363 1614/570/1362
f 1615/573/1363 1617/575/1364 1618/574/1364
f 1615/573/1363 1618/574/1364 1616/572/1363
f 1617/575/1364 1619/577/1365 1620/576/1365
f 1617/575/1364 1620/576/1365 1618/574/1364
f 1619/577/1365 1621/579/1366 1622/578/1367
f 1619/577/1365 1622/578/1367 1620/576/1365
f 1621/579/1366 1623/581/1368 1624/580/1369
f 1621/579/1366 1624/580/1369 1622/578/1367
f 1623/581/1368 1625/583/1370 1626/582/1371
f 1623/581/1368 1626/582/1371 1624/580/1369
f 1625/583/1370 1627/585/1372 1628/584/1373
f 1625/583/1370 1628/584/1373 1626/582/1371
f 1627/585/1372 1629/587/1374 1630/586/1375
f 1627/585/1372 1630/586/1375 1628/584/1373
f 1629/587/1374 1631/589/1376 1632/588/1377
f 1629/587/1374 1632/588/1377 1630/586/1375
f 1631/589/1376 1633/591/1378 1634/590/1379
f 1631/589/1376 1634/590/1379 1632/588/1377
f 1633/591/1378 1635/593/1380 1636/592/1381
f 1633/591/1378 1636/592/1381 1634/590/1379
f 1635/593/1380 1637/595/1382 1638/594/1383
f 1635/593/1380 1638/594/1383 1636/592/1381
f 1637/595/1382 1639/597/1384 1640/596/1384
f 1637/595/1382 1640/596/1384 1638/594/1383
f 1639/597/1384 1641/599/1385 1642/598/1385
f 1639/597/1384 1642/598/1385 1640/596/1384
f 1641/599/1385 1643/601/1386 1644/600/1387
f 1641/599/1385 1644/600/1387 1642/598/1385
f 1643/601/1386 1645/603/1388 1646/602/1389
f 1643/601/1386 1646/602/1389 1644/600/1387
f 1645/603/1388 1647/605/1390 1648/604/1391
f 1645/603/1388 1648/604/1391 1646/602/1389
f 1647/605/1390 1649/607/1392 1650/606/1393
f 1647/605/1390 1650/606/1393 1648/604/1391
f 1649/607/1392 1651/609/1394 1652/608/1395
f 1649/607/1392 1652/608/1395 1650/606/1393
f 1651/609/1394 1653/611/1396 1654/610/1396
f 1651/609/1394 1654/610/1396 1652/608/1395
f 1653/611/1396 1655/613/1397 1656/612/1397
f 1653/611/1396 1656/612/1397 1654/610/1396
f 1655/613/1397 1657/615/1398 1658/614/1398
f 1655/613/1397 1658/614/1398 1656/612/1397
f 1657/615/1398 1659/617/1399 1660/616/1400
f 1657/615/1398 1660/616/1400 1658/614/1398
f 1659/617/1399 1661/619/1401 1662/618/1401
f 1659/617/1399 1662/618/1401 1660/616/1400
f 1661/619/1401 1663/621/1402 1664/620/1402
f 1661/619/1401 1664/620/1402 1662/618/1401
f 1663/621/1402 1665/623/1403 1666/622/1404
f 1663/621/1402 1666/622/1404 1664/620/1402
f 1665/623/1403 1667/625/1405 1668/624/1405
f 1665/623/1403 1668/624/1405 1666/622/1404
f 1667/625/1405 1669/627/1406 1670/626/1407
f 1667/625/1405 1670/626/1407 1668/624/1405
f 1669/627/1406 1671/629/1408 1672/628/1409
f 1669/627/1406 1672/628/1409 1670/626/1407
f 1671/629/1408 1673/631/1410 1674/630/1411
f 1671/629/1408 1674/630/1411 1672/628/1409
f 1673/631/1410 1675/633/1412 1676/632/1413
f 1673/631/1410 1676/632/1413 1674/630/1411
f 1675/633/1412 1677/635/1414 1678/634/1414
f 1675/633/1412 1678/634/1414 1676/632/1413
f 1677/635/1414 1679/637/1415 1680/636/1416
f 1677/635/1414 1680/636/1416 1678/634/1414
f 1679/637/1415 1681/639/1417 1682/638/1417
f 1679/637/1415 1682/638/1417 1680/636/1416
f 1681/639/1417 1683/641/1418 1684/640/1418
f 1681/639/1417 1684/640/1418 1682/638/1417
f 1683/641/1418 1685/643/1419 1686/642/1420
f 1683/641/1418 1686/642/1420 1684/640/1418
f 1685/643/1419 1687/645/1421 1688/644/1422
f 1685/643/1419 1688/644/1422 1686/642/1420
f 1689/645/1423 1690/647/1424 1691/646/1423
f 1689/645/1423 1691/646/1423 1692/644/1425
f 1693/647/1426 1694/649/1427 1695/648/1426
f 1693/647/1426 1695/648/1426 1696/646/1428
f 1697/649/1429 1698/206/1429 1699/205/1429
f 1697/649/1429 1699/205/1429 1700/648/1429
s 0
f 1701/1/1430 1702/851/1430 1703/852/1430
f 1701/1/1430 1703/852/1430 1704/4/1430
s 1
f 1705/851/1431 1706/853/1432 1707/854/1431
f 1705/851/1431 1707/854/1431 1708/852/1431
s 0
f 1709/853/1433 1710/855/1433 1711/856/1433
f 1709/853/1433 1711/856/1433 1712/854/1433
f 1713/855/1434 1714/857/1434 1715/858/1434
f 1713/855/1434 1715/858/1434 1716/856/1434
f 1717/857/1435 1718/859/1435 1719/860/1435
f 1717/857/1436 1719/860/1436 1720/858/1436
f 1721/859/1437 1722/861/1437 1723/862/1437
f 1721/859/1437 1723/862/1437 1724/860/1437
f 1725/861/1438 1726/863/1438 1727/864/1438
f 1725/861/1438 1727/864/1438 1728/862/1438
f 1729/863/1439 1730/865/1439 1731/866/1439
f 1729/863/1439 1731/866/1439 1732/864/1439
s 1
f 1733/865/1440 1734/867/1441 1735/868/1442
f 1733/865/1440 1735/868/1442 1736/866/1440
f 1734/867/1441 1737/869/1443 1738/870/1444
f 1734/867/1441 1738/870/1444 1735/868/1442
f 1737/869/1443 1739/871/1445 1740/872/1445
f 1737/869/1443 1740/872/1445 1738/870/1444
f 1739/871/1445 1741/873/1446 1742/874/1446
f 1739/871/1445 1742/874/1446 1740/872/1445
f 1741/873/1446 1743/875/1447 1744/876/1447
f 1741/873/1446 1744/876/1447 1742/874/1446
f 1743/875/1447 1745/877/1448 1746/878/1448
f 1743/875/1447 1746/878/1448 1744/876/1447
f 1745/877/1448 1747/879/1449 1748/880/1449
f 1745/877/1448 1748/880/1449 1746/878/1448
f 1747/879/1449 1749/881/1450 1750/882/1450
f 1747/879/1449 1750/882/1450 1748/880/1449
f 1749/881/1450 1751/883/1451 1752/884/1451
f 1749/881/1450 1752/884/1451 1750/882/1450
f 1751/883/1451 1753/885/1452 1754/886/1453
f 1751/883/1451 1754/886/1453 1752/884/1451
f 1753/885/1452 1755/887/1454 1756/888/1455
f 1753/885/1452 1756/888/1455 1754/886/1453
f 1755/887/1454 1757/889/1456 1758/890/1456
f 1755/887/1454 1758/890/1456 1756/888/1455
f 1757/889/1456 1759/891/1457 1760/892/1458
f 1757/889/1456 1760/892/1458 1758/890/1456
f 1759/891/1457 1761/893/1459 1762/894/1459
f 1759/891/1457 1762/894/1459 1760/892/1458
f 1761/893/1459 1763/895/1460 1764/896/1461
f 1761/893/1459 1764/896/1461 1762/894/1459
f 1763/895/1460 1765/897/1462 1766/898/1463
f 1763/895/1460 1766/898/1463 1764/896/1461
f 1765/897/1462 1767/899/1464 1768/900/1465
f 1765/897/1462 1768/900/1465 1766/898/1463
f 1767/899/1464 1769/901/1466 1770/902/1466
f 1767/899/1464 1770/902/1466 1768/900/1465
f 1769/901/1466 1771/903/1467 1772/904/1468
f 1769/901/1466 1772/904/1468 1770/902/1466
f 1771/903/1467 1773/905/1469 1774/906/1470
f 1771/903/1467 1774/906/1470 1772/904/1468
f 1773/905/1469 1775/907/1471 1776/908/1471
f 1773/905/1469 1776/908/1471 1774/906/1470
f 1775/907/1471 1777/909/1472 1778/910/1472
f 1775/907/1471 1778/910/1472 1776/908/1471
f 1777/909/1472 1779/911/1473 1780/912/1473
f 1777/909/1472 1780/912/1473 1778/910/1472
f 1779/911/1473 1781/913/1474 1782/914/1474
f 1779/911/1473 1782/914/1474 1780/912/1473
f 1781/913/1474 1783/915/1475 1784/916/1476
f 1781/913/1474 1784/916/1476 1782/914/1474
f 1783/915/1475 1785/917/1477 1786/918/1477
f 1783/915/1475 1786/918/1477 1784/916/1476
f 1785/917/1477 1787/919/1478 1788/920/1478
f 1785/917/1477 1788/920/1478 1786/918/1477
f 1787/919/1478 1789/921/1479 1790/922/1479
f 1787/919/1478 1790/922/1479 1788/920/1478
f 1789/921/1479 1791/923/1480 1792/924/1480
f 1789/921/1479 1792/924/1480 1790/922/1479
f 1791/923/1480 1793/925/1481 1794/926/1481
f 1791/923/1480 1794/926/1481 1792/924/1480
f 1793/925/1481 1795/927/1482 1796/928/1483
f 1793/925/1481 1796/928/1483 1794/926/1481
f 1795/927/1482 1797/929/1484 1798/930/1485
f 1795/927/1482 1798/930/1485 1796/928/1483
f 1797/929/1484 1799/931/1486 1800/932/1486
f 1797/929/1484 1800/932/1486 1798/930/1485
f 1799/931/1486 1801/933/1487 1802/934/1488
f 1799/931/1486 1802/934/1488 1800/932/1486
f 1801/933/1487 1803/935/1489 1804/936/1490
f 1801/933/1487 1804/936/1490 1802/934/1488
f 1803/935/1489 1805/937/1491 1806/938/1492
f 1803/935/1489 1806/938/1492 1804/936/1490
f 1805/937/1491 1807/939/1493 1808/940/1494
f 1805/937/1491 1808/940/1494 1806/938/1492
f 1807/939/1493 1809/941/1495 1810/942/1496
f 1807/939/1493 1810/942/1496 1808/940/1494
f 1809/941/1495 1811/943/1497 1812/944/1498
f 1809/941/1495 1812/944/1498 1810/942/1496
f 1811/943/1497 1813/945/1499 1814/946/1500
f 1811/943/1497 1814/946/1500 1812/944/1498
f 1813/945/1499 1815/947/1501 1816/948/1502
f 1813/945/1499 1816/948/1502 1814/946/1500
f 1815/947/1501 1817/949/1503 1818/950/1503
f 1815/947/1501 1818/950/1503 1816/948/1502
f 1817/949/1503 1819/951/1504 1820/952/1504
f 1817/949/1503 1820/952/1504 1818/950/1503
f 1819/951/1504 1821/953/1505 1822/954/1506
f 1819/951/1504 1822/954/1506 1820/952/1504
f 1821/953/1505 1823/955/1507 1824/956/1507
f 1821/953/1505 1824/956/1507 1822/954/1506
f 1823/955/1507 1825/957/1508 1826/958/1509
f 1823/955/1507 1826/958/1509 1824/956/1507
f 1825/957/1508 1827/959/1510 1828/960/1511
f 1825/957/1508 1828/960/1511 1826/958/1509
f 1827/959/1510 1829/961/1512 1830/962/1513
f 1827/959/1510 1830/962/1513 1828/960/1511
f 1829/961/1512 1831/963/1514 1832/964/1515
f 1829/961/1512 1832/964/1515 1830/962/1513
f 1831/963/1514 1833/965/1516 1834/966/1517
f 1831/963/1514 1834/966/1517 1832/964/1515
f 1833/965/1516 1835/967/1518 1836/968/1519
f 1833/965/1516 1836/968/1519 1834/966/1517
f 1835/967/1518 1837/969/1520 1838/970/1521
f 1835/967/1518 1838/970/1521 1836/968/1519
f 1837/969/1520 1839/971/1522 1840/972/1523
f 1837/969/1520 1840/972/1523 1838/970/1521
f 1839/971/1522 1841/973/1524 1842/974/1525
f 1839/971/1522 1842/974/1525 1840/972/1523
f 1841/973/1524 1843/975/1526 1844/976/1526
f 1841/973/1524 1844/976/1526 1842/974/1525
f 1843/975/1526 1845/977/1527 1846/978/1527
f 1843/975/1526 1846/978/1527 1844/976/1526
f 1845/977/1527 1847/979/1528 1848/980/1529
f 1845/977/1527 1848/980/1529 1846/978/1527
f 1847/979/1528 1849/981/1530 1850/982/1531
f 1847/979/1528 1850/982/1531 1848/980/1529
f 1849/981/1530 1851/983/1532 1852/984/1532
f 1849/981/1530 1852/984/1532 1850/982/1531
f 1851/983/1532 1853/985/1533 1854/986/1533
f 1851/983/1532 1854/986/1533 1852/984/1532
f 1853/985/1533 1855/987/1534 1856/988/1534
f 1853/985/1533 1856/988/1534 1854/986/1533
f 1855/987/1534 1857/989/1535 1858/990/1535
f 1855/987/1534 1858/990/1535 1856/988/1534
f 1857/989/1535 1859/991/1536 1860/992/1536
f 1857/989/1535 1860/992/1536 1858/990/1535
f 1859/991/1536 1861/993/1537 1862/994/1537
f 1859/991/1536 1862/994/1537 1860/992/1536
f 1861/993/1537 1863/995/1538 1864/996/1538
f 1861/993/1537 1864/996/1538 1862/994/1537
s 0
f 1865/995/1539 1866/997/1539 1867/998/1539
f 1865/995/1539 1867/998/1539 1868/996/1539
f 1869/997/1540 1870/999/1540 1871/1000/1540
f 1869/997/1540 1871/1000/1540 1872/998/1540
f 1873/999/1437 1874/1001/1437 1875/1002/1437
f 1873/999/1437 1875/1002/1437 1876/1000/1437
f 1877/1001/1541 1878/1003/1541 1879/1004/1541
f 1877/1001/1541 1879/1004/1541 1880/1002/1541
f 1881/1003/1542 1882/1005/1542 1883/1006/1542
f 1881/1003/1543 1883/1006/1543 1884/1004/1543
s 1
f 1885/1005/1544 1886/1007/1442 1887/1008/1442
f 1885/1005/1544 1887/1008/1442 1888/1006/1545
f 1886/1007/1442 1889/1009/1546 1890/1010/1546
f 1886/1007/1442 1890/1010/1546 1887/1008/1442
f 1889/1009/1546 1891/1011/1547 1892/1012/1548
f 1889/1009/1546 1892/1012/1548 1890/1010/1546
f 1891/1011/1547 1893/1013/1549 1894/1014/1549
f 1891/1011/1547 1894/1014/1549 1892/1012/1548
f 1893/1013/1549 1895/1015/1550 1896/1016/1551
f 1893/1013/1549 1896/1016/1551 1894/1014/1549
f 1895/1015/1550 1897/1017/1552 1898/1018/1553
f 1895/1015/1550 1898/1018/1553 1896/1016/1551
f 1897/1017/1552 1899/1019/1554 1900/1020/1554
f 1897/1017/1552 1900/1020/1554 1898/1018/1553
f 1899/1019/1554 1901/1021/1555 1902/1022/1556
f 1899/1019/1554 1902/1022/1556 1900/1020/1554
f 1901/1021/1555 1903/1023/1557 1904/1024/1558
f 1901/1021/1555 1904/1024/1558 1902/1022/1556
f 1903/1023/1557 1905/1025/1559 1906/1026/1559
f 1903/1023/1557 1906/1026/1559 1904/1024/1558
f 1905/1025/1559 1907/1027/1560 1908/1028/1560
f 1905/1025/1559 1908/1028/1560 1906/1026/1559
f 1907/1027/1560 1909/1029/1561 1910/1030/1561
f 1907/1027/1560 1910/1030/1561 1908/1028/1560
f 1909/1029/1561 1911/1031/1562 1912/1032/1562
f 1909/1029/1561 1912/1032/1562 1910/1030/1561
f 1911/1031/1562 1913/1033/1563 1914/1034/1564
f 1911/1031/1562 1914/1034/1564 1912/1032/1562
f 1913/1033/1563 1915/1035/1565 1916/1036/1566
f 1913/1033/1563 1916/1036/1566 1914/1034/1564
f 1915/1035/1565 1917/1037/1567 1918/1038/1568
f 1915/1035/1565 1918/1038/1568 1916/1036/1566
f 1917/1037/1567 1919/1039/1569 1920/1040/1570
f 1917/1037/1567 1920/1040/1570 1918/1038/1568
f 1919/1039/1569 1921/1041/1464 1922/1042/1571
f 1919/1039/1569 1922/1042/1571 1920/1040/1570
f 1921/1041/1464 1923/1043/1466 1924/1044/1466
f 1921/1041/1464 1924/1044/1466 1922/1042/1571
f 1923/1043/1466 1925/1045/1572 1926/1046/1572
f 1923/1043/1466 1926/1046/1572 1924/1044/1466
f 1925/1045/1572 1927/1047/1573 1928/1048/1574
f 1925/1045/1572 1928/1048/1574 1926/1046/1572
f 1927/1047/1573 1929/1049/1575 1930/1050/1576
f 1927/1047/1573 1930/1050/1576 1928/1048/1574
f 1929/1049/1575 1931/1051/1577 1932/1052/1577
f 1929/1049/1575 1932/1052/1577 1930/1050/1576
f 1931/1051/1577 1933/1053/1578 1934/1054/1579
f 1931/1051/1577 1934/1054/1579 1932/1052/1577
f 1933/1053/1578 1935/1055/1474 1936/1056/1474
f 1933/1053/1578 1936/1056/1474 1934/1054/1579
f 1935/1055/1474 1937/1057/1580 1938/1058/1580
f 1935/1055/1474 1938/1058/1580 1936/1056/1474
f 1937/1057/1580 1939/1059/1581 1940/1060/1581
f 1937/1057/1580 1940/1060/1581 1938/1058/1580
f 1939/1059/1581 1941/1061/1582 1942/1062/1583
f 1939/1059/1581 1942/1062/1583 1940/1060/1581
f 1941/1061/1582 1943/1063/1584 1944/1064/1584
f 1941/1061/1582 1944/1064/1584 1942/1062/1583
f 1943/1063/1584 1945/1065/1585 1946/1066/1586
f 1943/1063/1584 1946/1066/1586 1944/1064/1584
f 1945/1065/1585 1947/1067/1587 1948/1068/1588
f 1945/1065/1585 1948/1068/1588 1946/1066/1586
f 1947/1067/1587 1949/1069/1589 1950/1070/1590
f 1947/1067/1587 1950/1070/1590 1948/1068/1588
f 1949/1069/1589 1951/1071/1591 1952/1072/1592
f 1949/1069/1589 1952/1072/1592 1950/1070/1590
f 1951/1071/1591 1953/1073/1593 1954/1074/1593
f 1951/1071/1591 1954/1074/1593 1952/1072/1592
f 1953/1073/1593 1955/1075/1594 1956/1076/1594
f 1953/1073/1593 1956/1076/1594 1954/1074/1593
f 1955/1075/1594 1957/1077/1595 1958/1078/1596
f 1955/1075/1594 1958/1078/1596 1956/1076/1594
f 1957/1077/1595 1959/1079/1597 1960/1080/1598
f 1957/1077/1595 1960/1080/1598 1958/1078/1596
f 1959/1079/1597 1961/1081/1599 1962/1082/1599
f 1959/1079/1597 1962/1082/1599 1960/1080/1598
f 1961/1081/1599 1963/1083/1600 1964/1084/1601
f 1961/1081/1599 1964/1084/1601 1962/1082/1599
f 1963/1083/1600 1965/1085/1602 1966/1086/1603
f 1963/1083/1600 1966/1086/1603 1964/1084/1601
f 1965/1085/1602 1967/1087/1604 1968/1088/1605
f 1965/1085/1602 1968/1088/1605 1966/1086/1603
f 1967/1087/1604 1969/1089/1606 1970/1090/1606
f 1967/1087/1604 1970/1090/1606 1968/1088/1605
f 1969/1089/1606 1971/1091/1607 1972/1092/1608
f 1969/1089/1606 1972/1092/1608 1970/1090/1606
f 1971/1091/1607 1973/1093/1504 1974/1094/1609
f 1971/1091/1607 1974/1094/1609 1972/1092/1608
f 1973/1093/1504 1975/1095/1610 1976/1096/1505
f 1973/1093/1504 1976/1096/1505 1974/1094/1609
f 1975/1095/1610 1977/1097/1611 1978/1098/1611
f 1975/1095/1610 1978/1098/1611 1976/1096/1505
f 1977/1097/1611 1979/1099/1612 1980/1100/1613
f 1977/1097/1611 1980/1100/1613 1978/1098/1611
f 1979/1099/1612 1981/1101/1614 1982/1102/1614
f 1979/1099/1612 1982/1102/1614 1980/1100/1613
f 1981/1101/1614 1983/1103/1615 1984/1104/1615
f 1981/1101/1614 1984/1104/1615 1982/1102/1614
f 1983/1103/1615 1985/1105/1616 1986/1106/1617
f 1983/1103/1615 1986/1106/1617 1984/1104/1615
f 1985/1105/1616 1987/1107/1618 1988/1108/1619
f 1985/1105/1616 1988/1108/1619 1986/1106/1617
f 1987/1107/1618 1989/1109/1620 1990/1110/1621
f 1987/1107/1618 1990/1110/1621 1988/1108/1619
f 1989/1109/1620 1991/1111/1622 1992/1112/1622
f 1989/1109/1620 1992/1112/1622 1990/1110/1621
f 1991/1111/1622 1993/1113/1623 1994/1114/1624
f 1991/1111/1622 1994/1114/1624 1992/1112/1622
f 1993/1113/1623 1995/1115/1625 1996/1116/1625
f 1993/1113/1623 1996/1116/1625 1994/1114/1624
f 1995/1115/1625 1997/1117/1626 1998/1118/1626
f 1995/1115/1625 1998/1118/1626 1996/1116/1625
f 1997/1117/1626 1999/1119/1627 2000/1120/1628
f 1997/1117/1626 2000/1120/1628 1998/1118/1626
f 1999/1119/1627 2001/1121/1629 2002/1122/1630
f 1999/1119/1627 2002/1122/1630 2000/1120/1628
f 2001/1121/1629 2003/1123/1631 2004/1124/1631
f 2001/1121/1629 2004/1124/1631 2002/1122/1630
f 2003/1123/1631 2005/1125/1632 2006/1126/1632
f 2003/1123/1631 2006/1126/1632 2004/1124/1631
f 2005/1125/1632 2007/1127/1633 2008/1128/1633
f 2005/1125/1632 2008/1128/1633 2006/1126/1632
f 2007/1127/1633 2009/1129/1634 2010/1130/1634
f 2007/1127/1633 2010/1130/1634 2008/1128/1633
f 2009/1129/1634 2011/1131/1635 2012/1132/1635
f 2009/1129/1634 2012/1132/1635 2010/1130/1634
f 2011/1131/1635 2013/205/1636 2014/206/1636
f 2011/1131/1635 2014/206/1636 2012/1132/1635
f 2015/851/1637 2016/1133/1638 2017/208/1638
f 2015/851/1637 2017/208/1638 2018/1/1639
f 2019/853/1640 2020/1134/1641 2021/1133/1642
f 2019/853/1640 2021/1133/1642 2022/851/1643
f 2023/855/1644 2024/1135/1645 2025/1134/1645
f 2023/855/1644 2025/1134/1645 2026/853/1646
f 2027/857/1647 2028/1136/1648 2029/1135/1649
f 2027/857/1647 2029/1135/1649 2030/855/1650
f 2031/859/1651 2032/1137/1652 2033/1136/1652
f 2031/859/1651 2033/1136/1652 2034/857/1651
f 2035/861/1653 2036/1138/1654 2037/1137/1655
f 2035/861/1653 2037/1137/1655 2038/859/1653
f 2039/863/1656 2040/1139/1657 2041/1138/1658
f 2039/863/1656 2041/1138/1658 2042/861/1656
f 2043/865/1659 2044/1140/1660 2045/1139/1661
f 2043/865/1659 2045/1139/1661 2046/863/1659
f 2047/867/1662 2048/1141/1663 2049/1140/1664
f 2047/867/1662 2049/1140/1664 2050/865/1665
f 2051/869/1666 2052/1142/1667 2048/1141/1663
f 2051/869/1666 2048/1141/1663 2047/867/1662
f 2053/871/1668 2054/1143/1669 2052/1142/1667
f 2053/871/1668 2052/1142/1667 2051/869/1666
f 2055/873/1670 2056/1144/1671 2054/1143/1669
f 2055/873/1670 2054/1143/1669 2053/871/1668
f 2057/875/1672 2058/1145/1673 2056/1144/1671
f 2057/875/1672 2056/1144/1671 2055/873/1670
f 2059/877/1674 2060/1146/1675 2058/1145/1673
f 2059/877/1674 2058/1145/1673 2057/875/1672
f 2061/879/1676 2062/1147/1677 2060/1146/1675
f 2061/879/1676 2060/1146/1675 2059/877/1674
f 2063/881/1678 2064/1148/1679 2062/1147/1677
f 2063/881/1678 2062/1147/1677 2061/879/1676
f 2065/883/1680 2066/1149/1681 2064/1148/1679
f 2065/883/1680 2064/1148/1679 2063/881/1678
f 2067/885/1682 2068/1150/1683 2066/1149/1681
f 2067/885/1682 2066/1149/1681 2065/883/1680
f 2069/887/1684 2070/1151/1685 2068/1150/1683
f 2069/887/1684 2068/1150/1683 2067/885/1682
f 2071/889/1686 2072/1152/1687 2070/1151/1685
f 2071/889/1686 2070/1151/1685 2069/887/1684
f 2073/891/1688 2074/1153/1689 2072/1152/1687
f 2073/891/1688 2072/1152/1687 2071/889/1686
f 2075/893/1690 2076/1154/1691 2074/1153/1689
f 2075/893/1690 2074/1153/1689 2073/891/1688
f 2077/895/1692 2078/1155/1693 2076/1154/1691
f 2077/895/1692 2076/1154/1691 2075/893/1690
f 2079/897/1694 2080/1156/1695 2078/1155/1693
f 2079/897/1694 2078/1155/1693 2077/895/1692
f 2081/899/1696 2082/1157/1697 2080/1156/1695
f 2081/899/1696 2080/1156/1695 2079/897/1694
f 2083/901/1698 2084/1158/1699 2082/1157/1697
f 2083/901/1698 2082/1157/1697 2081/899/1696
f 2085/903/1700 2086/1159/1701 2084/1158/1699
f 2085/903/1700 2084/1158/1699 2083/901/1698
f 2087/905/1702 2088/1160/1703 2086/1159/1701
f 2087/905/1702 2086/1159/1701 2085/903/1700
f 2089/907/1704 2090/1161/1705 2088/1160/1703
f 2089/907/1704 2088/1160/1703 2087/905/1702
f 2091/909/1706 2092/1162/1707 2090/1161/1705
f 2091/909/1706 2090/1161/1705 2089/907/1704
f 2093/911/1708 2094/1163/1709 2092/1162/1707
f 2093/911/1708 2092/1162/1707 2091/909/1706
f 2095/913/1710 2096/1164/1711 2094/1163/1709
f 2095/913/1710 2094/1163/1709 2093/911/1708
f 2097/915/1712 2098/1165/1713 2096/1164/1711
f 2097/915/1712 2096/1164/1711 2095/913/1710
f 2099/917/1714 2100/1166/1715 2098/1165/1713
f 2099/917/1714 2098/1165/1713 2097/915/1712
f 2101/919/1716 2102/1167/1717 2100/1166/1715
f 2101/919/1716 2100/1166/1715 2099/917/1714
f 2103/921/1718 2104/1168/1719 2102/1167/1717
f 2103/921/1718 2102/1167/1717 2101/919/1716
f 2105/923/1720 2106/1169/1721 2104/1168/1719
f 2105/923/1720 2104/1168/1719 2103/921/1718
f 2107/925/1722 2108/1170/1723 2106/1169/1721
f 2107/925/1722 2106/1169/1721 2105/923/1720
f 2109/927/1724 2110/1171/1725 2108/1170/1723
f 2109/927/1724 2108/1170/1723 2107/925/1722
f 2111/929/1726 2112/1172/1727 2110/1171/1725
f 2111/929/1726 2110/1171/1725 2109/927/1724
f 2113/931/1728 2114/1173/1729 2112/1172/1727
f 2113/931/1728 2112/1172/1727 2111/929/1726
f 2115/933/1730 2116/1174/1731 2114/1173/1729
f 2115/933/1730 2114/1173/1729 2113/931/1728
f 2117/935/1732 2118/1175/1733 2116/1174/1731
f 2117/935/1732 2116/1174/1731 2115/933/1730
f 2119/937/1734 2120/1176/1735 2118/1175/1733
f 2119/937/1734 2118/1175/1733 2117/935/1732
f 2121/939/1736 2122/1177/1737 2120/1176/1735
f 2121/939/1736 2120/1176/1735 2119/937/1734
f 2123/941/1738 2124/1178/1739 2122/1177/1737
f 2123/941/1738 2122/1177/1737 2121/939/1736
f 2125/943/1740 2126/1179/1741 2124/1178/1739
f 2125/943/1740 2124/1178/1739 2123/941/1738
f 2127/945/1742 2128/1180/1743 2126/1179/1741
f 2127/945/1742 2126/1179/1741 2125/943/1740
f 2129/947/1744 2130/1181/1745 2128/1180/1743
f 2129/947/1744 2128/1180/1743 2127/945/1742
f 2131/949/1746 2132/1182/1747 2130/1181/1745
f 2131/949/1746 2130/1181/1745 2129/947/1744
f 2133/951/1748 2134/1183/1749 2132/1182/1747
f 2133/951/1748 2132/1182/1747 2131/949/1746
f 2135/953/1750 2136/1184/1751 2134/1183/1749
f 2135/953/1750 2134/1183/1749 2133/951/1748
f 2137/955/1752 2138/1185/1753 2136/1184/1751
f 2137/955/1752 2136/1184/1751 2135/953/1750
f 2139/957/1754 2140/1186/1755 2138/1185/1753
f 2139/957/1754 2138/1185/1753 2137/955/1752
f 2141/959/1756 2142/1187/1757 2140/1186/1755
f 2141/959/1756 2140/1186/1755 2139/957/1754
f 2143/961/1758 2144/1188/1759 2142/1187/1757
f 2143/961/1758 2142/1187/1757 2141/959/1756
f 2145/963/1760 2146/1189/1761 2144/1188/1759
f 2145/963/1760 2144/1188/1759 2143/961/1758
f 2147/965/1762 2148/1190/1763 2146/1189/1761
f 2147/965/1762 2146/1189/1761 2145/963/1760
f 2149/967/1764 2150/1191/1765 2148/1190/1763
f 2149/967/1764 2148/1190/1763 2147/965/1762
f 2151/969/1766 2152/1192/1767 2150/1191/1765
f 2151/969/1766 2150/1191/1765 2149/967/1764
f 2153/971/1768 2154/1193/1769 2152/1192/1767
f 2153/971/1768 2152/1192/1767 2151/969/1766
f 2155/973/1770 2156/1194/1771 2154/1193/1769
f 2155/973/1770 2154/1193/1769 2153/971/1768
f 2157/975/1772 2158/1195/1773 2156/1194/1771
f 2157/975/1772 2156/1194/1771 2155/973/1770
f 2159/977/1774 2160/1196/1775 2158/1195/1773
f 2159/977/1774 2158/1195/1773 2157/975/1772
f 2161/979/1776 2162/1197/1777 2160/1196/1775
f 2161/979/1776 2160/1196/1775 2159/977/1774
f 2163/981/1778 2164/1198/1779 2162/1197/1777
f 2163/981/1778 2162/1197/1777 2161/979/1776
f 2165/983/1780 2166/1199/1781 2164/1198/1779
f 2165/983/1780 2164/1198/1779 2163/981/1778
f 2167/985/1782 2168/1200/1783 2166/1199/1781
f 2167/985/1782 2166/1199/1781 2165/983/1780
f 2169/987/1784 2170/1201/1785 2168/1200/1783
f 2169/987/1784 2168/1200/1783 2167/985/1782
f 2171/989/1786 2172/1202/1787 2170/1201/1785
f 2171/989/1786 2170/1201/1785 2169/987/1784
f 2173/991/1788 2174/1203/1789 2172/1202/1787
f 2173/991/1788 2172/1202/1787 2171/989/1786
f 2175/993/1790 2176/1204/1791 2174/1203/1789
f 2175/993/1790 2174/1203/1789 2173/991/1788
f 2177/995/1792 2178/1205/1793 2176/1204/1791
f 2177/995/1792 2176/1204/1791 2175/993/1790
f 2179/997/1794 2180/1206/1795 2181/1205/1795
f 2179/997/1794 2181/1205/1795 2182/995/1796
f 2183/999/1797 2184/1207/1798 2185/1206/1798
f 2183/999/1797 2185/1206/1798 2186/997/1799
f 2187/1001/1800 2188/1208/1801 2189/1207/1801
f 2187/1001/1800 2189/1207/1801 2190/999/1802
f 2191/1003/1803 2192/1209/1804 2193/1208/1804
f 2191/1003/1803 2193/1208/1804 2194/1001/1805
f 2195/1005/1806 2196/1210/1807 2197/1209/1808
f 2195/1005/1806 2197/1209/1808 2198/1003/1806
f 2199/1007/1809 2200/1211/1810 2201/1210/1811
f 2199/1007/1809 2201/1210/1811 2202/1005/1812
f 2203/1009/1813 2204/1212/1814 2200/1211/1810
f 2203/1009/1813 2200/1211/1810 2199/1007/1809
f 2205/1011/1815 2206/1213/1816 2204/1212/1814
f 2205/1011/1815 2204/1212/1814 2203/1009/1813
f 2207/1013/1817 2208/1214/1818 2206/1213/1816
f 2207/1013/1817 2206/1213/1816 2205/1011/1815
f 2209/1015/1819 2210/1215/1820 2208/1214/1818
f 2209/1015/1819 2208/1214/1818 2207/1013/1817
f 2211/1017/1821 2212/1216/1822 2210/1215/1820
f 2211/1017/1821 2210/1215/1820 2209/1015/1819
f 2213/1019/1823 2214/1217/1824 2212/1216/1822
f 2213/1019/1823 2212/1216/1822 2211/1017/1821
f 2215/1021/1825 2216/1218/1826 2214/1217/1824
f 2215/1021/1825 2214/1217/1824 2213/1019/1823
f 2217/1023/1827 2218/1219/1828 2216/1218/1826
f 2217/1023/1827 2216/1218/1826 2215/1021/1825
f 2219/1025/1829 2220/1220/1830 2218/1219/1828
f 2219/1025/1829 2218/1219/1828 2217/1023/1827
f 2221/1027/1831 2222/1221/1832 2220/1220/1830
f 2221/1027/1831 2220/1220/1830 2219/1025/1829
f 2223/1029/1833 2224/1222/1834 2222/1221/1832
f 2223/1029/1833 2222/1221/1832 2221/1027/1831
f 2225/1031/1835 2226/1223/1836 2224/1222/1834
f 2225/1031/1835 2224/1222/1834 2223/1029/1833
f 2227/1033/1837 2228/1224/1838 2226/1223/1836
f 2227/1033/1837 2226/1223/1836 2225/1031/1835
f 2229/1035/1839 2230/1225/1840 2228/1224/1838
f 2229/1035/1839 2228/1224/1838 2227/1033/1837
f 2231/1037/1841 2232/1226/1842 2230/1225/1840
f 2231/1037/1841 2230/1225/1840 2229/1035/1839
f 2233/1039/1843 2234/1227/1844 2232/1226/1842
f 2233/1039/1843 2232/1226/1842 2231/1037/1841
f 2235/1041/1845 2236/1228/1846 2234/1227/1844
f 2235/1041/1845 2234/1227/1844 2233/1039/1843
f 2237/1043/1847 2238/1229/1699 2236/1228/1846
f 2237/1043/1847 2236/1228/1846 2235/1041/1845
f 2239/1045/1848 2240/1230/1849 2238/1229/1699
f 2239/1045/1848 2238/1229/1699 2237/1043/1847
f 2241/1047/1850 2242/1231/1851 2240/1230/1849
f 2241/1047/1850 2240/1230/1849 2239/1045/1848
f 2243/1049/1852 2244/1232/1853 2242/1231/1851
f 2243/1049/1852 2242/1231/1851 2241/1047/1850
f 2245/1051/1854 2246/1233/1855 2244/1232/1853
f 2245/1051/1854 2244/1232/1853 2243/1049/1852
f 2247/1053/1856 2248/1234/1857 2246/1233/1855
f 2247/1053/1856 2246/1233/1855 2245/1051/1854
f 2249/1055/1858 2250/1235/1859 2248/1234/1857
f 2249/1055/1858 2248/1234/1857 2247/1053/1856
f 2251/1057/1860 2252/1236/1861 2250/1235/1859
f 2251/1057/1860 2250/1235/1859 2249/1055/1858
f 2253/1059/1862 2254/1237/1863 2252/1236/1861
f 2253/1059/1862 2252/1236/1861 2251/1057/1860
f 2255/1061/1864 2256/1238/1865 2254/1237/1863
f 2255/1061/1864 2254/1237/1863 2253/1059/1862
f 2257/1063/1866 2258/1239/1867 2256/1238/1865
f 2257/1063/1866 2256/1238/1865 2255/1061/1864
f 2259/1065/1868 2260/1240/1869 2258/1239/1867
f 2259/1065/1868 2258/1239/1867 2257/1063/1866
f 2261/1067/1870 2262/1241/1723 2260/1240/1869
f 2261/1067/1870 2260/1240/1869 2259/1065/1868
f 2263/1069/1871 2264/1242/1872 2262/1241/1723
f 2263/1069/1871 2262/1241/1723 2261/1067/1870
f 2265/1071/1873 2266/1243/1874 2264/1242/1872
f 2265/1071/1873 2264/1242/1872 2263/1069/1871
f 2267/1073/1875 2268/1244/1876 2266/1243/1874
f 2267/1073/1875 2266/1243/1874 2265/1071/1873
f 2269/1075/1877 2270/1245/1878 2268/1244/1876
f 2269/1075/1877 2268/1244/1876 2267/1073/1875
f 2271/1077/1879 2272/1246/1880 2270/1245/1878
f 2271/1077/1879 2270/1245/1878 2269/1075/1877
f 2273/1079/1881 2274/1247/1882 2272/1246/1880
f 2273/1079/1881 2272/1246/1880 2271/1077/1879
f 2275/1081/1883 2276/1248/1884 2274/1247/1882
f 2275/1081/1883 2274/1247/1882 2273/1079/1881
f 2277/1083/1885 2278/1249/1886 2276/1248/1884
f 2277/1083/1885 2276/1248/1884 2275/1081/1883
f 2279/1085/1887 2280/1250/1888 2278/1249/1886
f 2279/1085/1887 2278/1249/1886 2277/1083/1885
f 2281/1087/1889 2282/1251/1890 2280/1250/1888
f 2281/1087/1889 2280/1250/1888 2279/1085/1887
f 2283/1089/1891 2284/1252/1892 2282/1251/1890
f 2283/1089/1891 2282/1251/1890 2281/1087/1889
f 2285/1091/1893 2286/1253/1894 2284/1252/1892
f 2285/1091/1893 2284/1252/1892 2283/1089/1891
f 2287/1093/1895 2288/1254/1896 2286/1253/1894
f 2287/1093/1895 2286/1253/1894 2285/1091/1893
f 2289/1095/1897 2290/1255/1898 2288/1254/1896
f 2289/1095/1897 2288/1254/1896 2287/1093/1895
f 2291/1097/1899 2292/1256/1900 2290/1255/1898
f 2291/1097/1899 2290/1255/1898 2289/1095/1897
f 2293/1099/1901 2294/1257/1902 2292/1256/1900
f 2293/1099/1901 2292/1256/1900 2291/1097/1899
f 2295/1101/1903 2296/1258/1904 2294/1257/1902
f 2295/1101/1903 2294/1257/1902 2293/1099/1901
f 2297/1103/1905 2298/1259/1906 2296/1258/1904
f 2297/1103/1905 2296/1258/1904 2295/1101/1903
f 2299/1105/1907 2300/1260/1908 2298/1259/1906
f 2299/1105/1907 2298/1259/1906 2297/1103/1905
f 2301/1107/1909 2302/1261/1910 2300/1260/1908
f 2301/1107/1909 2300/1260/1908 2299/1105/1907
f 2303/1109/1911 2304/1262/1912 2302/1261/1910
f 2303/1109/1911 2302/1261/1910 2301/1107/1909
f 2305/1111/1913 2306/1263/1914 2304/1262/1912
f 2305/1111/1913 2304/1262/1912 2303/1109/1911
f 2307/1113/1915 2308/1264/1916 2306/1263/1914
f 2307/1113/1915 2306/1263/1914 2305/1111/1913
f 2309/1115/1917 2310/1265/1918 2308/1264/1916
f 2309/1115/1917 2308/1264/1916 2307/1113/1915
f 2311/1117/1919 2312/1266/1920 2310/1265/1918
f 2311/1117/1919 2310/1265/1918 2309/1115/1917
f 2313/1119/1921 2314/1267/1922 2312/1266/1920
f 2313/1119/1921 2312/1266/1920 2311/1117/1919
f 2315/1121/1923 2316/1268/1924 2314/1267/1922
f 2315/1121/1923 2314/1267/1922 2313/1119/1921
f 2317/1123/1925 2318/1269/1926 2316/1268/1924
f 2317/1123/1925 2316/1268/1924 2315/1121/1923
f 2319/1125/1927 2320/1270/1928 2318/1269/1926
f 2319/1125/1927 2318/1269/1926 2317/1123/1925
f 2321/1127/1929 2322/1271/1930 2320/1270/1928
f 2321/1127/1929 2320/1270/1928 2319/1125/1927
f 2323/1129/1931 2324/1272/1932 2322/1271/1930
f 2323/1129/1931 2322/1271/1930 2321/1127/1929
f 2325/1131/1933 2326/1273/1934 2324/1272/1932
f 2325/1131/1933 2324/1272/1932 2323/1129/1931
f 2327/205/1935 2328/309/1936 2326/1273/1934
f 2327/205/1935 2326/1273/1934 2325/1131/1933
f 2016/1133/1638 2329/1274/1937 2330/311/1937
f 2016/1133/1638 2330/311/1937 2017/208/1638
f 2020/1134/1641 2331/1275/1938 2332/1274/1939
f 2020/1134/1641 2332/1274/1939 2021/1133/1642
f 2024/1135/1645 2333/1276/1940 2334/1275/1940
f 2024/1135/1645 2334/1275/1940 2025/1134/1645
f 2028/1136/1648 2335/1277/1941 2336/1276/1942
f 2028/1136/1648 2336/1276/1942 2029/1135/1649
f 2032/1137/1652 2337/1278/1943 2338/1277/1943
f 2032/1137/1652 2338/1277/1943 2033/1136/1652
f 2036/1138/1654 2339/1279/1944 2340/1278/1944
f 2036/1138/1654 2340/1278/1944 2037/1137/1655
f 2040/1139/1657 2341/1280/1945 2342/1279/1945
f 2040/1139/1657 2342/1279/1945 2041/1138/1658
f 2044/1140/1660 2343/1281/1946 2344/1280/1947
f 2044/1140/1660 2344/1280/1947 2045/1139/1661
f 2048/1141/1663 2345/1282/1948 2346/1281/1949
f 2048/1141/1663 2346/1281/1949 2049/1140/1664
f 2052/1142/1667 2347/1283/1950 2345/1282/1948
f 2052/1142/1667 2345/1282/1948 2048/1141/1663
f 2054/1143/1669 2348/1284/1951 2347/1283/1950
f 2054/1143/1669 2347/1283/1950 2052/1142/1667
f 2056/1144/1671 2349/1285/1952 2348/1284/1951
f 2056/1144/1671 2348/1284/1951 2054/1143/1669
f 2058/1145/1673 2350/1286/1953 2349/1285/1952
f 2058/1145/1673 2349/1285/1952 2056/1144/1671
f 2060/1146/1675 2351/1287/1954 2350/1286/1953
f 2060/1146/1675 2350/1286/1953 2058/1145/1673
f 2062/1147/1677 2352/1288/1955 2351/1287/1954
f 2062/1147/1677 2351/1287/1954 2060/1146/1675
f 2064/1148/1679 2353/1289/1956 2352/1288/1955
f 2064/1148/1679 2352/1288/1955 2062/1147/1677
f 2066/1149/1681 2354/1290/1957 2353/1289/1956
f 2066/1149/1681 2353/1289/1956 2064/1148/1679
f 2068/1150/1683 2355/1291/1958 2354/1290/1957
f 2068/1150/1683 2354/1290/1957 2066/1149/1681
f 2070/1151/1685 2356/1292/1959 2355/1291/1958
f 2070/1151/1685 2355/1291/1958 2068/1150/1683
f 2072/1152/1687 2357/1293/1960 2356/1292/1959
f 2072/1152/1687 2356/1292/1959 2070/1151/1685
f 2074/1153/1689 2358/1294/1961 2357/1293/1960
f 2074/1153/1689 2357/1293/1960 2072/1152/1687
f 2076/1154/1691 2359/1295/1962 2358/1294/1961
f 2076/1154/1691 2358/1294/1961 2074/1153/1689
f 2078/1155/1693 2360/1296/1963 2359/1295/1962
f 2078/1155/1693 2359/1295/1962 2076/1154/1691
f 2080/1156/1695 2361/1297/1964 2360/1296/1963
f 2080/1156/1695 2360/1296/1963 2078/1155/1693
f 2082/1157/1697 2362/1298/1965 2361/1297/1964
f 2082/1157/1697 2361/1297/1964 2080/1156/1695
f 2084/1158/1699 2363/1299/1966 2362/1298/1965
f 2084/1158/1699 2362/1298/1965 2082/1157/1697
f 2086/1159/1701 2364/1300/1967 2363/1299/1966
f 2086/1159/1701 2363/1299/1966 2084/1158/1699
f 2088/1160/1703 2365/1301/1968 2364/1300/1967
f 2088/1160/1703 2364/1300/1967 2086/1159/1701
f 2090/1161/1705 2366/1302/1969 2365/1301/1968
f 2090/1161/1705 2365/1301/1968 2088/1160/1703
f 2092/1162/1707 2367/1303/1970 2366/1302/1969
f 2092/1162/1707 2366/1302/1969 2090/1161/1705
f 2094/1163/1709 2368/1304/1971 2367/1303/1970
f 2094/1163/1709 2367/1303/1970 2092/1162/1707
f 2096/1164/1711 2369/1305/1972 2368/1304/1971
f 2096/1164/1711 2368/1304/1971 2094/1163/1709
f 2098/1165/1713 2370/1306/1973 2369/1305/1972
f 2098/1165/1713 2369/1305/1972 2096/1164/1711
f 2100/1166/1715 2371/1307/1974 2370/1306/1973
f 2100/1166/1715 2370/1306/1973 2098/1165/1713
f 2102/1167/1717 2372/1308/1975 2371/1307/1974
f 2102/1167/1717 2371/1307/1974 2100/1166/1715
f 2104/1168/1719 2373/1309/1976 2372/1308/1975
f 2104/1168/1719 2372/1308/1975 2102/1167/1717
f 2106/1169/1721 2374/1310/1977 2373/1309/1976
f 2106/1169/1721 2373/1309/1976 2104/1168/1719
f 2108/1170/1723 2375/1311/1978 2374/1310/1977
f 2108/1170/1723 2374/1310/1977 2106/1169/1721
f 2110/1171/1725 2376/1312/1979 2375/1311/1978
f 2110/1171/1725 2375/1311/1978 2108/1170/1723
f 2112/1172/1727 2377/1313/1980 2376/1312/1979
f 2112/1172/1727 2376/1312/1979 2110/1171/1725
f 2114/1173/1729 2378/1314/1981 2377/1313/1980
f 2114/1173/1729 2377/1313/1980 2112/1172/1727
f 2116/1174/1731 2379/1315/1982 2378/1314/1981
f 2116/1174/1731 2378/1314/1981 2114/1173/1729
f 2118/1175/1733 2380/1316/1983 2379/1315/1982
f 2118/1175/1733 2379/1315/1982 2116/1174/1731
f 2120/1176/1735 2381/1317/1984 2380/1316/1983
f 2120/1176/1735 2380/1316/1983 2118/1175/1733
f 2122/1177/1737 2382/1318/1985 2381/1317/1984
f 2122/1177/1737 2381/1317/1984 2120/1176/1735
f 2124/1178/1739 2383/1319/1986 2382/1318/1985
f 2124/1178/1739 2382/1318/1985 2122/1177/1737
f 2126/1179/1741 2384/1320/1987 2383/1319/1986
f 2126/1179/1741 2383/1319/1986 2124/1178/1739
f 2128/1180/1743 2385/1321/1988 2384/1320/1987
f 2128/1180/1743 2384/1320/1987 2126/1179/1741
f 2130/1181/1745 2386/1322/1989 2385/1321/1988
f 2130/1181/1745 2385/1321/1988 2128/1180/1743
f 2132/1182/1747 2387/1323/1990 2386/1322/1989
f 2132/1182/1747 2386/1322/1989 2130/1181/1745
f 2134/1183/1749 2388/1324/1991 2387/1323/1990
f 2134/1183/1749 2387/1323/1990 2132/1182/1747
f 2136/1184/1751 2389/1325/1992 2388/1324/1991
f 2136/1184/1751 2388/1324/1991 2134/1183/1749
f 2138/1185/1753 2390/1326/1993 2389/1325/1992
f 2138/1185/1753 2389/1325/1992 2136/1184/1751
f 2140/1186/1755 2391/1327/1994 2390/1326/1993
f 2140/1186/1755 2390/1326/1993 2138/1185/1753
f 2142/1187/1757 2392/1328/1995 2391/1327/1994
f 2142/1187/1757 2391/1327/1994 2140/1186/1755
f 2144/1188/1759 2393/1329/1996 2392/1328/1995
f 2144/1188/1759 2392/1328/1995 2142/1187/1757
f 2146/1189/1761 2394/1330/1997 2393/1329/1996
f 2146/1189/1761 2393/1329/1996 2144/1188/1759
f 2148/1190/1763 2395/1331/1998 2394/1330/1997
f 2148/1190/1763 2394/1330/1997 2146/1189/1761
f 2150/1191/1765 2396/1332/1999 2395/1331/1998
f 2150/1191/1765 2395/1331/1998 2148/1190/1763
f 2152/1192/1767 2397/1333/2000 2396/1332/1999
f 2152/1192/1767 2396/1332/1999 2150/1191/1765
f 2154/1193/1769 2398/1334/2001 2397/1333/2000
f 2154/1193/1769 2397/1333/2000 2152/1192/1767
f 2156/1194/1771 2399/1335/2002 2398/1334/2001
f 2156/1194/1771 2398/1334/2001 2154/1193/1769
f 2158/1195/1773 2400/1336/2003 2399/1335/2002
f 2158/1195/1773 2399/1335/2002 2156/1194/1771
f 2160/1196/1775 2401/1337/2004 2400/1336/2003
f 2160/1196/1775 2400/1336/2003 2158/1195/1773
f 2162/1197/1777 2402/1338/2005 2401/1337/2004
f 2162/1197/1777 2401/1337/2004 2160/1196/1775
f 2164/1198/1779 2403/1339/2006 2402/1338/2005
f 2164/1198/1779 2402/1338/2005 2162/1197/1777
f 2166/1199/1781 2404/1340/2007 2403/1339/2006
f 2166/1199/1781 2403/1339/2006 2164/1198/1779
f 2168/1200/1783 2405/1341/2008 2404/1340/2007
f 2168/1200/1783 2404/1340/2007 2166/1199/1781
f 2170/1201/1785 2406/1342/2009 2405/1341/2008
f 2170/1201/1785 2405/1341/2008 2168/1200/1783
f 2172/1202/1787 2407/1343/2010 2406/1342/2009
f 2172/1202/1787 2406/1342/2009 2170/1201/1785
f 2174/1203/1789 2408/1344/2011 2407/1343/2010
f 2174/1203/1789 2407/1343/2010 2172/1202/1787
f 2176/1204/1791 2409/1345/2012 2408/1344/2011
f 2176/1204/1791 2408/1344/2011 2174/1203/1789
f 2178/1205/1793 2410/1346/2013 2409/1345/2012
f 2178/1205/1793 2409/1345/2012 2176/1204/1791
f 2180/1206/1795 2411/1347/1937 2412/1346/1937
f 2180/1206/1795 2412/1346/1937 2181/1205/1795
f 2184/1207/1798 2413/1348/2014 2414/1347/2014
f 2184/1207/1798 2414/1347/2014 2185/1206/1798
f 2188/1208/1801 2415/1349/2015 2416/1348/2016
f 2188/1208/1801 2416/1348/2016 2189/1207/1801
f 2192/1209/1804 2417/1350/2017 2418/1349/2017
f 2192/1209/1804 2418/1349/2017 2193/1208/1804
f 2196/1210/1807 2419/1351/2018 2420/1350/2019
f 2196/1210/1807 2420/1350/2019 2197/1209/1808
f 2200/1211/1810 2421/1352/2020 2422/1351/2021
f 2200/1211/1810 2422/1351/2021 2201/1210/1811
f 2204/1212/1814 2423/1353/2022 2421/1352/2020
f 2204/1212/1814 2421/1352/2020 2200/1211/1810
f 2206/1213/1816 2424/1354/2023 2423/1353/2022
f 2206/1213/1816 2423/1353/2022 2204/1212/1814
f 2208/1214/1818 2425/1355/2024 2424/1354/2023
f 2208/1214/1818 2424/1354/2023 2206/1213/1816
f 2210/1215/1820 2426/1356/2025 2425/1355/2024
f 2210/1215/1820 2425/1355/2024 2208/1214/1818
f 2212/1216/1822 2427/1357/2026 2426/1356/2025
f 2212/1216/1822 2426/1356/2025 2210/1215/1820
f 2214/1217/1824 2428/1358/2027 2427/1357/2026
f 2214/1217/1824 2427/1357/2026 2212/1216/1822
f 2216/1218/1826 2429/1359/2028 2428/1358/2027
f 2216/1218/1826 2428/1358/2027 2214/1217/1824
f 2218/1219/1828 2430/1360/2029 2429/1359/2028
f 2218/1219/1828 2429/1359/2028 2216/1218/1826
f 2220/1220/1830 2431/1361/2030 2430/1360/2029
f 2220/1220/1830 2430/1360/2029 2218/1219/1828
f 2222/1221/1832 2432/1362/2031 2431/1361/2030
f 2222/1221/1832 2431/1361/2030 2220/1220/1830
f 2224/1222/1834 2433/1363/2032 2432/1362/2031
f 2224/1222/1834 2432/1362/2031 2222/1221/1832
f 2226/1223/1836 2434/1364/2033 2433/1363/2032
f 2226/1223/1836 2433/1363/2032 2224/1222/1834
f 2228/1224/1838 2435/1365/2034 2434/1364/2033
f 2228/1224/1838 2434/1364/2033 2226/1223/1836
f 2230/1225/1840 2436/1366/2035 2435/1365/2034
f 2230/1225/1840 2435/1365/2034 2228/1224/1838
f 2232/1226/1842 2437/1367/2036 2436/1366/2035
f 2232/1226/1842 2436/1366/2035 2230/1225/1840
f 2234/1227/1844 2438/1368/2037 2437/1367/2036
f 2234/1227/1844 2437/1367/2036 2232/1226/1842
f 2236/1228/1846 2439/1369/2038 2438/1368/2037
f 2236/1228/1846 2438/1368/2037 2234/1227/1844
f 2238/1229/1699 2440/1370/2039 2439/1369/2038
f 2238/1229/1699 2439/1369/2038 2236/1228/1846
f 2240/1230/1849 2441/1371/2040 2440/1370/2039
f 2240/1230/1849 2440/1370/2039 2238/1229/1699
f 2242/1231/1851 2442/1372/2041 2441/1371/2040
f 2242/1231/1851 2441/1371/2040 2240/1230/1849
f 2244/1232/1853 2443/1373/2042 2442/1372/2041
f 2244/1232/1853 2442/1372/2041 2242/1231/1851
f 2246/1233/1855 2444/1374/2043 2443/1373/2042
f 2246/1233/1855 2443/1373/2042 2244/1232/1853
f 2248/1234/1857 2445/1375/2044 2444/1374/2043
f 2248/1234/1857 2444/1374/2043 2246/1233/1855
f 2250/1235/1859 2446/1376/2045 2445/1375/2044
f 2250/1235/1859 2445/1375/2044 2248/1234/1857
f 2252/1236/1861 2447/1377/2046 2446/1376/2045
f 2252/1236/1861 2446/1376/2045 2250/1235/1859
f 2254/1237/1863 2448/1378/2047 2447/1377/2046
f 2254/1237/1863 2447/1377/2046 2252/1236/1861
f 2256/1238/1865 2449/1379/2048 2448/1378/2047
f 2256/1238/1865 2448/1378/2047 2254/1237/1863
f 2258/1239/1867 2450/1380/2049 2449/1379/2048
f 2258/1239/1867 2449/1379/2048 2256/1238/1865
f 2260/1240/1869 2451/1381/2050 2450/1380/2049
f 2260/1240/1869 2450/1380/2049 2258/1239/1867
f 2262/1241/1723 2452/1382/2051 2451/1381/2050
f 2262/1241/1723 2451/1381/2050 2260/1240/1869
f 2264/1242/1872 2453/1383/2052 2452/1382/2051
f 2264/1242/1872 2452/1382/2051 2262/1241/1723
f 2266/1243/1874 2454/1384/2053 2453/1383/2052
f 2266/1243/1874 2453/1383/2052 2264/1242/1872
f 2268/1244/1876 2455/1385/2054 2454/1384/2053
f 2268/1244/1876 2454/1384/2053 2266/1243/1874
f 2270/1245/1878 2456/1386/2055 2455/1385/2054
f 2270/1245/1878 2455/1385/2054 2268/1244/1876
f 2272/1246/1880 2457/1387/2056 2456/1386/2055
f 2272/1246/1880 2456/1386/2055 2270/1245/1878
f 2274/1247/1882 2458/1388/2057 2457/1387/2056
f 2274/1247/1882 2457/1387/2056 2272/1246/1880
f 2276/1248/1884 2459/1389/2058 2458/1388/2057
f 2276/1248/1884 2458/1388/2057 2274/1247/1882
f 2278/1249/1886 2460/1390/2059 2459/1389/2058
f 2278/1249/1886 2459/1389/2058 2276/1248/1884
f 2280/1250/1888 2461/1391/2060 2460/1390/2059
f 2280/1250/1888 2460/1390/2059 2278/1249/1886
f 2282/1251/1890 2462/1392/2061 2461/1391/2060
f 2282/1251/1890 2461/1391/2060 2280/1250/1888
f 2284/1252/1892 2463/1393/2062 2462/1392/2061
f 2284/1252/1892 2462/1392/2061 2282/1251/1890
f 2286/1253/1894 2464/1394/2063 2463/1393/2062
f 2286/1253/1894 2463/1393/2062 2284/1252/1892
f 2288/1254/1896 2465/1395/1991 2464/1394/2063
f 2288/1254/1896 2464/1394/2063 2286/1253/1894
f 2290/1255/1898 2466/1396/2064 2465/1395/1991
f 2290/1255/1898 2465/1395/1991 2288/1254/1896
f 2292/1256/1900 2467/1397/2065 2466/1396/2064
f 2292/1256/1900 2466/1396/2064 2290/1255/1898
f 2294/1257/1902 2468/1398/2066 2467/1397/2065
f 2294/1257/1902 2467/1397/2065 2292/1256/1900
f 2296/1258/1904 2469/1399/2067 2468/1398/2066
f 2296/1258/1904 2468/1398/2066 2294/1257/1902
f 2298/1259/1906 2470/1400/2068 2469/1399/2067
f 2298/1259/1906 2469/1399/2067 2296/1258/1904
f 2300/1260/1908 2471/1401/2069 2470/1400/2068
f 2300/1260/1908 2470/1400/2068 2298/1259/1906
f 2302/1261/1910 2472/1402/2070 2471/1401/2069
f 2302/1261/1910 2471/1401/2069 2300/1260/1908
f 2304/1262/1912 2473/1403/2071 2472/1402/2070
f 2304/1262/1912 2472/1402/2070 2302/1261/1910
f 2306/1263/1914 2474/1404/2072 2473/1403/2071
f 2306/1263/1914 2473/1403/2071 2304/1262/1912
f 2308/1264/1916 2475/1405/2073 2474/1404/2072
f 2308/1264/1916 2474/1404/2072 2306/1263/1914
f 2310/1265/1918 2476/1406/2074 2475/1405/2073
f 2310/1265/1918 2475/1405/2073 2308/1264/1916
f 2312/1266/1920 2477/1407/2075 2476/1406/2074
f 2312/1266/1920 2476/1406/2074 2310/1265/1918
f 2314/1267/1922 2478/1408/2076 2477/1407/2075
f 2314/1267/1922 2477/1407/2075 2312/1266/1920
f 2316/1268/1924 2479/1409/2077 2478/1408/2076
f 2316/1268/1924 2478/1408/2076 2314/1267/1922
f 2318/1269/1926 2480/1410/2078 2479/1409/2077
f 2318/1269/1926 2479/1409/2077 2316/1268/1924
f 2320/1270/1928 2481/1411/2079 2480/1410/2078
f 2320/1270/1928 2480/1410/2078 2318/1269/1926
f 2322/1271/1930 2482/1412/2080 2481/1411/2079
f 2322/1271/1930 2481/1411/2079 2320/1270/1928
f 2324/1272/1932 2483/1413/2081 2482/1412/2080
f 2324/1272/1932 2482/1412/2080 2322/1271/1930
f 2326/1273/1934 2484/1414/2082 2483/1413/2081
f 2326/1273/1934 2483/1413/2081 2324/1272/1932
f 2328/309/1936 2485/412/2083 2484/1414/2082
f 2328/309/1936 2484/1414/2082 2326/1273/1934
f 2329/1274/1937 2486/1415/2084 2487/414/2085
f 2329/1274/1937 2487/414/2085 2330/311/1937
f 2331/1275/1938 2488/1416/2086 2489/1415/2087
f 2331/1275/1938 2489/1415/2087 2332/1274/1939
f 2333/1276/1940 2490/1417/2088 2491/1416/2089
f 2333/1276/1940 2491/1416/2089 2334/1275/1940
f 2335/1277/1941 2492/1418/2090 2493/1417/2091
f 2335/1277/1941 2493/1417/2091 2336/1276/1942
f 2337/1278/1943 2494/1419/2092 2495/1418/2092
f 2337/1278/1943 2495/1418/2092 2338/1277/1943
f 2339/1279/1944 2496/1420/2093 2497/1419/2093
f 2339/1279/1944 2497/1419/2093 2340/1278/1944
f 2341/1280/1945 2498/1421/2094 2499/1420/2095
f 2341/1280/1945 2499/1420/2095 2342/1279/1945
f 2343/1281/1946 2500/1422/2096 2501/1421/2097
f 2343/1281/1946 2501/1421/2097 2344/1280/1947
f 2345/1282/1948 2502/1423/2098 2503/1422/2099
f 2345/1282/1948 2503/1422/2099 2346/1281/1949
f 2347/1283/1950 2504/1424/2100 2502/1423/2098
f 2347/1283/1950 2502/1423/2098 2345/1282/1948
f 2348/1284/1951 2505/1425/2101 2504/1424/2100
f 2348/1284/1951 2504/1424/2100 2347/1283/1950
f 2349/1285/1952 2506/1426/2102 2505/1425/2101
f 2349/1285/1952 2505/1425/2101 2348/1284/1951
f 2350/1286/1953 2507/1427/2103 2506/1426/2102
f 2350/1286/1953 2506/1426/2102 2349/1285/1952
f 2351/1287/1954 2508/1428/2104 2507/1427/2103
f 2351/1287/1954 2507/1427/2103 2350/1286/1953
f 2352/1288/1955 2509/1429/2105 2508/1428/2104
f 2352/1288/1955 2508/1428/2104 2351/1287/1954
f 2353/1289/1956 2510/1430/2106 2509/1429/2105
f 2353/1289/1956 2509/1429/2105 2352/1288/1955
f 2354/1290/1957 2511/1431/2107 2510/1430/2106
f 2354/1290/1957 2510/1430/2106 2353/1289/1956
f 2355/1291/1958 2512/1432/2108 2511/1431/2107
f 2355/1291/1958 2511/1431/2107 2354/1290/1957
f 2356/1292/1959 2513/1433/2109 2512/1432/2108
f 2356/1292/1959 2512/1432/2108 2355/1291/1958
f 2357/1293/1960 2514/1434/2110 2513/1433/2109
f 2357/1293/1960 2513/1433/2109 2356/1292/1959
f 2358/1294/1961 2515/1435/2111 2514/1434/2110
f 2358/1294/1961 2514/1434/2110 2357/1293/1960
f 2359/1295/1962 2516/1436/2112 2515/1435/2111
f 2359/1295/1962 2515/1435/2111 2358/1294/1961
f 2360/1296/1963 2517/1437/2113 2516/1436/2112
f 2360/1296/1963 2516/1436/2112 2359/1295/1962
f 2361/1297/1964 2518/1438/2114 2517/1437/2113
f 2361/1297/1964 2517/1437/2113 2360/1296/1963
f 2362/1298/1965 2519/1439/2115 2518/1438/2114
f 2362/1298/1965 2518/1438/2114 2361/1297/1964
f 2363/1299/1966 2520/1440/2116 2519/1439/2115
f 2363/1299/1966 2519/1439/2115 2362/1298/1965
f 2364/1300/1967 2521/1441/2117 2520/1440/2116
f 2364/1300/1967 2520/1440/2116 2363/1299/1966
f 2365/1301/1968 2522/1442/2118 2521/1441/2117
f 2365/1301/1968 2521/1441/2117 2364/1300/1967
f 2366/1302/1969 2523/1443/2119 2522/1442/2118
f 2366/1302/1969 2522/1442/2118 2365/1301/1968
f 2367/1303/1970 2524/1444/2120 2523/1443/2119
f 2367/1303/1970 2523/1443/2119 2366/1302/1969
f 2368/1304/1971 2525/1445/2121 2524/1444/2120
f 2368/1304/1971 2524/1444/2120 2367/1303/1970
f 2369/1305/1972 2526/1446/2122 2525/1445/2121
f 2369/1305/1972 2525/1445/2121 2368/1304/1971
f 2370/1306/1973 2527/1447/2123 2526/1446/2122
f 2370/1306/1973 2526/1446/2122 2369/1305/1972
f 2371/1307/1974 2528/1448/2124 2527/1447/2123
f 2371/1307/1974 2527/1447/2123 2370/1306/1973
f 2372/1308/1975 2529/1449/2125 2528/1448/2124
f 2372/1308/1975 2528/1448/2124 2371/1307/1974
f 2373/1309/1976 2530/1450/2126 2529/1449/2125
f 2373/1309/1976 2529/1449/2125 2372/1308/1975
f 2374/1310/1977 2531/1451/2127 2530/1450/2126
f 2374/1310/1977 2530/1450/2126 2373/1309/1976
f 2375/1311/1978 2532/1452/2128 2531/1451/2127
f 2375/1311/1978 2531/1451/2127 2374/1310/1977
f 2376/1312/1979 2533/1453/2129 2532/1452/2128
f 2376/1312/1979 2532/1452/2128 2375/1311/1978
f 2377/1313/1980 2534/1454/2130 2533/1453/2129
f 2377/1313/1980 2533/1453/2129 2376/1312/1979
f 2378/1314/1981 2535/1455/2131 2534/1454/2130
f 2378/1314/1981 2534/1454/2130 2377/1313/1980
f 2379/1315/1982 2536/1456/2132 2535/1455/2131
f 2379/1315/1982 2535/1455/2131 2378/1314/1981
f 2380/1316/1983 2537/1457/2133 2536/1456/2132
f 2380/1316/1983 2536/1456/2132 2379/1315/1982
f 2381/1317/1984 2538/1458/2134 2537/1457/2133
f 2381/1317/1984 2537/1457/2133 2380/1316/1983
f 2382/1318/1985 2539/1459/2135 2538/1458/2134
f 2382/1318/1985 2538/1458/2134 2381/1317/1984
f 2383/1319/1986 2540/1460/2136 2539/1459/2135
f 2383/1319/1986 2539/1459/2135 2382/1318/1985
f 2384/1320/1987 2541/1461/2137 2540/1460/2136
f 2384/1320/1987 2540/1460/2136 2383/1319/1986
f 2385/1321/1988 2542/1462/2138 2541/1461/2137
f 2385/1321/1988 2541/1461/2137 2384/1320/1987
f 2386/1322/1989 2543/1463/2139 2542/1462/2138
f 2386/1322/1989 2542/1462/2138 2385/1321/1988
f 2387/1323/1990 2544/1464/2140 2543/1463/2139
f 2387/1323/1990 2543/1463/2139 2386/1322/1989
f 2388/1324/1991 2545/1465/2141 2544/1464/2140
f 2388/1324/1991 2544/1464/2140 2387/1323/1990
f 2389/1325/1992 2546/1466/2142 2545/1465/2141
f 2389/1325/1992 2545/1465/2141 2388/1324/1991
f 2390/1326/1993 2547/1467/2143 2546/1466/2142
f 2390/1326/1993 2546/1466/2142 2389/1325/1992
f 2391/1327/1994 2548/1468/2144 2547/1467/2143
f 2391/1327/1994 2547/1467/2143 2390/1326/1993
f 2392/1328/1995 2549/1469/2145 2548/1468/2144
f 2392/1328/1995 2548/1468/2144 2391/1327/1994
f 2393/1329/1996 2550/1470/2146 2549/1469/2145
f 2393/1329/1996 2549/1469/2145 2392/1328/1995
f 2394/1330/1997 2551/1471/2147 2550/1470/2146
f 2394/1330/1997 2550/1470/2146 2393/1329/1996
f 2395/1331/1998 2552/1472/2148 2551/1471/2147
f 2395/1331/1998 2551/1471/2147 2394/1330/1997
f 2396/1332/1999 2553/1473/2149 2552/1472/2148
f 2396/1332/1999 2552/1472/2148 2395/1331/1998
f 2397/1333/2000 2554/1474/2150 2553/1473/2149
f 2397/1333/2000 2553/1473/2149 2396/1332/1999
f 2398/1334/2001 2555/1475/2151 2554/1474/2150
f 2398/1334/2001 2554/1474/2150 2397/1333/2000
f 2399/1335/2002 2556/1476/2152 2555/1475/2151
f 2399/1335/2002 2555/1475/2151 2398/1334/2001
f 2400/1336/2003 2557/1477/2153 2556/1476/2152
f 2400/1336/2003 2556/1476/2152 2399/1335/2002
f 2401/1337/2004 2558/1478/2154 2557/1477/2153
f 2401/1337/2004 2557/1477/2153 2400/1336/2003
f 2402/1338/2005 2559/1479/2155 2558/1478/2154
f 2402/1338/2005 2558/1478/2154 2401/1337/2004
f 2403/1339/2006 2560/1480/2156 2559/1479/2155
f 2403/1339/2006 2559/1479/2155 2402/1338/2005
f 2404/1340/2007 2561/1481/2157 2560/1480/2156
f 2404/1340/2007 2560/1480/2156 2403/1339/2006
f 2405/1341/2008 2562/1482/2158 2561/1481/2157
f 2405/1341/2008 2561/1481/2157 2404/1340/2007
f 2406/1342/2009 2563/1483/2159 2562/1482/2158
f 2406/1342/2009 2562/1482/2158 2405/1341/2008
f 2407/1343/2010 2564/1484/2160 2563/1483/2159
f 2407/1343/2010 2563/1483/2159 2406/1342/2009
f 2408/1344/2011 2565/1485/2161 2564/1484/2160
f 2408/1344/2011 2564/1484/2160 2407/1343/2010
f 2409/1345/2012 2566/1486/2162 2565/1485/2161
f 2409/1345/2012 2565/1485/2161 2408/1344/2011
f 2410/1346/2013 2567/1487/2163 2566/1486/2162
f 2410/1346/2013 2566/1486/2162 2409/1345/2012
f 2411/1347/1937 2568/1488/2089 2569/1487/2164
f 2411/1347/1937 2569/1487/2164 2412/1346/1937
f 2413/1348/2014 2570/1489/2165 2571/1488/2165
f 2413/1348/2014 2571/1488/2165 2414/1347/2014
f 2415/1349/2015 2572/1490/2093 2573/1489/2093
f 2415/1349/2015 2573/1489/2093 2416/1348/2016
f 2417/1350/2017 2574/1491/2166 2575/1490/2166
f 2417/1350/2017 2575/1490/2166 2418/1349/2017
f 2419/1351/2018 2576/1492/2167 2577/1491/2168
f 2419/1351/2018 2577/1491/2168 2420/1350/2019
f 2421/1352/2020 2578/1493/2098 2579/1492/2169
f 2421/1352/2020 2579/1492/2169 2422/1351/2021
f 2423/1353/2022 2580/1494/2170 2578/1493/2098
f 2423/1353/2022 2578/1493/2098 2421/1352/2020
f 2424/1354/2023 2581/1495/2171 2580/1494/2170
f 2424/1354/2023 2580/1494/2170 2423/1353/2022
f 2425/1355/2024 2582/1496/2172 2581/1495/2171
f 2425/1355/2024 2581/1495/2171 2424/1354/2023
f 2426/1356/2025 2583/1497/2173 2582/1496/2172
f 2426/1356/2025 2582/1496/2172 2425/1355/2024
f 2427/1357/2026 2584/1498/2174 2583/1497/2173
f 2427/1357/2026 2583/1497/2173 2426/1356/2025
f 2428/1358/2027 2585/1499/2175 2584/1498/2174
f 2428/1358/2027 2584/1498/2174 2427/1357/2026
f 2429/1359/2028 2586/1500/2176 2585/1499/2175
f 2429/1359/2028 2585/1499/2175 2428/1358/2027
f 2430/1360/2029 2587/1501/2177 2586/1500/2176
f 2430/1360/2029 2586/1500/2176 2429/1359/2028
f 2431/1361/2030 2588/1502/2178 2587/1501/2177
f 2431/1361/2030 2587/1501/2177 2430/1360/2029
f 2432/1362/2031 2589/1503/2179 2588/1502/2178
f 2432/1362/2031 2588/1502/2178 2431/1361/2030
f 2433/1363/2032 2590/1504/2180 2589/1503/2179
f 2433/1363/2032 2589/1503/2179 2432/1362/2031
f 2434/1364/2033 2591/1505/2181 2590/1504/2180
f 2434/1364/2033 2590/1504/2180 2433/1363/2032
f 2435/1365/2034 2592/1506/2182 2591/1505/2181
f 2435/1365/2034 2591/1505/2181 2434/1364/2033
f 2436/1366/2035 2593/1507/2183 2592/1506/2182
f 2436/1366/2035 2592/1506/2182 2435/1365/2034
f 2437/1367/2036 2594/1508/2184 2593/1507/2183
f 2437/1367/2036 2593/1507/2183 2436/1366/2035
f 2438/1368/2037 2595/1509/2185 2594/1508/2184
f 2438/1368/2037 2594/1508/2184 2437/1367/2036
f 2439/1369/2038 2596/1510/2115 2595/1509/2185
f 2439/1369/2038 2595/1509/2185 2438/1368/2037
f 2440/1370/2039 2597/1511/2186 2596/1510/2115
f 2440/1370/2039 2596/1510/2115 2439/1369/2038
f 2441/1371/2040 2598/1512/2187 2597/1511/2186
f 2441/1371/2040 2597/1511/2186 2440/1370/2039
f 2442/1372/2041 2599/1513/2188 2598/1512/2187
f 2442/1372/2041 2598/1512/2187 2441/1371/2040
f 2443/1373/2042 2600/1514/2189 2599/1513/2188
f 2443/1373/2042 2599/1513/2188 2442/1372/2041
f 2444/1374/2043 2601/1515/2190 2600/1514/2189
f 2444/1374/2043 2600/1514/2189 2443/1373/2042
f 2445/1375/2044 2602/1516/2191 2601/1515/2190
f 2445/1375/2044 2601/1515/2190 2444/1374/2043
f 2446/1376/2045 2603/1517/2122 2602/1516/2191
f 2446/1376/2045 2602/1516/2191 2445/1375/2044
f 2447/1377/2046 2604/1518/2192 2603/1517/2122
f 2447/1377/2046 2603/1517/2122 2446/1376/2045
f 2448/1378/2047 2605/1519/2193 2604/1518/2192
f 2448/1378/2047 2604/1518/2192 2447/1377/2046
f 2449/1379/2048 2606/1520/2194 2605/1519/2193
f 2449/1379/2048 2605/1519/2193 2448/1378/2047
f 2450/1380/2049 2607/1521/2195 2606/1520/2194
f 2450/1380/2049 2606/1520/2194 2449/1379/2048
f 2451/1381/2050 2608/1522/2196 2607/1521/2195
f 2451/1381/2050 2607/1521/2195 2450/1380/2049
f 2452/1382/2051 2609/1523/2128 2608/1522/2196
f 2452/1382/2051 2608/1522/2196 2451/1381/2050
f 2453/1383/2052 2610/1524/2197 2609/1523/2128
f 2453/1383/2052 2609/1523/2128 2452/1382/2051
f 2454/1384/2053 2611/1525/2198 2610/1524/2197
f 2454/1384/2053 2610/1524/2197 2453/1383/2052
f 2455/1385/2054 2612/1526/2199 2611/1525/2198
f 2455/1385/2054 2611/1525/2198 2454/1384/2053
f 2456/1386/2055 2613/1527/2200 2612/1526/2199
f 2456/1386/2055 2612/1526/2199 2455/1385/2054
f 2457/1387/2056 2614/1528/2201 2613/1527/2200
f 2457/1387/2056 2613/1527/2200 2456/1386/2055
f 2458/1388/2057 2615/1529/2202 2614/1528/2201
f 2458/1388/2057 2614/1528/2201 2457/1387/2056
f 2459/1389/2058 2616/1530/2203 2615/1529/2202
f 2459/1389/2058 2615/1529/2202 2458/1388/2057
f 2460/1390/2059 2617/1531/2204 2616/1530/2203
f 2460/1390/2059 2616/1530/2203 2459/1389/2058
f 2461/1391/2060 2618/1532/2205 2617/1531/2204
f 2461/1391/2060 2617/1531/2204 2460/1390/2059
f 2462/1392/2061 2619/1533/2206 2618/1532/2205
f 2462/1392/2061 2618/1532/2205 2461/1391/2060
f 2463/1393/2062 2620/1534/2207 2619/1533/2206
f 2463/1393/2062 2619/1533/2206 2462/1392/2061
f 2464/1394/2063 2621/1535/2208 2620/1534/2207
f 2464/1394/2063 2620/1534/2207 2463/1393/2062
f 2465/1395/1991 2622/1536/2209 2621/1535/2208
f 2465/1395/1991 2621/1535/2208 2464/1394/2063
f 2466/1396/2064 2623/1537/2210 2622/1536/2209
f 2466/1396/2064 2622/1536/2209 2465/1395/1991
f 2467/1397/2065 2624/1538/2143 2623/1537/2210
f 2467/1397/2065 2623/1537/2210 2466/1396/2064
f 2468/1398/2066 2625/1539/2211 2624/1538/2143
f 2468/1398/2066 2624/1538/2143 2467/1397/2065
f 2469/1399/2067 2626/1540/2212 2625/1539/2211
f 2469/1399/2067 2625/1539/2211 2468/1398/2066
f 2470/1400/2068 2627/1541/2213 2626/1540/2212
f 2470/1400/2068 2626/1540/2212 2469/1399/2067
f 2471/1401/2069 2628/1542/2214 2627/1541/2213
f 2471/1401/2069 2627/1541/2213 2470/1400/2068
f 2472/1402/2070 2629/1543/2215 2628/1542/2214
f 2472/1402/2070 2628/1542/2214 2471/1401/2069
f 2473/1403/2071 2630/1544/2216 2629/1543/2215
f 2473/1403/2071 2629/1543/2215 2472/1402/2070
f 2474/1404/2072 2631/1545/2217 2630/1544/2216
f 2474/1404/2072 2630/1544/2216 2473/1403/2071
f 2475/1405/2073 2632/1546/2218 2631/1545/2217
f 2475/1405/2073 2631/1545/2217 2474/1404/2072
f 2476/1406/2074 2633/1547/2219 2632/1546/2218
f 2476/1406/2074 2632/1546/2218 2475/1405/2073
f 2477/1407/2075 2634/1548/2220 2633/1547/2219
f 2477/1407/2075 2633/1547/2219 2476/1406/2074
f 2478/1408/2076 2635/1549/2221 2634/1548/2220
f 2478/1408/2076 2634/1548/2220 2477/1407/2075
f 2479/1409/2077 2636/1550/2222 2635/1549/2221
f 2479/1409/2077 2635/1549/2221 2478/1408/2076
f 2480/1410/2078 2637/1551/2223 2636/1550/2222
f 2480/1410/2078 2636/1550/2222 2479/1409/2077
f 2481/1411/2079 2638/1552/2224 2637/1551/2223
f 2481/1411/2079 2637/1551/2223 2480/1410/2078
f 2482/1412/2080 2639/1553/2225 2638/1552/2224
f 2482/1412/2080 2638/1552/2224 2481/1411/2079
f 2483/1413/2081 2640/1554/2226 2639/1553/2225
f 2483/1413/2081 2639/1553/2225 2482/1412/2080
f 2484/1414/2082 2641/1555/2227 2640/1554/2226
f 2484/1414/2082 2640/1554/2226 2483/1413/2081
f 2485/412/2083 2642/515/2228 2641/1555/2227
f 2485/412/2083 2641/1555/2227 2484/1414/2082
f 2486/1415/2084 2643/852/2229 2644/4/2230
f 2486/1415/2084 2644/4/2230 2487/414/2085
f 2488/1416/2086 2645/854/2231 2646/852/2232
f 2488/1416/2086 2646/852/2232 2489/1415/2087
f 2490/1417/2088 2647/856/2233 2648/854/2234
f 2490/1417/2088 2648/854/2234 2491/1416/2089
f 2492/1418/2090 2649/858/2235 2650/856/2235
f 2492/1418/2090 2650/856/2235 2493/1417/2091
f 2494/1419/2092 2651/860/2236 2652/858/2237
f 2494/1419/2092 2652/858/2237 2495/1418/2092
f 2496/1420/2093 2653/862/2238 2654/860/2239
f 2496/1420/2093 2654/860/2239 2497/1419/2093
f 2655/1421/2240 2656/864/2241 2657/862/2241
f 2655/1421/2240 2657/862/2241 2658/1420/2240
f 2659/1422/2242 2660/866/2243 2661/864/2244
f 2659/1422/2242 2661/864/2244 2662/1421/2244
f 2502/1423/2098 2663/868/2245 2664/866/2246
f 2502/1423/2098 2664/866/2246 2503/1422/2099
f 2504/1424/2100 2665/870/2247 2663/868/2245
f 2504/1424/2100 2663/868/2245 2502/1423/2098
f 2505/1425/2101 2666/872/2248 2665/870/2247
f 2505/1425/2101 2665/870/2247 2504/1424/2100
f 2506/1426/2102 2667/874/2249 2666/872/2248
f 2506/1426/2102 2666/872/2248 2505/1425/2101
f 2507/1427/2103 2668/876/2250 2667/874/2249
f 2507/1427/2103 2667/874/2249 2506/1426/2102
f 2508/1428/2104 2669/878/2251 2668/876/2250
f 2508/1428/2104 2668/876/2250 2507/1427/2103
f 2509/1429/2105 2670/880/2252 2669/878/2251
f 2509/1429/2105 2669/878/2251 2508/1428/2104
f 2510/1430/2106 2671/882/2253 2670/880/2252
f 2510/1430/2106 2670/880/2252 2509/1429/2105
f 2511/1431/2107 2672/884/2254 2671/882/2253
f 2511/1431/2107 2671/882/2253 2510/1430/2106
f 2512/1432/2108 2673/886/2255 2672/884/2254
f 2512/1432/2108 2672/884/2254 2511/1431/2107
f 2513/1433/2109 2674/888/2256 2673/886/2255
f 2513/1433/2109 2673/886/2255 2512/1432/2108
f 2514/1434/2110 2675/890/2257 2674/888/2256
f 2514/1434/2110 2674/888/2256 2513/1433/2109
f 2515/1435/2111 2676/892/2258 2675/890/2257
f 2515/1435/2111 2675/890/2257 2514/1434/2110
f 2516/1436/2112 2677/894/2259 2676/892/2258
f 2516/1436/2112 2676/892/2258 2515/1435/2111
f 2517/1437/2113 2678/896/2260 2677/894/2259
f 2517/1437/2113 2677/894/2259 2516/1436/2112
f 2518/1438/2114 2679/898/2261 2678/896/2260
f 2518/1438/2114 2678/896/2260 2517/1437/2113
f 2519/1439/2115 2680/900/2262 2679/898/2261
f 2519/1439/2115 2679/898/2261 2518/1438/2114
f 2520/1440/2116 2681/902/2263 2680/900/2262
f 2520/1440/2116 2680/900/2262 2519/1439/2115
f 2521/1441/2117 2682/904/2264 2681/902/2263
f 2521/1441/2117 2681/902/2263 2520/1440/2116
f 2522/1442/2118 2683/906/2265 2682/904/2264
f 2522/1442/2118 2682/904/2264 2521/1441/2117
f 2523/1443/2119 2684/908/2266 2683/906/2265
f 2523/1443/2119 2683/906/2265 2522/1442/2118
f 2524/1444/2120 2685/910/2267 2684/908/2266
f 2524/1444/2120 2684/908/2266 2523/1443/2119
f 2525/1445/2121 2686/912/2268 2685/910/2267
f 2525/1445/2121 2685/910/2267 2524/1444/2120
f 2526/1446/2122 2687/914/2269 2686/912/2268
f 2526/1446/2122 2686/912/2268 2525/1445/2121
f 2527/1447/2123 2688/916/2270 2687/914/2269
f 2527/1447/2123 2687/914/2269 2526/1446/2122
f 2528/1448/2124 2689/918/2271 2688/916/2270
f 2528/1448/2124 2688/916/2270 2527/1447/2123
f 2529/1449/2125 2690/920/2272 2689/918/2271
f 2529/1449/2125 2689/918/2271 2528/1448/2124
f 2530/1450/2126 2691/922/2273 2690/920/2272
f 2530/1450/2126 2690/920/2272 2529/1449/2125
f 2531/1451/2127 2692/924/2274 2691/922/2273
f 2531/1451/2127 2691/922/2273 2530/1450/2126
f 2532/1452/2128 2693/926/2275 2692/924/2274
f 2532/1452/2128 2692/924/2274 2531/1451/2127
f 2533/1453/2129 2694/928/2276 2693/926/2275
f 2533/1453/2129 2693/926/2275 2532/1452/2128
f 2534/1454/2130 2695/930/2277 2694/928/2276
f 2534/1454/2130 2694/928/2276 2533/1453/2129
f 2535/1455/2131 2696/932/2278 2695/930/2277
f 2535/1455/2131 2695/930/2277 2534/1454/2130
f 2536/1456/2132 2697/934/2279 2696/932/2278
f 2536/1456/2132 2696/932/2278 2535/1455/2131
f 2537/1457/2133 2698/936/2280 2697/934/2279
f 2537/1457/2133 2697/934/2279 2536/1456/2132
f 2538/1458/2134 2699/938/2281 2698/936/2280
f 2538/1458/2134 2698/936/2280 2537/1457/2133
f 2539/1459/2135 2700/940/2282 2699/938/2281
f 2539/1459/2135 2699/938/2281 2538/1458/2134
f 2540/1460/2136 2701/942/2283 2700/940/2282
f 2540/1460/2136 2700/940/2282 2539/1459/2135
f 2541/1461/2137 2702/944/2284 2701/942/2283
f 2541/1461/2137 2701/942/2283 2540/1460/2136
f 2542/1462/2138 2703/946/2285 2702/944/2284
f 2542/1462/2138 2702/944/2284 2541/1461/2137
f 2543/1463/2139 2704/948/2286 2703/946/2285
f 2543/1463/2139 2703/946/2285 2542/1462/2138
f 2544/1464/2140 2705/950/2287 2704/948/2286
f 2544/1464/2140 2704/948/2286 2543/1463/2139
f 2545/1465/2141 2706/952/2288 2705/950/2287
f 2545/1465/2141 2705/950/2287 2544/1464/2140
f 2546/1466/2142 2707/954/2289 2706/952/2288
f 2546/1466/2142 2706/952/2288 2545/1465/2141
f 2547/1467/2143 2708/956/2290 2707/954/2289
f 2547/1467/2143 2707/954/2289 2546/1466/2142
f 2548/1468/2144 2709/958/2291 2708/956/2290
f 2548/1468/2144 2708/956/2290 2547/1467/2143
f 2549/1469/2145 2710/960/2292 2709/958/2291
f 2549/1469/2145 2709/958/2291 2548/1468/2144
f 2550/1470/2146 2711/962/2293 2710/960/2292
f 2550/1470/2146 2710/960/2292 2549/1469/2145
f 2551/1471/2147 2712/964/2294 2711/962/2293
f 2551/1471/2147 2711/962/2293 2550/1470/2146
f 2552/1472/2148 2713/966/2295 2712/964/2294
f 2552/1472/2148 2712/964/2294 2551/1471/2147
f 2553/1473/2149 2714/968/2296 2713/966/2295
f 2553/1473/2149 2713/966/2295 2552/1472/2148
f 2554/1474/2150 2715/970/2297 2714/968/2296
f 2554/1474/2150 2714/968/2296 2553/1473/2149
f 2555/1475/2151 2716/972/2298 2715/970/2297
f 2555/1475/2151 2715/970/2297 2554/1474/2150
f 2556/1476/2152 2717/974/2299 2716/972/2298
f 2556/1476/2152 2716/972/2298 2555/1475/2151
f 2557/1477/2153 2718/976/2300 2717/974/2299
f 2557/1477/2153 2717/974/2299 2556/1476/2152
f 2558/1478/2154 2719/978/2301 2718/976/2300
f 2558/1478/2154 2718/976/2300 2557/1477/2153
f 2559/1479/2155 2720/980/2302 2719/978/2301
f 2559/1479/2155 2719/978/2301 2558/1478/2154
f 2560/1480/2156 2721/982/2303 2720/980/2302
f 2560/1480/2156 2720/980/2302 2559/1479/2155
f 2561/1481/2157 2722/984/2304 2721/982/2303
f 2561/1481/2157 2721/982/2303 2560/1480/2156
f 2562/1482/2158 2723/986/2305 2722/984/2304
f 2562/1482/2158 2722/984/2304 2561/1481/2157
f 2563/1483/2159 2724/988/2306 2723/986/2305
f 2563/1483/2159 2723/986/2305 2562/1482/2158
f 2564/1484/2160 2725/990/2307 2724/988/2306
f 2564/1484/2160 2724/988/2306 2563/1483/2159
f 2565/1485/2161 2726/992/2308 2725/990/2307
f 2565/1485/2161 2725/990/2307 2564/1484/2160
f 2566/1486/2162 2727/994/2309 2726/992/2308
f 2566/1486/2162 2726/992/2308 2565/1485/2161
f 2567/1487/2163 2728/996/2310 2727/994/2309
f 2567/1487/2163 2727/994/2309 2566/1486/2162
f 2568/1488/2089 2729/998/2229 2730/996/2230
f 2568/1488/2089 2730/996/2230 2569/1487/2164
f 2570/1489/2165 2731/1000/2311 2732/998/2311
f 2570/1489/2165 2732/998/2311 2571/1488/2165
f 2572/1490/2093 2733/1002/2312 2734/1000/2312
f 2572/1490/2093 2734/1000/2312 2573/1489/2093
f 2735/1491/2313 2736/1004/2314 2737/1002/2313
f 2735/1491/2313 2737/1002/2313 2738/1490/2314
f 2739/1492/2315 2740/1006/2316 2741/1004/2317
f 2739/1492/2315 2741/1004/2317 2742/1491/2318
f 2578/1493/2098 2743/1008/2319 2744/1006/2320
f 2578/1493/2098 2744/1006/2320 2579/1492/2169
f 2580/1494/2170 2745/1010/2321 2743/1008/2319
f 2580/1494/2170 2743/1008/2319 2578/1493/2098
f 2581/1495/2171 2746/1012/2322 2745/1010/2321
f 2581/1495/2171 2745/1010/2321 2580/1494/2170
f 2582/1496/2172 2747/1014/2323 2746/1012/2322
f 2582/1496/2172 2746/1012/2322 2581/1495/2171
f 2583/1497/2173 2748/1016/2324 2747/1014/2323
f 2583/1497/2173 2747/1014/2323 2582/1496/2172
f 2584/1498/2174 2749/1018/2325 2748/1016/2324
f 2584/1498/2174 2748/1016/2324 2583/1497/2173
f 2585/1499/2175 2750/1020/2326 2749/1018/2325
f 2585/1499/2175 2749/1018/2325 2584/1498/2174
f 2586/1500/2176 2751/1022/2327 2750/1020/2326
f 2586/1500/2176 2750/1020/2326 2585/1499/2175
f 2587/1501/2177 2752/1024/2328 2751/1022/2327
f 2587/1501/2177 2751/1022/2327 2586/1500/2176
f 2588/1502/2178 2753/1026/2329 2752/1024/2328
f 2588/1502/2178 2752/1024/2328 2587/1501/2177
f 2589/1503/2179 2754/1028/2330 2753/1026/2329
f 2589/1503/2179 2753/1026/2329 2588/1502/2178
f 2590/1504/2180 2755/1030/2331 2754/1028/2330
f 2590/1504/2180 2754/1028/2330 2589/1503/2179
f 2591/1505/2181 2756/1032/2332 2755/1030/2331
f 2591/1505/2181 2755/1030/2331 2590/1504/2180
f 2592/1506/2182 2757/1034/2333 2756/1032/2332
f 2592/1506/2182 2756/1032/2332 2591/1505/2181
f 2593/1507/2183 2758/1036/2334 2757/1034/2333
f 2593/1507/2183 2757/1034/2333 2592/1506/2182
f 2594/1508/2184 2759/1038/2335 2758/1036/2334
f 2594/1508/2184 2758/1036/2334 2593/1507/2183
f 2595/1509/2185 2760/1040/2336 2759/1038/2335
f 2595/1509/2185 2759/1038/2335 2594/1508/2184
f 2596/1510/2115 2761/1042/2337 2760/1040/2336
f 2596/1510/2115 2760/1040/2336 2595/1509/2185
f 2597/1511/2186 2762/1044/2263 2761/1042/2337
f 2597/1511/2186 2761/1042/2337 2596/1510/2115
f 2598/1512/2187 2763/1046/2338 2762/1044/2263
f 2598/1512/2187 2762/1044/2263 2597/1511/2186
f 2599/1513/2188 2764/1048/2339 2763/1046/2338
f 2599/1513/2188 2763/1046/2338 2598/1512/2187
f 2600/1514/2189 2765/1050/2340 2764/1048/2339
f 2600/1514/2189 2764/1048/2339 2599/1513/2188
f 2601/1515/2190 2766/1052/2341 2765/1050/2340
f 2601/1515/2190 2765/1050/2340 2600/1514/2189
f 2602/1516/2191 2767/1054/2342 2766/1052/2341
f 2602/1516/2191 2766/1052/2341 2601/1515/2190
f 2603/1517/2122 2768/1056/2269 2767/1054/2342
f 2603/1517/2122 2767/1054/2342 2602/1516/2191
f 2604/1518/2192 2769/1058/2270 2768/1056/2269
f 2604/1518/2192 2768/1056/2269 2603/1517/2122
f 2605/1519/2193 2770/1060/2343 2769/1058/2270
f 2605/1519/2193 2769/1058/2270 2604/1518/2192
f 2606/1520/2194 2771/1062/2344 2770/1060/2343
f 2606/1520/2194 2770/1060/2343 2605/1519/2193
f 2607/1521/2195 2772/1064/2345 2771/1062/2344
f 2607/1521/2195 2771/1062/2344 2606/1520/2194
f 2608/1522/2196 2773/1066/2346 2772/1064/2345
f 2608/1522/2196 2772/1064/2345 2607/1521/2195
f 2609/1523/2128 2774/1068/2347 2773/1066/2346
f 2609/1523/2128 2773/1066/2346 2608/1522/2196
f 2610/1524/2197 2775/1070/2348 2774/1068/2347
f 2610/1524/2197 2774/1068/2347 2609/1523/2128
f 2611/1525/2198 2776/1072/2349 2775/1070/2348
f 2611/1525/2198 2775/1070/2348 2610/1524/2197
f 2612/1526/2199 2777/1074/2350 2776/1072/2349
f 2612/1526/2199 2776/1072/2349 2611/1525/2198
f 2613/1527/2200 2778/1076/2351 2777/1074/2350
f 2613/1527/2200 2777/1074/2350 2612/1526/2199
f 2614/1528/2201 2779/1078/2352 2778/1076/2351
f 2614/1528/2201 2778/1076/2351 2613/1527/2200
f 2615/1529/2202 2780/1080/2353 2779/1078/2352
f 2615/1529/2202 2779/1078/2352 2614/1528/2201
f 2616/1530/2203 2781/1082/2354 2780/1080/2353
f 2616/1530/2203 2780/1080/2353 2615/1529/2202
f 2617/1531/2204 2782/1084/2355 2781/1082/2354
f 2617/1531/2204 2781/1082/2354 2616/1530/2203
f 2618/1532/2205 2783/1086/2356 2782/1084/2355
f 2618/1532/2205 2782/1084/2355 2617/1531/2204
f 2619/1533/2206 2784/1088/2285 2783/1086/2356
f 2619/1533/2206 2783/1086/2356 2618/1532/2205
f 2620/1534/2207 2785/1090/2357 2784/1088/2285
f 2620/1534/2207 2784/1088/2285 2619/1533/2206
f 2621/1535/2208 2786/1092/2358 2785/1090/2357
f 2621/1535/2208 2785/1090/2357 2620/1534/2207
f 2622/1536/2209 2787/1094/2288 2786/1092/2358
f 2622/1536/2209 2786/1092/2358 2621/1535/2208
f 2623/1537/2210 2788/1096/2289 2787/1094/2288
f 2623/1537/2210 2787/1094/2288 2622/1536/2209
f 2624/1538/2143 2789/1098/2359 2788/1096/2289
f 2624/1538/2143 2788/1096/2289 2623/1537/2210
f 2625/1539/2211 2790/1100/2360 2789/1098/2359
f 2625/1539/2211 2789/1098/2359 2624/1538/2143
f 2626/1540/2212 2791/1102/2361 2790/1100/2360
f 2626/1540/2212 2790/1100/2360 2625/1539/2211
f 2627/1541/2213 2792/1104/2362 2791/1102/2361
f 2627/1541/2213 2791/1102/2361 2626/1540/2212
f 2628/1542/2214 2793/1106/2363 2792/1104/2362
f 2628/1542/2214 2792/1104/2362 2627/1541/2213
f 2629/1543/2215 2794/1108/2364 2793/1106/2363
f 2629/1543/2215 2793/1106/2363 2628/1542/2214
f 2630/1544/2216 2795/1110/2365 2794/1108/2364
f 2630/1544/2216 2794/1108/2364 2629/1543/2215
f 2631/1545/2217 2796/1112/2366 2795/1110/2365
f 2631/1545/2217 2795/1110/2365 2630/1544/2216
f 2632/1546/2218 2797/1114/2367 2796/1112/2366
f 2632/1546/2218 2796/1112/2366 2631/1545/2217
f 2633/1547/2219 2798/1116/2368 2797/1114/2367
f 2633/1547/2219 2797/1114/2367 2632/1546/2218
f 2634/1548/2220 2799/1118/2301 2798/1116/2368
f 2634/1548/2220 2798/1116/2368 2633/1547/2219
f 2635/1549/2221 2800/1120/2302 2799/1118/2301
f 2635/1549/2221 2799/1118/2301 2634/1548/2220
f 2636/1550/2222 2801/1122/2369 2800/1120/2302
f 2636/1550/2222 2800/1120/2302 2635/1549/2221
f 2637/1551/2223 2802/1124/2370 2801/1122/2369
f 2637/1551/2223 2801/1122/2369 2636/1550/2222
f 2638/1552/2224 2803/1126/2371 2802/1124/2370
f 2638/1552/2224 2802/1124/2370 2637/1551/2223
f 2639/1553/2225 2804/1128/2372 2803/1126/2371
f 2639/1553/2225 2803/1126/2371 2638/1552/2224
f 2640/1554/2226 2805/1130/2373 2804/1128/2372
f 2640/1554/2226 2804/1128/2372 2639/1553/2225
f 2641/1555/2227 2806/1132/2374 2805/1130/2373
f 2641/1555/2227 2805/1130/2373 2640/1554/2226
f 2642/515/2228 2807/206/2375 2806/1132/2374
f 2642/515/2228 2806/1132/2374 2641/1555/2227
s 0
f 2808/4/2376 2809/852/2376 2810/851/2376
s 1
f 2808/4/2377 2810/851/2377 2811/1/2377
s 0
f 2812/852/2378 2813/854/2378 2814/853/2378
f 2812/852/2379 2814/853/2379 2815/851/2379
f 2816/854/2380 2817/856/2380 2818/855/2380
f 2816/854/2381 2818/855/2381 2819/853/2381
f 2820/856/2382 2821/858/2382 2822/857/2382
f 2820/856/2383 2822/857/2383 2823/855/2383
f 2824/858/2384 2825/860/2384 2826/859/2384
f 2824/858/2385 2826/859/2385 2827/857/2385
s 1
f 2828/860/2386 2829/862/2386 2830/861/2386
s 0
f 2828/860/2387 2830/861/2387 2831/859/2387
s 1
f 2832/862/2388 2833/864/2388 2834/863/2388
f 2832/862/2388 2834/863/2388 2835/861/2388
f 2836/864/2389 2837/866/2390 2838/865/2391
f 2836/864/2389 2838/865/2391 2839/863/2390
f 2840/866/2392 2841/868/2393 2842/867/2394
f 2840/866/2392 2842/867/2394 2843/865/2395
f 2841/868/2393 2844/870/2396 2845/869/2397
f 2841/868/2393 2845/869/2397 2842/867/2394
f 2844/870/2396 2846/872/2398 2847/871/2399
f 2844/870/2396 2847/871/2399 2845/869/2397
f 2846/872/2398 2848/874/2400 2849/873/2401
f 2846/872/2398 2849/873/2401 2847/871/2399
f 2848/874/2400 2850/876/2402 2851/875/2403
f 2848/874/2400 2851/875/2403 2849/873/2401
f 2850/876/2402 2852/878/2404 2853/877/2404
f 2850/876/2402 2853/877/2404 2851/875/2403
f 2852/878/2404 2854/880/2405 2855/879/2406
f 2852/878/2404 2855/879/2406 2853/877/2404
f 2854/880/2405 2856/882/2407 2857/881/2408
f 2854/880/2405 2857/881/2408 2855/879/2406
f 2856/882/2407 2858/884/2409 2859/883/2409
f 2856/882/2407 2859/883/2409 2857/881/2408
f 2858/884/2409 2860/886/2410 2861/885/2410
f 2858/884/2409 2861/885/2410 2859/883/2409
f 2860/886/2410 2862/888/2411 2863/887/2411
f 2860/886/2410 2863/887/2411 2861/885/2410
f 2862/888/2411 2864/890/2412 2865/889/2412
f 2862/888/2411 2865/889/2412 2863/887/2411
f 2864/890/2412 2866/892/2413 2867/891/2414
f 2864/890/2412 2867/891/2414 2865/889/2412
f 2866/892/2413 2868/894/2415 2869/893/2415
f 2866/892/2413 2869/893/2415 2867/891/2414
f 2868/894/2415 2870/896/2416 2871/895/2416
f 2868/894/2415 2871/895/2416 2869/893/2415
f 2870/896/2416 2872/898/2417 2873/897/2417
f 2870/896/2416 2873/897/2417 2871/895/2416
f 2872/898/2417 2874/900/2418 2875/899/2418
f 2872/898/2417 2875/899/2418 2873/897/2417
f 2874/900/2418 2876/902/2419 2877/901/2419
f 2874/900/2418 2877/901/2419 2875/899/2418
f 2876/902/2419 2878/904/2420 2879/903/2420
f 2876/902/2419 2879/903/2420 2877/901/2419
f 2878/904/2420 2880/906/2421 2881/905/2422
f 2878/904/2420 2881/905/2422 2879/903/2420
f 2880/906/2421 2882/908/2423 2883/907/2423
f 2880/906/2421 2883/907/2423 2881/905/2422
f 2882/908/2423 2884/910/2424 2885/909/2424
f 2882/908/2423 2885/909/2424 2883/907/2423
f 2884/910/2424 2886/912/2425 2887/911/2426
f 2884/910/2424 2887/911/2426 2885/909/2424
f 2886/912/2425 2888/914/2427 2889/913/2427
f 2886/912/2425 2889/913/2427 2887/911/2426
f 2888/914/2427 2890/916/2428 2891/915/2429
f 2888/914/2427 2891/915/2429 2889/913/2427
f 2890/916/2428 2892/918/2430 2893/917/2431
f 2890/916/2428 2893/917/2431 2891/915/2429
f 2892/918/2430 2894/920/2432 2895/919/2432
f 2892/918/2430 2895/919/2432 2893/917/2431
f 2894/920/2432 2896/922/2433 2897/921/2434
f 2894/920/2432 2897/921/2434 2895/919/2432
f 2896/922/2433 2898/924/2435 2899/923/2436
f 2896/922/2433 2899/923/2436 2897/921/2434
f 2898/924/2435 2900/926/2437 2901/925/2438
f 2898/924/2435 2901/925/2438 2899/923/2436
f 2900/926/2437 2902/928/2439 2903/927/2440
f 2900/926/2437 2903/927/2440 2901/925/2438
f 2902/928/2439 2904/930/2441 2905/929/2442
f 2902/928/2439 2905/929/2442 2903/927/2440
f 2904/930/2441 2906/932/2443 2907/931/2444
f 2904/930/2441 2907/931/2444 2905/929/2442
f 2906/932/2443 2908/934/2445 2909/933/2446
f 2906/932/2443 2909/933/2446 2907/931/2444
f 2908/934/2445 2910/936/2447 2911/935/2448
f 2908/934/2445 2911/935/2448 2909/933/2446
f 2910/936/2447 2912/938/2449 2913/937/2450
f 2910/936/2447 2913/937/2450 2911/935/2448
f 2912/938/2449 2914/940/2451 2915/939/2452
f 2912/938/2449 2915/939/2452 2913/937/2450
f 2914/940/2451 2916/942/2453 2917/941/2454
f 2914/940/2451 2917/941/2454 2915/939/2452
f 2916/942/2453 2918/944/2455 2919/943/2455
f 2916/942/2453 2919/943/2455 2917/941/2454
f 2918/944/2455 2920/946/2456 2921/945/2457
f 2918/944/2455 2921/945/2457 2919/943/2455
f 2920/946/2456 2922/948/2458 2923/947/2458
f 2920/946/2456 2923/947/2458 2921/945/2457
f 2922/948/2458 2924/950/2459 2925/949/2460
f 2922/948/2458 2925/949/2460 2923/947/2458
f 2924/950/2459 2926/952/2461 2927/951/2461
f 2924/950/2459 2927/951/2461 2925/949/2460
f 2926/952/2461 2928/954/2462 2929/953/2463
f 2926/952/2461 2929/953/2463 2927/951/2461
f 2928/954/2462 2930/956/2464 2931/955/2464
f 2928/954/2462 2931/955/2464 2929/953/2463
f 2930/956/2464 2932/958/2465 2933/957/2465
f 2930/956/2464 2933/957/2465 2931/955/2464
f 2932/958/2465 2934/960/2466 2935/959/2467
f 2932/958/2465 2935/959/2467 2933/957/2465
f 2934/960/2466 2936/962/2468 2937/961/2469
f 2934/960/2466 2937/961/2469 2935/959/2467
f 2936/962/2468 2938/964/2470 2939/963/2471
f 2936/962/2468 2939/963/2471 2937/961/2469
f 2938/964/2470 2940/966/2472 2941/965/2472
f 2938/964/2470 2941/965/2472 2939/963/2471
f 2940/966/2472 2942/968/2473 2943/967/2473
f 2940/966/2472 2943/967/2473 2941/965/2472
f 2942/968/2473 2944/970/2474 2945/969/2475
f 2942/968/2473 2945/969/2475 2943/967/2473
f 2944/970/2474 2946/972/2476 2947/971/2477
f 2944/970/2474 2947/971/2477 2945/969/2475
f 2946/972/2476 2948/974/2478 2949/973/2478
f 2946/972/2476 2949/973/2478 2947/971/2477
f 2948/974/2478 2950/976/2479 2951/975/2479
f 2948/974/2478 2951/975/2479 2949/973/2478
f 2950/976/2479 2952/978/2480 2953/977/2480
f 2950/976/2479 2953/977/2480 2951/975/2479
f 2952/978/2480 2954/980/2481 2955/979/2482
f 2952/978/2480 2955/979/2482 2953/977/2480
f 2954/980/2481 2956/982/2483 2957/981/2484
f 2954/980/2481 2957/981/2484 2955/979/2482
f 2956/982/2483 2958/984/2485 2959/983/2486
f 2956/982/2483 2959/983/2486 2957/981/2484
f 2958/984/2485 2960/986/2487 2961/985/2488
f 2958/984/2485 2961/985/2488 2959/983/2486
f 2960/986/2487 2962/988/2489 2963/987/2490
f 2960/986/2487 2963/987/2490 2961/985/2488
f 2962/988/2489 2964/990/2491 2965/989/2492
f 2962/988/2489 2965/989/2492 2963/987/2490
f 2964/990/2491 2966/992/2493 2967/991/2494
f 2964/990/2491 2967/991/2494 2965/989/2492
f 2966/992/2493 2968/994/2495 2969/993/2496
f 2966/992/2493 2969/993/2496 2967/991/2494
f 2968/994/2495 2970/996/2497 2971/995/2497
f 2968/994/2495 2971/995/2497 2969/993/2496
s 0
f 2972/996/2376 2973/998/2376 2974/997/2376
f 2972/996/2377 2974/997/2377 2975/995/2377
f 2976/998/2498 2977/1000/2498 2978/999/2498
f 2976/998/2499 2978/999/2499 2979/997/2499
f 2980/1000/2500 2981/1002/2500 2982/1001/2500
f 2980/1000/2501 2982/1001/2501 2983/999/2501
s 1
f 2984/1002/2502 2985/1004/2502 2986/1003/2502
f 2984/1002/2502 2986/1003/2502 2987/1001/2503
f 2988/1004/2504 2989/1006/2505 2990/1005/2506
f 2988/1004/2504 2990/1005/2506 2991/1003/2507
f 2992/1006/2508 2993/1008/2394 2994/1007/2393
f 2992/1006/2508 2994/1007/2393 2995/1005/2509
f 2993/1008/2394 2996/1010/2510 2997/1009/2511
f 2993/1008/2394 2997/1009/2511 2994/1007/2393
f 2996/1010/2510 2998/1012/2512 2999/1011/2513
f 2996/1010/2510 2999/1011/2513 2997/1009/2511
f 2998/1012/2512 3000/1014/2514 3001/1013/2515
f 2998/1012/2512 3001/1013/2515 2999/1011/2513
f 3000/1014/2514 3002/1016/2516 3003/1015/2516
f 3000/1014/2514 3003/1015/2516 3001/1013/2515
f 3002/1016/2516 3004/1018/2517 3005/1017/2518
f 3002/1016/2516 3005/1017/2518 3003/1015/2516
f 3004/1018/2517 3006/1020/2519 3007/1019/2520
f 3004/1018/2517 3007/1019/2520 3005/1017/2518
f 3006/1020/2519 3008/1022/2521 3009/1021/2522
f 3006/1020/2519 3009/1021/2522 3007/1019/2520
f 3008/1022/2521 3010/1024/2523 3011/1023/2524
f 3008/1022/2521 3011/1023/2524 3009/1021/2522
f 3010/1024/2523 3012/1026/2525 3013/1025/2526
f 3010/1024/2523 3013/1025/2526 3011/1023/2524
f 3012/1026/2525 3014/1028/2527 3015/1027/2527
f 3012/1026/2525 3015/1027/2527 3013/1025/2526
f 3014/1028/2527 3016/1030/2528 3017/1029/2529
f 3014/1028/2527 3017/1029/2529 3015/1027/2527
f 3016/1030/2528 3018/1032/2530 3019/1031/2530
f 3016/1030/2528 3019/1031/2530 3017/1029/2529
f 3018/1032/2530 3020/1034/2531 3021/1033/2532
f 3018/1032/2530 3021/1033/2532 3019/1031/2530
f 3020/1034/2531 3022/1036/2533 3023/1035/2534
f 3020/1034/2531 3023/1035/2534 3021/1033/2532
f 3022/1036/2533 3024/1038/2535 3025/1037/2536
f 3022/1036/2533 3025/1037/2536 3023/1035/2534
f 3024/1038/2535 3026/1040/2537 3027/1039/2538
f 3024/1038/2535 3027/1039/2538 3025/1037/2536
f 3026/1040/2537 3028/1042/2539 3029/1041/2539
f 3026/1040/2537 3029/1041/2539 3027/1039/2538
f 3028/1042/2539 3030/1044/2540 3031/1043/2541
f 3028/1042/2539 3031/1043/2541 3029/1041/2539
f 3030/1044/2540 3032/1046/2542 3033/1045/2542
f 3030/1044/2540 3033/1045/2542 3031/1043/2541
f 3032/1046/2542 3034/1048/2543 3035/1047/2544
f 3032/1046/2542 3035/1047/2544 3033/1045/2542
f 3034/1048/2543 3036/1050/2545 3037/1049/2545
f 3034/1048/2543 3037/1049/2545 3035/1047/2544
f 3036/1050/2545 3038/1052/2546 3039/1051/2547
f 3036/1050/2545 3039/1051/2547 3037/1049/2545
f 3038/1052/2546 3040/1054/2548 3041/1053/2549
f 3038/1052/2546 3041/1053/2549 3039/1051/2547
f 3040/1054/2548 3042/1056/2550 3043/1055/2550
f 3040/1054/2548 3043/1055/2550 3041/1053/2549
f 3042/1056/2550 3044/1058/2551 3045/1057/2551
f 3042/1056/2550 3045/1057/2551 3043/1055/2550
f 3044/1058/2551 3046/1060/2552 3047/1059/2553
f 3044/1058/2551 3047/1059/2553 3045/1057/2551
f 3046/1060/2552 3048/1062/2554 3049/1061/2555
f 3046/1060/2552 3049/1061/2555 3047/1059/2553
f 3048/1062/2554 3050/1064/2556 3051/1063/2557
f 3048/1062/2554 3051/1063/2557 3049/1061/2555
f 3050/1064/2556 3052/1066/2558 3053/1065/2559
f 3050/1064/2556 3053/1065/2559 3051/1063/2557
f 3052/1066/2558 3054/1068/2560 3055/1067/2560
f 3052/1066/2558 3055/1067/2560 3053/1065/2559
f 3054/1068/2560 3056/1070/2561 3057/1069/2562
f 3054/1068/2560 3057/1069/2562 3055/1067/2560
f 3056/1070/2561 3058/1072/2563 3059/1071/2563
f 3056/1070/2561 3059/1071/2563 3057/1069/2562
f 3058/1072/2563 3060/1074/2564 3061/1073/2565
f 3058/1072/2563 3061/1073/2565 3059/1071/2563
f 3060/1074/2564 3062/1076/2566 3063/1075/2567
f 3060/1074/2564 3063/1075/2567 3061/1073/2565
f 3062/1076/2566 3064/1078/2568 3065/1077/2569
f 3062/1076/2566 3065/1077/2569 3063/1075/2567
f 3064/1078/2568 3066/1080/2570 3067/1079/2571
f 3064/1078/2568 3067/1079/2571 3065/1077/2569
f 3066/1080/2570 3068/1082/2572 3069/1081/2572
f 3066/1080/2570 3069/1081/2572 3067/1079/2571
f 3068/1082/2572 3070/1084/2573 3071/1083/2573
f 3068/1082/2572 3071/1083/2573 3069/1081/2572
f 3070/1084/2573 3072/1086/2574 3073/1085/2575
f 3070/1084/2573 3073/1085/2575 3071/1083/2573
f 3072/1086/2574 3074/1088/2576 3075/1087/2576
f 3072/1086/2574 3075/1087/2576 3073/1085/2575
f 3074/1088/2576 3076/1090/2577 3077/1089/2578
f 3074/1088/2576 3077/1089/2578 3075/1087/2576
f 3076/1090/2577 3078/1092/2579 3079/1091/2580
f 3076/1090/2577 3079/1091/2580 3077/1089/2578
f 3078/1092/2579 3080/1094/2581 3081/1093/2461
f 3078/1092/2579 3081/1093/2461 3079/1091/2580
f 3080/1094/2581 3082/1096/2582 3083/1095/2462
f 3080/1094/2581 3083/1095/2462 3081/1093/2461
f 3082/1096/2582 3084/1098/2583 3085/1097/2583
f 3082/1096/2582 3085/1097/2583 3083/1095/2462
f 3084/1098/2583 3086/1100/2584 3087/1099/2585
f 3084/1098/2583 3087/1099/2585 3085/1097/2583
f 3086/1100/2584 3088/1102/2586 3089/1101/2586
f 3086/1100/2584 3089/1101/2586 3087/1099/2585
f 3088/1102/2586 3090/1104/2587 3091/1103/2587
f 3088/1102/2586 3091/1103/2587 3089/1101/2586
f 3090/1104/2587 3092/1106/2588 3093/1105/2588
f 3090/1104/2587 3093/1105/2588 3091/1103/2587
f 3092/1106/2588 3094/1108/2589 3095/1107/2589
f 3092/1106/2588 3095/1107/2589 3093/1105/2588
f 3094/1108/2589 3096/1110/2590 3097/1109/2591
f 3094/1108/2589 3097/1109/2591 3095/1107/2589
f 3096/1110/2590 3098/1112/2592 3099/1111/2593
f 3096/1110/2590 3099/1111/2593 3097/1109/2591
f 3098/1112/2592 3100/1114/2594 3101/1113/2594
f 3098/1112/2592 3101/1113/2594 3099/1111/2593
f 3100/1114/2594 3102/1116/2595 3103/1115/2596
f 3100/1114/2594 3103/1115/2596 3101/1113/2594
f 3102/1116/2595 3104/1118/2597 3105/1117/2597
f 3102/1116/2595 3105/1117/2597 3103/1115/2596
f 3104/1118/2597 3106/1120/2598 3107/1119/2599
f 3104/1118/2597 3107/1119/2599 3105/1117/2597
f 3106/1120/2598 3108/1122/2600 3109/1121/2601
f 3106/1120/2598 3109/1121/2601 3107/1119/2599
f 3108/1122/2600 3110/1124/2602 3111/1123/2603
f 3108/1122/2600 3111/1123/2603 3109/1121/2601
f 3110/1124/2602 3112/1126/2604 3113/1125/2605
f 3110/1124/2602 3113/1125/2605 3111/1123/2603
f 3112/1126/2604 3114/1128/2606 3115/1127/2607
f 3112/1126/2604 3115/1127/2607 3113/1125/2605
f 3114/1128/2606 3116/1130/2608 3117/1129/2608
f 3114/1128/2606 3117/1129/2608 3115/1127/2607
f 3116/1130/2608 3118/1132/2609 3119/1131/2610
f 3116/1130/2608 3119/1131/2610 3117/1129/2608
f 3118/1132/2609 3120/206/2611 3121/205/2612
f 3118/1132/2609 3121/205/2612 3119/1131/2610
s 0
f 3152/1556/2613 3150/1557/2613 3151/1558/2613
f 3150/1557/2613 3152/1556/2613 3149/1559/2613
f 3149/1559/2613 3152/1556/2613 3153/1560/2613
f 3149/1559/2613 3153/1560/2613 3148/1561/2613
f 3148/1561/2613 3153/1560/2613 3154/1562/2613
f 3148/1561/2613 3154/1562/2613 3155/1563/2613
f 3148/1561/2613 3155/1563/2613 3147/1564/2613
f 3147/1564/2613 3155/1563/2613 3156/1565/2613
f 3147/1564/2613 3156/1565/2613 3157/1566/2613
f 3147/1564/2613 3157/1566/2613 3146/1567/2613
f 3146/1567/2613 3157/1566/2613 3158/1568/2613
f 3146/1567/2613 3158/1568/2613 3145/1569/2613
f 3145/1569/2613 3158/1568/2613 3159/1570/2613
f 3145/1569/2613 3159/1570/2613 3144/1571/2613
f 3144/1571/2613 3159/1570/2613 3160/1572/2613
f 3144/1571/2613 3160/1572/2613 3143/1573/2613
f 3143/1573/2613 3160/1572/2613 3161/1574/2613
f 3143/1573/2613 3161/1574/2613 3162/1575/2613
f 3143/1573/2613 3162/1575/2613 3142/1576/2613
f 3142/1576/2613 3162/1575/2613 3163/1577/2613
f 3142/1576/2613 3163/1577/2613 3141/1578/2613
f 3141/1578/2613 3163/1577/2613 3164/1579/2613
f 3141/1578/2613 3164/1579/2613 3140/1580/2613
f 3140/1580/2613 3164/1579/2613 3165/1581/2613
f 3140/1580/2613 3165/1581/2613 3139/1582/2613
f 3139/1582/2613 3165/1581/2613 3166/1583/2613
f 3139/1582/2613 3166/1583/2613 3138/1584/2613
f 3138/1584/2613 3166/1583/2613 3167/1585/2613
f 3138/1584/2613 3167/1585/2613 3137/1586/2613
f 3137/1586/2613 3167/1585/2613 3168/1587/2613
f 3137/1586/2613 3168/1587/2613 3136/1588/2613
f 3136/1588/2613 3168/1587/2613 3169/1589/2613
f 3136/1588/2613 3169/1589/2613 3135/1590/2613
f 3135/1590/2613 3169/1589/2613 3170/1591/2613
f 3135/1590/2613 3170/1591/2613 3134/1592/2613
f 3134/1592/2613 3170/1591/2613 3171/1593/2613
f 3134/1592/2613 3171/1593/2613 3133/1594/2613
f 3133/1594/2613 3171/1593/2613 3172/1595/2613
f 3133/1594/2613 3172/1595/2613 3132/1596/2613
f 3132/1596/2613 3172/1595/2613 3173/1597/2613
f 3132/1596/2613 3173/1597/2613 3131/1598/2613
f 3131/1598/2613 3173/1597/2613 3174/1599/2613
f 3131/1598/2613 3174/1599/2613 3130/1600/2613
f 3130/1600/2613 3174/1599/2613 3175/1601/2613
f 3130/1600/2613 3175/1601/2613 3129/1602/2613
f 3129/1602/2613 3175/1601/2613 3176/1603/2613
f 3129/1602/2613 3176/1603/2613 3128/1604/2613
f 3128/1604/2613 3176/1603/2613 3127/1605/2613
f 3127/1605/2613 3176/1603/2613 3177/1606/2613
f 3127/1605/2613 3177/1606/2613 3126/1607/2613
f 3126/1607/2613 3177/1606/2613 3125/1608/2613
f 3125/1608/2613 3177/1606/2613 3178/1609/2613
f 3125/1608/2613 3178/1609/2613 3124/1610/2613
f 3124/1610/2613 3178/1609/2613 3179/1611/2613
f 3185/1612/2613 3187/1613/2613 3184/1614/2613
f 3187/1613/2613 3185/1612/2613 3186/1615/2613
f 3124/1610/2613 3122/1616/2613 3123/1617/2613
f 3122/1616/2613 3124/1610/2613 3179/1611/2613
f 3122/1616/2613 3179/1611/2613 3180/1618/2613
f 3122/1616/2613 3180/1618/2613 3181/1619/2613
f 3122/1616/2613 3181/1619/2613 3182/1620/2613
f 3122/1616/2613 3182/1620/2613 3183/1621/2613
f 3122/1616/2613 3183/1621/2613 3184/1614/2613
f 3122/1616/2613 3184/1614/2613 3187/1613/2613
f 3122/1616/2613 3187/1613/2613 3188/1622/2613
f 3122/1616/2613 3188/1622/2613 3223/1623/2613
f 3223/1623/2613 3188/1622/2613 3189/1624/2613
f 3189/1624/2613 3222/1625/2613 3223/1623/2613
f 3222/1625/2613 3189/1624/2613 3190/1626/2613
f 3222/1625/2613 3190/1626/2613 3191/1627/2613
f 3222/1625/2613 3191/1627/2613 3192/1628/2613
f 3222/1625/2613 3192/1628/2613 3193/1629/2613
f 3222/1625/2613 3193/1629/2613 3221/1630/2613
f 3221/1630/2613 3193/1629/2613 3194/1631/2613
f 3221/1630/2613 3194/1631/2613 3220/1632/2613
f 3220/1632/2613 3194/1631/2613 3195/1633/2613
f 3220/1632/2613 3195/1633/2613 3219/1634/2613
f 3219/1634/2613 3195/1633/2613 3196/1635/2613
f 3219/1634/2613 3196/1635/2613 3218/1636/2613
f 3218/1636/2613 3196/1635/2613 3217/1637/2613
f 3217/1637/2613 3196/1635/2613 3216/1638/2613
f 3216/1638/2613 3196/1635/2613 3197/1639/2613
f 3216/1638/2613 3197/1639/2613 3198/1640/2613
f 3216/1638/2613 3198/1640/2613 3215/1641/2613
f 3215/1641/2613 3198/1640/2613 3199/1642/2613
f 3215/1641/2613 3199/1642/2613 3214/1643/2613
f 3214/1643/2613 3199/1642/2613 3200/1644/2613
f 3214/1643/2613 3200/1644/2613 3213/1645/2613
f 3213/1645/2613 3200/1644/2613 3201/1646/2613
f 3213/1645/2613 3201/1646/2613 3212/1647/2613
f 3212/1647/2613 3201/1646/2613 3202/1648/2613
f 3212/1647/2613 3202/1648/2613 3211/1649/2613
f 3211/1649/2613 3202/1648/2613 3203/1650/2613
f 3211/1649/2613 3203/1650/2613 3210/1651/2613
f 3210/1651/2613 3203/1650/2613 3204/1652/2613
f 3210/1651/2613 3204/1652/2613 3209/1653/2613
f 3209/1653/2613 3204/1652/2613 3205/1654/2613
f 3209/1653/2613 3205/1654/2613 3208/1655/2613
f 3208/1655/2613 3205/1654/2613 3206/1656/2613
f 3208/1655/2613 3206/1656/2613 3207/1657/2613
f 3296/1557/2614 3294/1556/2614 3295/1558/2614
f 3294/1556/2614 3296/1557/2614 3297/1559/2614
f 3294/1556/2614 3297/1559/2614 3293/1560/2614
f 3293/1560/2614 3297/1559/2614 3298/1561/2614
f 3293/1560/2614 3298/1561/2614 3292/1562/2614
f 3292/1562/2614 3298/1561/2614 3291/1563/2614
f 3291/1563/2614 3298/1561/2614 3299/1564/2614
f 3291/1563/2614 3299/1564/2614 3290/1565/2614
f 3290/1565/2614 3299/1564/2614 3289/1566/2614
f 3289/1566/2614 3299/1564/2614 3300/1567/2614
f 3289/1566/2614 3300/1567/2614 3288/1568/2614
f 3288/1568/2614 3300/1567/2614 3301/1569/2614
f 3288/1568/2614 3301/1569/2614 3287/1570/2614
f 3287/1570/2614 3301/1569/2614 3302/1571/2614
f 3287/1570/2614 3302/1571/2614 3286/1572/2614
f 3286/1572/2614 3302/1571/2614 3303/1573/2614
f 3286/1572/2614 3303/1573/2614 3285/1574/2614
f 3285/1574/2614 3303/1573/2614 3284/1575/2614
f 3284/1575/2614 3303/1573/2614 3304/1576/2614
f 3284/1575/2614 3304/1576/2614 3283/1577/2614
f 3283/1577/2614 3304/1576/2614 3305/1578/2614
f 3283/1577/2614 3305/1578/2614 3282/1579/2614
f 3282/1579/2614 3305/1578/2614 3306/1580/2614
f 3282/1579/2614 3306/1580/2614 3281/1581/2614
f 3281/1581/2614 3306/1580/2614 3307/1582/2614
f 3281/1581/2614 3307/1582/2614 3280/1583/2614
f 3280/1583/2614 3307/1582/2614 3308/1584/2614
f 3280/1583/2614 3308/1584/2614 3279/1585/2614
f 3279/1585/2614 3308/1584/2614 3309/1586/2614
f 3279/1585/2614 3309/1586/2614 3278/1587/2614
f 3278/1587/2614 3309/1586/2614 3310/1588/2614
f 3278/1587/2614 3310/1588/2614 3277/1589/2614
f 3277/1589/2614 3310/1588/2614 3311/1590/2614
f 3277/1589/2614 3311/1590/2614 3276/1591/2614
f 3276/1591/2614 3311/1590/2614 3312/1592/2614
f 3276/1591/2614 3312/1592/2614 3275/1593/2614
f 3275/1593/2614 3312/1592/2614 3313/1594/2614
f 3275/1593/2614 3313/1594/2614 3274/1595/2614
f 3274/1595/2614 3313/1594/2614 3314/1596/2614
f 3274/1595/2614 3314/1596/2614 3273/1597/2614
f 3273/1597/2614 3314/1596/2614 3315/1598/2614
f 3273/1597/2614 3315/1598/2614 3272/1599/2614
f 3272/1599/2614 3315/1598/2614 3316/1600/2614
f 3272/1599/2614 3316/1600/2614 3271/1601/2614
f 3271/1601/2614 3316/1600/2614 3317/1602/2614
f 3271/1601/2614 3317/1602/2614 3270/1603/2614
f 3270/1603/2614 3317/1602/2614 3318/1604/2614
f 3270/1603/2614 3318/1604/2614 3319/1605/2614
f 3270/1603/2614 3319/1605/2614 3269/1606/2614
f 3269/1606/2614 3319/1605/2614 3320/1607/2614
f 3269/1606/2614 3320/1607/2614 3321/1608/2614
f 3269/1606/2614 3321/1608/2614 3268/1609/2614
f 3268/1609/2614 3321/1608/2614 3322/1610/2614
f 3268/1609/2614 3322/1610/2614 3267/1611/2614
f 3224/1625/2614 3257/1624/2614 3325/1623/2614
f 3257/1624/2614 3224/1625/2614 3256/1626/2614
f 3256/1626/2614 3224/1625/2614 3255/1627/2614
f 3255/1627/2614 3224/1625/2614 3254/1628/2614
f 3254/1628/2614 3224/1625/2614 3253/1629/2614
f 3253/1629/2614 3224/1625/2614 3225/1630/2614
f 3253/1629/2614 3225/1630/2614 3252/1631/2614
f 3252/1631/2614 3225/1630/2614 3226/1632/2614
f 3252/1631/2614 3226/1632/2614 3251/1633/2614
f 3251/1633/2614 3226/1632/2614 3227/1634/2614
f 3251/1633/2614 3227/1634/2614 3250/1635/2614
f 3250/1635/2614 3227/1634/2614 3228/1636/2614
f 3250/1635/2614 3228/1636/2614 3229/1637/2614
f 3250/1635/2614 3229/1637/2614 3230/1638/2614
f 3250/1635/2614 3230/1638/2614 3249/1639/2614
f 3249/1639/2614 3230/1638/2614 3248/1640/2614
f 3248/1640/2614 3230/1638/2614 3231/1641/2614
f 3248/1640/2614 3231/1641/2614 3247/1642/2614
f 3247/1642/2614 3231/1641/2614 3232/1643/2614
f 3247/1642/2614 3232/1643/2614 3246/1644/2614
f 3246/1644/2614 3232/1643/2614 3233/1645/2614
f 3246/1644/2614 3233/1645/2614 3245/1646/2614
f 3245/1646/2614 3233/1645/2614 3234/1647/2614
f 3245/1646/2614 3234/1647/2614 3244/1648/2614
f 3244/1648/2614 3234/1647/2614 3235/1649/2614
f 3244/1648/2614 3235/1649/2614 3243/1650/2614
f 3243/1650/2614 3235/1649/2614 3236/1651/2614
f 3243/1650/2614 3236/1651/2614 3242/1652/2614
f 3242/1652/2614 3236/1651/2614 3237/1653/2614
f 3242/1652/2614 3237/1653/2614 3241/1654/2614
f 3241/1654/2614 3237/1653/2614 3238/1655/2614
f 3241/1654/2614 3238/1655/2614 3240/1656/2614
f 3240/1656/2614 3238/1655/2614 3239/1657/2614
f 3324/1616/2614 3322/1610/2614 3323/1617/2614
f 3322/1610/2614 3324/1616/2614 3267/1611/2614
f 3267/1611/2614 3324/1616/2614 3266/1618/2614
f 3266/1618/2614 3324/1616/2614 3265/1619/2614
f 3265/1619/2614 3324/1616/2614 3264/1620/2614
f 3264/1620/2614 3324/1616/2614 3263/1621/2614
f 3263/1621/2614 3324/1616/2614 3262/1614/2614
f 3262/1614/2614 3324/1616/2614 3259/1613/2614
f 3259/1613/2614 3324/1616/2614 3258/1622/2614
f 3258/1622/2614 3324/1616/2614 3325/1623/2614
f 3258/1622/2614 3325/1623/2614 3257/1624/2614
f 3259/1613/2614 3261/1612/2614 3262/1614/2614
f 3261/1612/2614 3259/1613/2614 3260/1615/2614
f 3389/1658/2613 3391/1659/2613 3388/1660/2613
f 3391/1659/2613 3389/1658/2613 3390/1661/2613
f 3355/1662/2613 3353/1663/2613 3354/1664/2613
f 3353/1663/2613 3355/1662/2613 3356/1665/2613
f 3353/1663/2613 3356/1665/2613 3352/1666/2613
f 3352/1666/2613 3356/1665/2613 3357/1667/2613
f 3352/1666/2613 3357/1667/2613 3351/1668/2613
f 3351/1668/2613 3357/1667/2613 3358/1669/2613
f 3351/1668/2613 3358/1669/2613 3359/1670/2613
f 3351/1668/2613 3359/1670/2613 3350/1671/2613
f 3350/1671/2613 3359/1670/2613 3360/1672/2613
f 3350/1671/2613 3360/1672/2613 3349/1673/2613
f 3349/1673/2613 3360/1672/2613 3361/1674/2613
f 3349/1673/2613 3361/1674/2613 3362/1675/2613
f 3349/1673/2613 3362/1675/2613 3348/1676/2613
f 3348/1676/2613 3362/1675/2613 3363/1677/2613
f 3348/1676/2613 3363/1677/2613 3364/1678/2613
f 3348/1676/2613 3364/1678/2613 3347/1679/2613
f 3347/1679/2613 3364/1678/2613 3346/1680/2613
f 3346/1680/2613 3364/1678/2613 3365/1681/2613
f 3346/1680/2613 3365/1681/2613 3366/1682/2613
f 3346/1680/2613 3366/1682/2613 3345/1683/2613
f 3345/1683/2613 3366/1682/2613 3367/1684/2613
f 3345/1683/2613 3367/1684/2613 3344/1685/2613
f 3344/1685/2613 3367/1684/2613 3368/1686/2613
f 3344/1685/2613 3368/1686/2613 3343/1687/2613
f 3343/1687/2613 3368/1686/2613 3369/1688/2613
f 3343/1687/2613 3369/1688/2613 3342/1689/2613
f 3342/1689/2613 3369/1688/2613 3370/1690/2613
f 3342/1689/2613 3370/1690/2613 3341/1691/2613
f 3341/1691/2613 3370/1690/2613 3371/1692/2613
f 3341/1691/2613 3371/1692/2613 3340/1693/2613
f 3340/1693/2613 3371/1692/2613 3372/1694/2613
f 3340/1693/2613 3372/1694/2613 3339/1695/2613
f 3339/1695/2613 3372/1694/2613 3373/1696/2613
f 3339/1695/2613 3373/1696/2613 3338/1697/2613
f 3338/1697/2613 3373/1696/2613 3374/1698/2613
f 3338/1697/2613 3374/1698/2613 3337/1699/2613
f 3337/1699/2613 3374/1698/2613 3375/1700/2613
f 3337/1699/2613 3375/1700/2613 3336/1701/2613
f 3336/1701/2613 3375/1700/2613 3376/1702/2613
f 3336/1701/2613 3376/1702/2613 3335/1703/2613
f 3335/1703/2613 3376/1702/2613 3377/1704/2613
f 3335/1703/2613 3377/1704/2613 3334/1705/2613
f 3334/1705/2613 3377/1704/2613 3378/1706/2613
f 3334/1705/2613 3378/1706/2613 3333/1707/2613
f 3333/1707/2613 3378/1706/2613 3379/1708/2613
f 3333/1707/2613 3379/1708/2613 3332/1709/2613
f 3332/1709/2613 3379/1708/2613 3380/1710/2613
f 3332/1709/2613 3380/1710/2613 3331/1711/2613
f 3331/1711/2613 3380/1710/2613 3330/1712/2613
f 3330/1712/2613 3380/1710/2613 3381/1713/2613
f 3330/1712/2613 3381/1713/2613 3329/1714/2613
f 3329/1714/2613 3381/1713/2613 3328/1715/2613
f 3328/1715/2613 3381/1713/2613 3382/1716/2613
f 3328/1715/2613 3382/1716/2613 3327/1717/2613
f 3327/1717/2613 3382/1716/2613 3383/1718/2613
f 3327/1717/2613 3383/1718/2613 3326/1719/2613
f 3326/1719/2613 3383/1718/2613 3393/1720/2613
f 3393/1720/2613 3383/1718/2613 3384/1721/2613
f 3393/1720/2613 3384/1721/2613 3385/1722/2613
f 3393/1720/2613 3385/1722/2613 3386/1723/2613
f 3393/1720/2613 3386/1723/2613 3387/1724/2613
f 3393/1720/2613 3387/1724/2613 3388/1660/2613
f 3393/1720/2613 3388/1660/2613 3391/1659/2613
f 3393/1720/2613 3391/1659/2613 3392/1725/2613
f 3433/1663/2614 3431/1662/2614 3432/1664/2614
f 3431/1662/2614 3433/1663/2614 3430/1665/2614
f 3430/1665/2614 3433/1663/2614 3434/1666/2614
f 3430/1665/2614 3434/1666/2614 3429/1667/2614
f 3429/1667/2614 3434/1666/2614 3435/1668/2614
f 3429/1667/2614 3435/1668/2614 3428/1669/2614
f 3428/1669/2614 3435/1668/2614 3427/1670/2614
f 3427/1670/2614 3435/1668/2614 3436/1671/2614
f 3427/1670/2614 3436/1671/2614 3426/1672/2614
f 3426/1672/2614 3436/1671/2614 3437/1673/2614
f 3426/1672/2614 3437/1673/2614 3425/1674/2614
f 3425/1674/2614 3437/1673/2614 3424/1675/2614
f 3424/1675/2614 3437/1673/2614 3438/1676/2614
f 3424/1675/2614 3438/1676/2614 3423/1677/2614
f 3423/1677/2614 3438/1676/2614 3422/1678/2614
f 3422/1678/2614 3438/1676/2614 3439/1679/2614
f 3422/1678/2614 3439/1679/2614 3440/1680/2614
f 3422/1678/2614 3440/1680/2614 3421/1681/2614
f 3421/1681/2614 3440/1680/2614 3420/1682/2614
f 3420/1682/2614 3440/1680/2614 3441/1683/2614
f 3420/1682/2614 3441/1683/2614 3419/1684/2614
f 3419/1684/2614 3441/1683/2614 3442/1685/2614
f 3419/1684/2614 3442/1685/2614 3418/1686/2614
f 3418/1686/2614 3442/1685/2614 3443/1687/2614
f 3418/1686/2614 3443/1687/2614 3417/1688/2614
f 3417/1688/2614 3443/1687/2614 3444/1689/2614
f 3417/1688/2614 3444/1689/2614 3416/1690/2614
f 3416/1690/2614 3444/1689/2614 3445/1691/2614
f 3416/1690/2614 3445/1691/2614 3415/1692/2614
f 3415/1692/2614 3445/1691/2614 3446/1693/2614
f 3415/1692/2614 3446/1693/2614 3414/1694/2614
f 3414/1694/2614 3446/1693/2614 3447/1695/2614
f 3414/1694/2614 3447/1695/2614 3413/1696/2614
f 3413/1696/2614 3447/1695/2614 3448/1697/2614
f 3413/1696/2614 3448/1697/2614 3412/1698/2614
f 3412/1698/2614 3448/1697/2614 3449/1699/2614
f 3412/1698/2614 3449/1699/2614 3411/1700/2614
f 3411/1700/2614 3449/1699/2614 3450/1701/2614
f 3411/1700/2614 3450/1701/2614 3410/1702/2614
f 3410/1702/2614 3450/1701/2614 3451/1703/2614
f 3410/1702/2614 3451/1703/2614 3409/1704/2614
f 3409/1704/2614 3451/1703/2614 3452/1705/2614
f 3409/1704/2614 3452/1705/2614 3408/1706/2614
f 3408/1706/2614 3452/1705/2614 3453/1707/2614
f 3408/1706/2614 3453/1707/2614 3407/1708/2614
f 3407/1708/2614 3453/1707/2614 3454/1709/2614
f 3407/1708/2614 3454/1709/2614 3406/1710/2614
f 3406/1710/2614 3454/1709/2614 3455/1711/2614
f 3406/1710/2614 3455/1711/2614 3456/1712/2614
f 3406/1710/2614 3456/1712/2614 3405/1713/2614
f 3405/1713/2614 3456/1712/2614 3457/1714/2614
f 3405/1713/2614 3457/1714/2614 3458/1715/2614
f 3405/1713/2614 3458/1715/2614 3404/1716/2614
f 3404/1716/2614 3458/1715/2614 3459/1717/2614
f 3404/1716/2614 3459/1717/2614 3403/1718/2614
f 3403/1718/2614 3459/1717/2614 3460/1719/2614
f 3403/1718/2614 3460/1719/2614 3461/1720/2614
f 3403/1718/2614 3461/1720/2614 3402/1721/2614
f 3402/1721/2614 3461/1720/2614 3401/1722/2614
f 3401/1722/2614 3461/1720/2614 3400/1723/2614
f 3400/1723/2614 3461/1720/2614 3399/1724/2614
f 3399/1724/2614 3461/1720/2614 3398/1660/2614
f 3398/1660/2614 3461/1720/2614 3395/1659/2614
f 3395/1659/2614 3461/1720/2614 3394/1725/2614
f 3395/1659/2614 3397/1658/2614 3398/1660/2614
f 3397/1658/2614 3395/1659/2614 3396/1661/2614
f 3496/1726/2613 3494/1727/2613 3495/1728/2613
f 3494/1727/2613 3496/1726/2613 3497/1729/2613
f 3494/1727/2613 3497/1729/2613 3493/1730/2613
f 3493/1730/2613 3497/1729/2613 3498/1731/2613
f 3493/1730/2613 3498/1731/2613 3499/1732/2613
f 3493/1730/2613 3499/1732/2613 3492/1733/2613
f 3492/1733/2613 3499/1732/2613 3500/1734/2613
f 3492/1733/2613 3500/1734/2613 3491/1735/2613
f 3491/1735/2613 3500/1734/2613 3501/1736/2613
f 3491/1735/2613 3501/1736/2613 3502/1737/2613
f 3491/1735/2613 3502/1737/2613 3490/1738/2613
f 3490/1738/2613 3502/1737/2613 3503/1739/2613
f 3490/1738/2613 3503/1739/2613 3489/1740/2613
f 3489/1740/2613 3503/1739/2613 3504/1741/2613
f 3489/1740/2613 3504/1741/2613 3505/1742/2613
f 3489/1740/2613 3505/1742/2613 3488/1743/2613
f 3488/1743/2613 3505/1742/2613 3487/1744/2613
f 3487/1744/2613 3505/1742/2613 3506/1745/2613
f 3487/1744/2613 3506/1745/2613 3507/1746/2613
f 3487/1744/2613 3507/1746/2613 3486/1747/2613
f 3486/1747/2613 3507/1746/2613 3508/1748/2613
f 3486/1747/2613 3508/1748/2613 3485/1749/2613
f 3485/1749/2613 3508/1748/2613 3509/1750/2613
f 3485/1749/2613 3509/1750/2613 3484/1751/2613
f 3484/1751/2613 3509/1750/2613 3510/1752/2613
f 3484/1751/2613 3510/1752/2613 3483/1753/2613
f 3483/1753/2613 3510/1752/2613 3511/1754/2613
f 3483/1753/2613 3511/1754/2613 3482/1755/2613
f 3482/1755/2613 3511/1754/2613 3512/1756/2613
f 3482/1755/2613 3512/1756/2613 3481/1757/2613
f 3481/1757/2613 3512/1756/2613 3513/1758/2613
f 3481/1757/2613 3513/1758/2613 3480/1759/2613
f 3480/1759/2613 3513/1758/2613 3514/1760/2613
f 3480/1759/2613 3514/1760/2613 3479/1761/2613
f 3479/1761/2613 3514/1760/2613 3515/1762/2613
f 3479/1761/2613 3515/1762/2613 3478/1763/2613
f 3478/1763/2613 3515/1762/2613 3516/1764/2613
f 3478/1763/2613 3516/1764/2613 3477/1765/2613
f 3477/1765/2613 3516/1764/2613 3517/1766/2613
f 3477/1765/2613 3517/1766/2613 3476/1767/2613
f 3476/1767/2613 3517/1766/2613 3518/1768/2613
f 3476/1767/2613 3518/1768/2613 3475/1769/2613
f 3475/1769/2613 3518/1768/2613 3519/1770/2613
f 3475/1769/2613 3519/1770/2613 3474/1771/2613
f 3474/1771/2613 3519/1770/2613 3520/1772/2613
f 3474/1771/2613 3520/1772/2613 3473/1773/2613
f 3473/1773/2613 3520/1772/2613 3472/1774/2613
f 3472/1774/2613 3520/1772/2613 3521/1775/2613
f 3472/1774/2613 3521/1775/2613 3471/1776/2613
f 3471/1776/2613 3521/1775/2613 3470/1777/2613
f 3470/1777/2613 3521/1775/2613 3522/1778/2613
f 3470/1777/2613 3522/1778/2613 3469/1779/2613
f 3469/1779/2613 3522/1778/2613 3523/1780/2613
f 3469/1779/2613 3523/1780/2613 3468/1781/2613
f 3468/1781/2613 3523/1780/2613 3524/1782/2613
f 3529/1783/2613 3534/1784/2613 3528/1785/2613
f 3534/1784/2613 3529/1783/2613 3533/1786/2613
f 3533/1786/2613 3529/1783/2613 3532/1787/2613
f 3532/1787/2613 3529/1783/2613 3530/1788/2613
f 3532/1787/2613 3530/1788/2613 3531/1789/2613
f 3567/1790/2613 3565/1791/2613 3566/1792/2613
f 3565/1791/2613 3567/1790/2613 3568/1793/2613
f 3565/1791/2613 3568/1793/2613 3564/1794/2613
f 3564/1794/2613 3568/1793/2613 3569/1795/2613
f 3564/1794/2613 3569/1795/2613 3570/1796/2613
f 3564/1794/2613 3570/1796/2613 3563/1797/2613
f 3563/1797/2613 3570/1796/2613 3571/1798/2613
f 3563/1797/2613 3571/1798/2613 3562/1799/2613
f 3562/1799/2613 3571/1798/2613 3572/1800/2613
f 3562/1799/2613 3572/1800/2613 3573/1801/2613
f 3562/1799/2613 3573/1801/2613 3561/1802/2613
f 3561/1802/2613 3573/1801/2613 3574/1803/2613
f 3561/1802/2613 3574/1803/2613 3560/1804/2613
f 3560/1804/2613 3574/1803/2613 3575/1805/2613
f 3560/1804/2613 3575/1805/2613 3576/1806/2613
f 3560/1804/2613 3576/1806/2613 3559/1807/2613
f 3559/1807/2613 3576/1806/2613 3558/1808/2613
f 3558/1808/2613 3576/1806/2613 3577/1809/2613
f 3558/1808/2613 3577/1809/2613 3578/1810/2613
f 3558/1808/2613 3578/1810/2613 3557/1811/2613
f 3557/1811/2613 3578/1810/2613 3579/1812/2613
f 3557/1811/2613 3579/1812/2613 3556/1813/2613
f 3556/1813/2613 3579/1812/2613 3580/1814/2613
f 3556/1813/2613 3580/1814/2613 3555/1815/2613
f 3555/1815/2613 3580/1814/2613 3581/1816/2613
f 3555/1815/2613 3581/1816/2613 3554/1817/2613
f 3554/1817/2613 3581/1816/2613 3582/1818/2613
f 3554/1817/2613 3582/1818/2613 3553/1819/2613
f 3553/1819/2613 3582/1818/2613 3583/1820/2613
f 3553/1819/2613 3583/1820/2613 3552/1821/2613
f 3552/1821/2613 3583/1820/2613 3584/1822/2613
f 3552/1821/2613 3584/1822/2613 3551/1823/2613
f 3551/1823/2613 3584/1822/2613 3585/1824/2613
f 3551/1823/2613 3585/1824/2613 3550/1825/2613
f 3550/1825/2613 3585/1824/2613 3586/1826/2613
f 3550/1825/2613 3586/1826/2613 3549/1827/2613
f 3549/1827/2613 3586/1826/2613 3587/1828/2613
f 3549/1827/2613 3587/1828/2613 3548/1829/2613
f 3548/1829/2613 3587/1828/2613 3588/1830/2613
f 3548/1829/2613 3588/1830/2613 3547/1831/2613
f 3547/1831/2613 3588/1830/2613 3589/1832/2613
f 3547/1831/2613 3589/1832/2613 3546/1833/2613
f 3546/1833/2613 3589/1832/2613 3545/1834/2613
f 3545/1834/2613 3589/1832/2613 3590/1835/2613
f 3545/1834/2613 3590/1835/2613 3544/1836/2613
f 3544/1836/2613 3590/1835/2613 3591/1837/2613
f 3544/1836/2613 3591/1837/2613 3543/1838/2613
f 3543/1838/2613 3591/1837/2613 3542/1839/2613
f 3542/1839/2613 3591/1837/2613 3592/1840/2613
f 3542/1839/2613 3592/1840/2613 3541/1841/2613
f 3541/1841/2613 3592/1840/2613 3540/1842/2613
f 3540/1842/2613 3592/1840/2613 3593/1843/2613
f 3540/1842/2613 3593/1843/2613 3539/1844/2613
f 3539/1844/2613 3593/1843/2613 3538/1845/2613
f 3538/1845/2613 3593/1843/2613 3594/1846/2613
f 3538/1845/2613 3536/1847/2613 3537/1848/2613
f 3536/1847/2613 3538/1845/2613 3594/1846/2613
f 3536/1847/2613 3594/1846/2613 3595/1849/2613
f 3536/1847/2613 3595/1849/2613 3596/1850/2613
f 3599/1851/2613 3603/1852/2613 3598/1853/2613
f 3603/1852/2613 3599/1851/2613 3602/1854/2613
f 3602/1854/2613 3599/1851/2613 3600/1855/2613
f 3602/1854/2613 3600/1855/2613 3601/1856/2613
f 3468/1781/2613 3466/1857/2613 3467/1858/2613
f 3466/1857/2613 3468/1781/2613 3524/1782/2613
f 3466/1857/2613 3524/1782/2613 3525/1859/2613
f 3466/1857/2613 3525/1859/2613 3526/1860/2613
f 3466/1857/2613 3526/1860/2613 3527/1861/2613
f 3466/1857/2613 3527/1861/2613 3465/1862/2613
f 3465/1862/2613 3527/1861/2613 3528/1785/2613
f 3465/1862/2613 3528/1785/2613 3534/1784/2613
f 3465/1862/2613 3534/1784/2613 3535/1863/2613
f 3465/1862/2613 3535/1863/2613 3464/206/2613
f 3464/206/2613 3535/1863/2613 3536/1847/2613
f 3464/206/2613 3536/1847/2613 3462/1864/2613
f 3462/1864/2613 3536/1847/2613 3596/1850/2613
f 3462/1864/2613 3596/1850/2613 3597/1865/2613
f 3462/1864/2613 3597/1865/2613 3603/1852/2613
f 3603/1852/2613 3597/1865/2613 3598/1853/2613
f 3464/206/2613 3462/1864/2613 3463/1866/2613
f 3712/1727/2614 3710/1726/2614 3711/1728/2614
f 3710/1726/2614 3712/1727/2614 3709/1729/2614
f 3709/1729/2614 3712/1727/2614 3713/1730/2614
f 3709/1729/2614 3713/1730/2614 3708/1731/2614
f 3708/1731/2614 3713/1730/2614 3707/1732/2614
f 3707/1732/2614 3713/1730/2614 3714/1733/2614
f 3707/1732/2614 3714/1733/2614 3706/1734/2614
f 3706/1734/2614 3714/1733/2614 3715/1735/2614
f 3706/1734/2614 3715/1735/2614 3705/1736/2614
f 3705/1736/2614 3715/1735/2614 3704/1737/2614
f 3704/1737/2614 3715/1735/2614 3716/1738/2614
f 3704/1737/2614 3716/1738/2614 3703/1739/2614
f 3703/1739/2614 3716/1738/2614 3717/1740/2614
f 3703/1739/2614 3717/1740/2614 3702/1741/2614
f 3702/1741/2614 3717/1740/2614 3701/1742/2614
f 3701/1742/2614 3717/1740/2614 3718/1743/2614
f 3701/1742/2614 3718/1743/2614 3719/1744/2614
f 3701/1742/2614 3719/1744/2614 3700/1745/2614
f 3700/1745/2614 3719/1744/2614 3699/1746/2614
f 3699/1746/2614 3719/1744/2614 3720/1747/2614
f 3699/1746/2614 3720/1747/2614 3698/1748/2614
f 3698/1748/2614 3720/1747/2614 3721/1749/2614
f 3698/1748/2614 3721/1749/2614 3697/1750/2614
f 3697/1750/2614 3721/1749/2614 3722/1751/2614
f 3697/1750/2614 3722/1751/2614 3696/1752/2614
f 3696/1752/2614 3722/1751/2614 3723/1753/2614
f 3696/1752/2614 3723/1753/2614 3695/1754/2614
f 3695/1754/2614 3723/1753/2614 3724/1755/2614
f 3695/1754/2614 3724/1755/2614 3694/1756/2614
f 3694/1756/2614 3724/1755/2614 3725/1757/2614
f 3694/1756/2614 3725/1757/2614 3693/1758/2614
f 3693/1758/2614 3725/1757/2614 3726/1759/2614
f 3693/1758/2614 3726/1759/2614 3692/1760/2614
f 3692/1760/2614 3726/1759/2614 3727/1761/2614
f 3692/1760/2614 3727/1761/2614 3691/1762/2614
f 3691/1762/2614 3727/1761/2614 3728/1763/2614
f 3691/1762/2614 3728/1763/2614 3690/1764/2614
f 3690/1764/2614 3728/1763/2614 3729/1765/2614
f 3690/1764/2614 3729/1765/2614 3689/1766/2614
f 3689/1766/2614 3729/1765/2614 3730/1767/2614
f 3689/1766/2614 3730/1767/2614 3688/1768/2614
f 3688/1768/2614 3730/1767/2614 3731/1769/2614
f 3688/1768/2614 3731/1769/2614 3687/1770/2614
f 3687/1770/2614 3731/1769/2614 3732/1771/2614
f 3687/1770/2614 3732/1771/2614 3686/1772/2614
f 3686/1772/2614 3732/1771/2614 3733/1773/2614
f 3686/1772/2614 3733/1773/2614 3734/1774/2614
f 3686/1772/2614 3734/1774/2614 3685/1775/2614
f 3685/1775/2614 3734/1774/2614 3735/1776/2614
f 3685/1775/2614 3735/1776/2614 3736/1777/2614
f 3685/1775/2614 3736/1777/2614 3684/1778/2614
f 3684/1778/2614 3736/1777/2614 3737/1779/2614
f 3684/1778/2614 3737/1779/2614 3683/1780/2614
f 3683/1780/2614 3737/1779/2614 3738/1781/2614
f 3683/1780/2614 3738/1781/2614 3682/1782/2614
f 3670/1847/2614 3668/1845/2614 3669/1848/2614
f 3668/1845/2614 3670/1847/2614 3612/1846/2614
f 3612/1846/2614 3670/1847/2614 3611/1849/2614
f 3611/1849/2614 3670/1847/2614 3610/1850/2614
f 3641/1791/2614 3639/1790/2614 3640/1792/2614
f 3639/1790/2614 3641/1791/2614 3638/1793/2614
f 3638/1793/2614 3641/1791/2614 3642/1794/2614
f 3638/1793/2614 3642/1794/2614 3637/1795/2614
f 3637/1795/2614 3642/1794/2614 3636/1796/2614
f 3636/1796/2614 3642/1794/2614 3643/1797/2614
f 3636/1796/2614 3643/1797/2614 3635/1798/2614
f 3635/1798/2614 3643/1797/2614 3644/1799/2614
f 3635/1798/2614 3644/1799/2614 3634/1800/2614
f 3634/1800/2614 3644/1799/2614 3633/1801/2614
f 3633/1801/2614 3644/1799/2614 3645/1802/2614
f 3633/1801/2614 3645/1802/2614 3632/1803/2614
f 3632/1803/2614 3645/1802/2614 3646/1804/2614
f 3632/1803/2614 3646/1804/2614 3631/1805/2614
f 3631/1805/2614 3646/1804/2614 3630/1806/2614
f 3630/1806/2614 3646/1804/2614 3647/1807/2614
f 3630/1806/2614 3647/1807/2614 3648/1808/2614
f 3630/1806/2614 3648/1808/2614 3629/1809/2614
f 3629/1809/2614 3648/1808/2614 3628/1810/2614
f 3628/1810/2614 3648/1808/2614 3649/1811/2614
f 3628/1810/2614 3649/1811/2614 3627/1812/2614
f 3627/1812/2614 3649/1811/2614 3650/1813/2614
f 3627/1812/2614 3650/1813/2614 3626/1814/2614
f 3626/1814/2614 3650/1813/2614 3651/1815/2614
f 3626/1814/2614 3651/1815/2614 3625/1816/2614
f 3625/1816/2614 3651/1815/2614 3652/1817/2614
f 3625/1816/2614 3652/1817/2614 3624/1818/2614
f 3624/1818/2614 3652/1817/2614 3653/1819/2614
f 3624/1818/2614 3653/1819/2614 3623/1820/2614
f 3623/1820/2614 3653/1819/2614 3654/1821/2614
f 3623/1820/2614 3654/1821/2614 3622/1822/2614
f 3622/1822/2614 3654/1821/2614 3655/1823/2614
f 3622/1822/2614 3655/1823/2614 3621/1824/2614
f 3621/1824/2614 3655/1823/2614 3656/1825/2614
f 3621/1824/2614 3656/1825/2614 3620/1826/2614
f 3620/1826/2614 3656/1825/2614 3657/1827/2614
f 3620/1826/2614 3657/1827/2614 3619/1828/2614
f 3619/1828/2614 3657/1827/2614 3658/1829/2614
f 3619/1828/2614 3658/1829/2614 3618/1830/2614
f 3618/1830/2614 3658/1829/2614 3659/1831/2614
f 3618/1830/2614 3659/1831/2614 3617/1832/2614
f 3617/1832/2614 3659/1831/2614 3660/1833/2614
f 3617/1832/2614 3660/1833/2614 3661/1834/2614
f 3617/1832/2614 3661/1834/2614 3616/1835/2614
f 3616/1835/2614 3661/1834/2614 3662/1836/2614
f 3616/1835/2614 3662/1836/2614 3615/1837/2614
f 3615/1837/2614 3662/1836/2614 3663/1838/2614
f 3615/1837/2614 3663/1838/2614 3664/1839/2614
f 3615/1837/2614 3664/1839/2614 3614/1840/2614
f 3614/1840/2614 3664/1839/2614 3665/1841/2614
f 3614/1840/2614 3665/1841/2614 3666/1842/2614
f 3614/1840/2614 3666/1842/2614 3613/1843/2614
f 3613/1843/2614 3666/1842/2614 3667/1844/2614
f 3613/1843/2614 3667/1844/2614 3668/1845/2614
f 3613/1843/2614 3668/1845/2614 3612/1846/2614
f 3740/1857/2614 3738/1781/2614 3739/1858/2614
f 3738/1781/2614 3740/1857/2614 3682/1782/2614
f 3682/1782/2614 3740/1857/2614 3681/1859/2614
f 3681/1859/2614 3740/1857/2614 3680/1860/2614
f 3680/1860/2614 3740/1857/2614 3679/1861/2614
f 3679/1861/2614 3740/1857/2614 3741/1862/2614
f 3679/1861/2614 3741/1862/2614 3678/1785/2614
f 3678/1785/2614 3741/1862/2614 3672/1784/2614
f 3672/1784/2614 3741/1862/2614 3671/1863/2614
f 3671/1863/2614 3741/1862/2614 3742/206/2614
f 3671/1863/2614 3742/206/2614 3670/1847/2614
f 3670/1847/2614 3742/206/2614 3744/1864/2614
f 3670/1847/2614 3744/1864/2614 3610/1850/2614
f 3610/1850/2614 3744/1864/2614 3609/1865/2614
f 3609/1865/2614 3744/1864/2614 3745/1852/2614
f 3609/1865/2614 3745/1852/2614 3608/1853/2614
f 3744/1864/2614 3742/206/2614 3743/1866/2614
f 3745/1852/2614 3607/1851/2614 3608/1853/2614
f 3607/1851/2614 3745/1852/2614 3604/1854/2614
f 3607/1851/2614 3604/1854/2614 3606/1855/2614
f 3606/1855/2614 3604/1854/2614 3605/1856/2614
f 3672/1784/2614 3677/1783/2614 3678/1785/2614
f 3677/1783/2614 3672/1784/2614 3673/1786/2614
f 3677/1783/2614 3673/1786/2614 3674/1787/2614
f 3677/1783/2614 3674/1787/2614 3676/1788/2614
f 3676/1788/2614 3674/1787/2614 3675/1789/2614
o Note2_Note_0
v 0.000000 -1.186362 1.721379
v 0.000000 -1.178381 1.724522
v 0.001642 -1.186221 1.721462
v 0.000000 -1.244799 1.843572
v 0.000000 -1.251677 1.837694
v 0.001642 -1.251525 1.837791
v 0.000000 -1.178381 1.724522
v 0.003221 -1.185805 1.721710
v 0.000000 -1.244799 1.843572
v 0.003221 -1.251087 1.838060
v 0.000000 -1.178381 1.724522
v 0.004675 -1.185129 1.722112
v 0.000000 -1.244799 1.843572
v 0.004675 -1.250378 1.838492
v 0.000000 -1.178381 1.724522
v 0.005951 -1.184219 1.722654
v 0.000000 -1.244799 1.843572
v 0.005951 -1.249427 1.839072
v 0.000000 -1.178381 1.724522
v 0.006997 -1.183111 1.723316
v 0.000000 -1.244799 1.843572
v 0.006997 -1.248270 1.839776
v 0.000000 -1.178381 1.724522
v 0.007775 -1.181846 1.724072
v 0.000000 -1.244799 1.843572
v 0.007775 -1.246951 1.840578
v 0.000000 -1.178381 1.724522
v 0.008254 -1.180474 1.724893
v 0.000000 -1.244799 1.843572
v 0.008254 -1.245523 1.841447
v 0.000000 -1.178381 1.724522
v 0.008416 -1.179047 1.725749
v 0.000000 -1.244799 1.843572
v 0.008416 -1.244039 1.842351
v 0.000000 -1.244799 1.843572
v 0.008254 -1.242557 1.843255
v 0.000000 -1.178381 1.724522
v 0.008254 -1.177620 1.726606
v 0.000000 -1.178381 1.724522
v 0.007775 -1.176249 1.727432
v 0.000000 -1.244799 1.843572
v 0.007775 -1.241134 1.844122
v 0.000000 -1.178381 1.724522
v 0.006997 -1.174986 1.728193
v 0.000000 -1.244799 1.843572
v 0.006997 -1.239824 1.844920
v 0.000000 -1.178381 1.724522
v 0.005951 -1.173880 1.728860
v 0.000000 -1.244799 1.843572
v 0.005951 -1.238679 1.845618
v 0.000000 -1.178381 1.724522
v 0.004675 -1.172972 1.729407
v 0.000000 -1.244799 1.843572
v 0.004675 -1.237741 1.846188
v 0.000000 -1.178381 1.724522
v 0.003221 -1.172299 1.729813
v 0.000000 -1.244799 1.843572
v 0.003221 -1.237048 1.846607
v 0.000000 -1.178381 1.724522
v 0.001642 -1.171885 1.730062
v 0.000000 -1.244799 1.843572
v 0.001642 -1.236624 1.846861
v 0.000000 -1.178381 1.724522
v 0.000000 -1.171747 1.730143
v 0.000000 -1.244799 1.843572
v 0.000000 -1.236487 1.846938
v 0.000000 -1.178381 1.724522
v -0.001642 -1.171890 1.730054
v 0.000000 -1.244799 1.843572
v -0.001642 -1.236641 1.846836
v 0.000000 -1.178381 1.724522
v -0.003220 -1.172308 1.729800
v 0.000000 -1.244799 1.843572
v -0.003220 -1.237081 1.846560
v 0.000000 -1.178381 1.724522
v -0.004675 -1.172984 1.729389
v 0.000000 -1.244799 1.843572
v -0.004675 -1.237789 1.846119
v 0.000000 -1.178381 1.724522
v -0.005951 -1.173894 1.728838
v 0.000000 -1.244799 1.843572
v -0.005951 -1.238738 1.845533
v 0.000000 -1.178381 1.724522
v -0.006997 -1.175001 1.728169
v 0.000000 -1.244799 1.843572
v -0.006997 -1.239891 1.844823
v 0.000000 -1.178381 1.724522
v -0.007775 -1.176264 1.727409
v 0.000000 -1.244799 1.843572
v -0.007775 -1.241206 1.844017
v 0.000000 -1.178381 1.724522
v -0.008254 -1.177634 1.726586
v 0.000000 -1.244799 1.843572
v -0.008254 -1.242630 1.843147
v 0.000000 -1.178381 1.724522
v -0.008415 -1.179058 1.725732
v 0.000000 -1.244799 1.843572
v -0.008415 -1.244111 1.842246
v -0.008415 -1.179058 1.725732
v 0.000000 -1.178381 1.724522
v -0.008254 -1.180483 1.724880
v 0.000000 -1.244799 1.843572
v -0.008415 -1.244111 1.842246
v -0.008254 -1.245591 1.841348
v 0.000000 -1.178381 1.724522
v -0.007775 -1.181852 1.724062
v 0.000000 -1.244799 1.843572
v -0.007775 -1.247013 1.840488
v 0.000000 -1.178381 1.724522
v -0.006997 -1.183115 1.723309
v 0.000000 -1.244799 1.843572
v -0.006997 -1.248323 1.839697
v 0.000000 -1.178381 1.724522
v -0.005951 -1.184222 1.722651
v 0.000000 -1.244799 1.843572
v -0.005951 -1.249471 1.839007
v 0.000000 -1.178381 1.724522
v -0.004675 -1.185130 1.722111
v 0.000000 -1.244799 1.843572
v -0.004675 -1.250412 1.838443
v 0.000000 -1.178381 1.724522
v -0.003220 -1.185805 1.721709
v 0.000000 -1.244799 1.843572
v -0.003220 -1.251109 1.838027
v 0.000000 -1.178381 1.724522
v -0.001642 -1.186221 1.721462
v 0.000000 -1.244799 1.843572
v -0.001642 -1.251537 1.837774
v 0.000000 -1.178381 1.724522
v 0.000000 -1.244799 1.843572
v -0.000000 -1.186749 1.730872
v -0.000000 -1.186749 1.723352
v 0.001946 -1.186749 1.723609
v -0.000000 -0.839008 1.730872
v 0.001946 -0.839008 1.723609
v -0.000000 -0.839008 1.723352
v -0.000000 -1.186749 1.730872
v 0.001946 -1.186749 1.723609
v 0.003760 -1.186749 1.724360
v -0.000000 -0.839008 1.730872
v 0.003760 -0.839008 1.724360
v 0.001946 -0.839008 1.723609
v -0.000000 -1.186749 1.730872
v 0.003760 -1.186749 1.724360
v 0.005317 -1.186749 1.725555
v -0.000000 -0.839008 1.730872
v 0.005317 -0.839008 1.725555
v 0.003760 -0.839008 1.724360
v -0.000000 -1.186749 1.730872
v 0.005317 -1.186749 1.725555
v 0.006512 -1.186749 1.727112
v -0.000000 -0.839008 1.730872
v 0.006512 -0.839008 1.727112
v 0.005317 -0.839008 1.725555
v -0.000000 -1.186749 1.730872
v 0.006512 -1.186749 1.727112
v 0.007263 -1.186749 1.728926
v -0.000000 -0.839008 1.730872
v 0.007263 -0.839008 1.728925
v 0.006512 -0.839008 1.727112
v 0.007519 -1.186749 1.730872
v -0.000000 -0.839008 1.730872
v 0.007519 -0.839008 1.730872
v 0.007263 -0.839008 1.728925
v 0.007263 -1.186749 1.732818
v 0.007263 -0.839008 1.732818
v -0.000000 -1.186749 1.730872
v 0.007263 -1.186749 1.732818
v 0.006512 -1.186749 1.734632
v 0.006512 -0.839008 1.734631
v 0.006512 -1.186749 1.734632
v 0.005317 -1.186749 1.736189
v -0.000000 -0.839008 1.730872
v 0.005317 -0.839008 1.736189
v 0.006512 -0.839008 1.734631
v -0.000000 -1.186749 1.730872
v 0.005317 -1.186749 1.736189
v 0.003760 -1.186749 1.737384
v -0.000000 -0.839008 1.730872
v 0.003760 -0.839008 1.737384
v 0.005317 -0.839008 1.736189
v -0.000000 -1.186749 1.730872
v 0.003760 -1.186749 1.737384
v 0.001946 -1.186749 1.738135
v -0.000000 -0.839008 1.730872
v 0.001946 -0.839008 1.738135
v 0.003760 -0.839008 1.737384
v -0.000000 -1.186749 1.730872
v 0.001946 -1.186749 1.738135
v -0.000000 -1.186749 1.738391
v -0.000000 -0.839008 1.730872
v -0.000000 -0.839008 1.738391
v 0.001946 -0.839008 1.738135
v -0.000000 -1.186749 1.730872
v -0.000000 -1.186749 1.738391
v -0.001946 -1.186749 1.738135
v -0.000000 -0.839008 1.730872
v -0.001946 -0.839008 1.738135
v -0.000000 -0.839008 1.738391
v -0.000000 -1.186749 1.730872
v -0.001946 -1.186749 1.738135
v -0.003760 -1.186749 1.737384
v -0.000000 -0.839008 1.730872
v -0.003760 -0.839008 1.737384
v -0.001946 -0.839008 1.738135
v -0.000000 -1.186749 1.730872
v -0.003760 -1.186749 1.737384
v -0.005317 -1.186749 1.736189
v -0.000000 -0.839008 1.730872
v -0.005317 -0.839008 1.736189
v -0.003760 -0.839008 1.737384
v -0.000000 -1.186749 1.730872
v -0.005317 -1.186749 1.736189
v -0.006512 -1.186749 1.734632
v -0.000000 -0.839008 1.730872
v -0.006512 -0.839008 1.734631
v -0.005317 -0.839008 1.736189
v -0.000000 -1.186749 1.730872
v -0.006512 -1.186749 1.734632
v -0.007263 -1.186749 1.732818
v -0.007263 -0.839008 1.732818
v -0.006512 -0.839008 1.734631
v -0.007263 -1.186749 1.732818
v -0.007519 -1.186749 1.730872
v -0.007519 -0.839008 1.730872
v -0.007263 -1.186749 1.728926
v -0.007263 -0.839008 1.728925
v -0.006512 -1.186749 1.727112
v -0.000000 -0.839008 1.730872
v -0.006512 -0.839008 1.727112
v -0.007263 -0.839008 1.728925
v -0.000000 -1.186749 1.730872
v -0.006512 -1.186749 1.727112
v -0.005317 -1.186749 1.725555
v -0.000000 -0.839008 1.730872
v -0.005317 -0.839008 1.725555
v -0.006512 -0.839008 1.727112
v -0.000000 -1.186749 1.730872
v -0.005317 -1.186749 1.725555
v -0.003760 -1.186749 1.724360
v -0.000000 -0.839008 1.730872
v -0.003760 -0.839008 1.724360
v -0.005317 -0.839008 1.725555
v -0.000000 -1.186749 1.730872
v -0.003760 -1.186749 1.724360
v -0.001946 -1.186749 1.723609
v -0.001946 -0.839008 1.723609
v -0.003760 -0.839008 1.724360
v -0.000000 -1.186749 1.730872
v -0.001946 -1.186749 1.723609
v -0.000000 -1.186749 1.723352
v -0.000000 -0.839008 1.730872
v -0.000000 -0.839008 1.723352
v -0.001946 -0.839008 1.723609
v 0.000000 -1.186362 1.433300
v 0.000000 -1.178381 1.436443
v 0.001642 -1.186221 1.433383
v 0.000000 -1.244799 1.555493
v 0.000000 -1.251677 1.549615
v 0.001642 -1.251525 1.549712
v 0.000000 -1.178381 1.436443
v 0.003221 -1.185805 1.433631
v 0.000000 -1.244799 1.555493
v 0.003221 -1.251087 1.549981
v 0.000000 -1.178381 1.436443
v 0.004675 -1.185129 1.434033
v 0.000000 -1.244799 1.555493
v 0.004675 -1.250378 1.550413
v 0.000000 -1.178381 1.436443
v 0.005951 -1.184219 1.434575
v 0.000000 -1.244799 1.555493
v 0.005951 -1.249427 1.550992
v 0.000000 -1.178381 1.436443
v 0.006997 -1.183111 1.435236
v 0.000000 -1.244799 1.555493
v 0.006997 -1.248270 1.551697
v 0.000000 -1.178381 1.436443
v 0.007775 -1.181846 1.435992
v 0.000000 -1.244799 1.555493
v 0.007775 -1.246951 1.552499
v 0.000000 -1.178381 1.436443
v 0.008254 -1.180474 1.436814
v 0.000000 -1.244799 1.555493
v 0.008254 -1.245523 1.553368
v 0.000000 -1.178381 1.436443
v 0.008416 -1.179047 1.437670
v 0.000000 -1.244799 1.555493
v 0.008416 -1.244039 1.554272
v 0.000000 -1.244799 1.555493
v 0.008254 -1.242557 1.555175
v 0.000000 -1.178381 1.436443
v 0.008254 -1.177621 1.438527
v 0.000000 -1.178381 1.436443
v 0.007775 -1.176249 1.439353
v 0.000000 -1.244799 1.555493
v 0.007775 -1.241134 1.556043
v 0.000000 -1.178381 1.436443
v 0.006997 -1.174986 1.440114
v 0.000000 -1.244799 1.555493
v 0.006997 -1.239824 1.556841
v 0.000000 -1.178381 1.436443
v 0.005951 -1.173880 1.440781
v 0.000000 -1.244799 1.555493
v 0.005951 -1.238679 1.557539
v 0.000000 -1.178381 1.436443
v 0.004675 -1.172973 1.441328
v 0.000000 -1.244799 1.555493
v 0.004675 -1.237742 1.558109
v 0.000000 -1.178381 1.436443
v 0.003221 -1.172299 1.441734
v 0.000000 -1.244799 1.555493
v 0.003221 -1.237048 1.558528
v 0.000000 -1.178381 1.436443
v 0.001642 -1.171885 1.441982
v 0.000000 -1.244799 1.555493
v 0.001642 -1.236624 1.558782
v 0.000000 -1.178381 1.436443
v 0.000000 -1.171747 1.442064
v 0.000000 -1.244799 1.555493
v 0.000000 -1.236487 1.558859
v 0.000000 -1.178381 1.436443
v -0.001642 -1.171890 1.441975
v 0.000000 -1.244799 1.555493
v -0.001642 -1.236641 1.558757
v 0.000000 -1.178381 1.436443
v -0.003220 -1.172308 1.441721
v 0.000000 -1.244799 1.555493
v -0.003220 -1.237081 1.558480
v 0.000000 -1.178381 1.436443
v -0.004675 -1.172984 1.441310
v 0.000000 -1.244799 1.555493
v -0.004675 -1.237789 1.558040
v 0.000000 -1.178381 1.436443
v -0.005951 -1.173894 1.440759
v 0.000000 -1.244799 1.555493
v -0.005951 -1.238738 1.557454
v 0.000000 -1.178381 1.436443
v -0.006997 -1.175001 1.440090
v 0.000000 -1.244799 1.555493
v -0.006997 -1.239892 1.556744
v 0.000000 -1.178381 1.436443
v -0.007775 -1.176264 1.439330
v 0.000000 -1.244799 1.555493
v -0.007775 -1.241206 1.555938
v 0.000000 -1.178381 1.436443
v -0.008254 -1.177634 1.438507
v 0.000000 -1.244799 1.555493
v -0.008254 -1.242631 1.555068
v 0.000000 -1.178381 1.436443
v -0.008415 -1.179058 1.437653
v 0.000000 -1.244799 1.555493
v -0.008415 -1.244111 1.554167
v -0.008415 -1.179058 1.437653
v 0.000000 -1.178381 1.436443
v -0.008254 -1.180483 1.436801
v 0.000000 -1.244799 1.555493
v -0.008415 -1.244111 1.554167
v -0.008254 -1.245591 1.553269
v 0.000000 -1.178381 1.436443
v -0.007775 -1.181852 1.435983
v 0.000000 -1.244799 1.555493
v -0.007775 -1.247013 1.552409
v 0.000000 -1.178381 1.436443
v -0.006997 -1.183115 1.435230
v 0.000000 -1.244799 1.555493
v -0.006997 -1.248323 1.551618
v 0.000000 -1.178381 1.436443
v -0.005951 -1.184222 1.434572
v 0.000000 -1.244799 1.555493
v -0.005951 -1.249471 1.550928
v 0.000000 -1.178381 1.436443
v -0.004675 -1.185130 1.434031
v 0.000000 -1.244799 1.555493
v -0.004675 -1.250412 1.550364
v 0.000000 -1.178381 1.436443
v -0.003220 -1.185806 1.433630
v 0.000000 -1.244799 1.555493
v -0.003220 -1.251109 1.549948
v 0.000000 -1.178381 1.436443
v -0.001642 -1.186221 1.433383
v 0.000000 -1.244799 1.555493
v -0.001642 -1.251537 1.549695
v 0.000000 -1.178381 1.436443
v 0.000000 -1.244799 1.555493
v -0.000000 -1.186749 1.442793
v -0.000000 -1.186749 1.435273
v 0.001946 -1.186749 1.435530
v -0.000000 -0.839009 1.442793
v 0.001946 -0.839009 1.435529
v -0.000000 -0.839009 1.435273
v -0.000000 -1.186749 1.442793
v 0.001946 -1.186749 1.435530
v 0.003760 -1.186749 1.436281
v -0.000000 -0.839009 1.442793
v 0.003760 -0.839009 1.436281
v 0.001946 -0.839009 1.435529
v -0.000000 -1.186749 1.442793
v 0.003760 -1.186749 1.436281
v 0.005317 -1.186749 1.437476
v -0.000000 -0.839009 1.442793
v 0.005317 -0.839009 1.437476
v 0.003760 -0.839009 1.436281
v 0.006512 -1.186749 1.439033
v 0.006512 -0.839009 1.439033
v -0.000000 -1.186749 1.442793
v 0.006512 -1.186749 1.439033
v 0.007263 -1.186749 1.440847
v -0.000000 -0.839009 1.442793
v 0.007263 -0.839009 1.440846
v 0.006512 -0.839009 1.439033
v 0.007519 -1.186749 1.442793
v -0.000000 -0.839009 1.442793
v 0.007519 -0.839009 1.442793
v 0.007263 -0.839009 1.440846
v 0.007263 -1.186749 1.444739
v 0.007263 -0.839009 1.444739
v -0.000000 -1.186749 1.442793
v 0.007263 -1.186749 1.444739
v 0.006512 -1.186749 1.446553
v 0.006512 -0.839009 1.446552
v -0.000000 -1.186749 1.442793
v 0.006512 -1.186749 1.446553
v 0.005317 -1.186749 1.448110
v -0.000000 -0.839009 1.442793
v 0.005317 -0.839009 1.448110
v 0.006512 -0.839009 1.446552
v 0.003760 -1.186749 1.449305
v -0.000000 -0.839009 1.442793
v 0.003760 -0.839009 1.449305
v 0.005317 -0.839009 1.448110
v -0.000000 -1.186749 1.442793
v 0.003760 -1.186749 1.449305
v 0.001946 -1.186749 1.450056
v -0.000000 -0.839009 1.442793
v 0.001946 -0.839009 1.450056
v 0.003760 -0.839009 1.449305
v -0.000000 -1.186749 1.442793
v 0.001946 -1.186749 1.450056
v -0.000000 -1.186749 1.450312
v -0.000000 -0.839009 1.442793
v -0.000000 -0.839009 1.450312
v 0.001946 -0.839009 1.450056
v -0.000000 -1.186749 1.442793
v -0.000000 -1.186749 1.450312
v -0.001946 -1.186749 1.450056
v -0.000000 -0.839009 1.442793
v -0.001946 -0.839009 1.450056
v -0.000000 -0.839009 1.450312
v -0.000000 -1.186749 1.442793
v -0.001946 -1.186749 1.450056
v -0.003760 -1.186749 1.449305
v -0.000000 -0.839009 1.442793
v -0.003760 -0.839009 1.449305
v -0.001946 -0.839009 1.450056
v -0.000000 -1.186749 1.442793
v -0.003760 -1.186749 1.449305
v -0.005317 -1.186749 1.448110
v -0.005317 -0.839009 1.448110
v -0.003760 -0.839009 1.449305
v -0.000000 -1.186749 1.442793
v -0.005317 -1.186749 1.448110
v -0.006512 -1.186749 1.446553
v -0.000000 -0.839009 1.442793
v -0.006512 -0.839009 1.446552
v -0.005317 -0.839009 1.448110
v -0.000000 -1.186749 1.442793
v -0.006512 -1.186749 1.446553
v -0.007263 -1.186749 1.444739
v -0.007263 -0.839009 1.444739
v -0.006512 -0.839009 1.446552
v -0.007263 -1.186749 1.444739
v -0.007519 -1.186749 1.442793
v -0.007519 -0.839009 1.442793
v -0.007263 -1.186749 1.440847
v -0.007263 -0.839009 1.440846
v -0.006512 -1.186749 1.439033
v -0.000000 -0.839009 1.442793
v -0.006512 -0.839009 1.439033
v -0.007263 -0.839009 1.440846
v -0.006512 -1.186749 1.439033
v -0.005317 -1.186749 1.437476
v -0.000000 -0.839009 1.442793
v -0.005317 -0.839009 1.437476
v -0.006512 -0.839009 1.439033
v -0.000000 -1.186749 1.442793
v -0.005317 -1.186749 1.437476
v -0.003760 -1.186749 1.436281
v -0.000000 -0.839009 1.442793
v -0.003760 -0.839009 1.436281
v -0.005317 -0.839009 1.437476
v -0.003760 -1.186749 1.436281
v -0.001946 -1.186749 1.435530
v -0.001946 -0.839009 1.435529
v -0.003760 -0.839009 1.436281
v -0.000000 -1.186749 1.442793
v -0.001946 -1.186749 1.435530
v -0.000000 -1.186749 1.435273
v -0.000000 -0.839009 1.442793
v -0.000000 -0.839009 1.435273
v -0.001946 -0.839009 1.435529
v 0.000000 -1.215038 1.725757
v 0.000000 -1.205098 1.722186
v 0.004675 -1.204691 1.722424
v 0.005951 -1.214515 1.726062
v 0.000000 -1.262441 1.808450
v 0.000000 -1.262420 1.796327
v 0.006997 -1.261759 1.796727
v 0.005951 -1.261883 1.808791
v 0.000000 -1.224861 1.731289
v 0.006997 -1.224239 1.731649
v 0.000000 -1.260596 1.819698
v 0.004675 -1.260161 1.819967
v 0.000000 -1.234378 1.738975
v 0.007775 -1.233676 1.739382
v 0.000000 -1.256976 1.829597
v 0.003221 -1.256678 1.829784
v 0.000000 -1.243133 1.748514
v 0.008254 -1.242373 1.748957
v 0.000000 -1.250657 1.759480
v 0.008416 -1.249866 1.759943
v 0.000000 -1.256539 1.771400
v 0.008254 -1.255750 1.771864
v 0.000000 -1.195395 1.720655
v 0.003221 -1.195118 1.720819
v 0.000000 -1.260464 1.783813
v 0.007775 -1.259724 1.784255
v 0.006317 -1.194296 1.721304
v 0.009171 -1.203487 1.723131
v 0.015251 -1.257564 1.785527
v 0.013726 -1.259831 1.797871
v 0.011673 -1.212967 1.726964
v 0.011673 -1.260259 1.809763
v 0.013726 -1.222398 1.732720
v 0.009171 -1.258896 1.820730
v 0.015251 -1.231598 1.740590
v 0.006317 -1.255813 1.830310
v 0.016191 -1.240130 1.750261
v 0.016508 -1.247545 1.761294
v 0.016191 -1.253452 1.773207
v 0.022141 -1.228230 1.742559
v 0.023505 -1.236501 1.752383
v 0.009171 -1.254415 1.831156
v 0.023965 -1.243797 1.763488
v 0.023505 -1.249750 1.775381
v 0.009171 -1.192962 1.722093
v 0.022141 -1.254081 1.787584
v 0.013315 -1.201535 1.724279
v 0.019927 -1.256717 1.799722
v 0.016946 -1.210455 1.728433
v 0.016946 -1.257633 1.811333
v 0.019927 -1.219408 1.734467
v 0.013315 -1.256851 1.821960
v 0.028180 -1.249418 1.790356
v 0.025362 -1.252542 1.802214
v 0.016946 -1.198907 1.725831
v 0.021568 -1.207075 1.730422
v 0.021568 -1.254110 1.813446
v 0.025362 -1.215388 1.736833
v 0.016946 -1.254106 1.823614
v 0.028180 -1.223705 1.745225
v 0.011673 -1.252539 1.832292
v 0.029916 -1.231634 1.755253
v 0.030502 -1.238780 1.766451
v 0.029916 -1.244799 1.778314
v 0.011673 -1.191168 1.723157
v 0.013726 -1.250256 1.833676
v 0.035178 -1.225722 1.758774
v 0.035867 -1.232696 1.770083
v 0.035178 -1.238799 1.781903
v 0.013726 -1.188981 1.724457
v 0.033137 -1.243763 1.793745
v 0.019927 -1.195706 1.727730
v 0.029822 -1.247472 1.805260
v 0.025362 -1.202959 1.732861
v 0.025362 -1.249828 1.816026
v 0.029822 -1.210496 1.739736
v 0.019927 -1.250768 1.825631
v 0.033137 -1.218203 1.748497
v 0.022141 -1.192054 1.729909
v 0.028180 -1.198267 1.735660
v 0.033137 -1.241708 1.808750
v 0.028180 -1.244955 1.818979
v 0.033137 -1.204921 1.743073
v 0.022141 -1.246967 1.827937
v 0.036819 -1.211939 1.752260
v 0.015251 -1.247656 1.835255
v 0.039087 -1.218998 1.762823
v 0.039853 -1.225780 1.774257
v 0.039087 -1.231982 1.786023
v 0.015251 -1.186486 1.725946
v 0.036819 -1.237336 1.797633
v 0.041495 -1.211722 1.767256
v 0.042308 -1.218301 1.778824
v 0.041495 -1.224609 1.790527
v 0.016190 -1.183779 1.727568
v 0.039087 -1.230386 1.801877
v 0.023505 -1.188095 1.732285
v 0.035178 -1.235471 1.812557
v 0.029916 -1.193180 1.738719
v 0.029916 -1.239680 1.822195
v 0.035178 -1.198881 1.746724
v 0.023505 -1.242850 1.830444
v 0.039087 -1.205155 1.756380
v 0.016190 -1.244839 1.836970
v 0.035867 -1.229000 1.816537
v 0.030502 -1.234206 1.825554
v 0.030502 -1.187895 1.741922
v 0.035867 -1.192608 1.750552
v 0.023965 -1.238577 1.833058
v 0.039853 -1.198114 1.760703
v 0.016508 -1.241914 1.838755
v 0.042308 -1.204172 1.771911
v 0.043137 -1.210542 1.783617
v 0.042308 -1.216963 1.795248
v 0.016508 -1.180966 1.729260
v 0.039853 -1.223177 1.806322
v 0.023965 -1.183979 1.734769
v 0.042308 -1.202802 1.788455
v 0.041495 -1.209334 1.800009
v 0.016190 -1.178153 1.730958
v 0.039087 -1.215985 1.810799
v 0.023505 -1.179866 1.737266
v 0.035178 -1.222546 1.820541
v 0.029916 -1.182615 1.745146
v 0.029916 -1.228745 1.828925
v 0.035178 -1.186345 1.754410
v 0.023505 -1.234313 1.835679
v 0.039087 -1.191085 1.765065
v 0.016190 -1.238994 1.840541
v 0.041495 -1.196638 1.776610
v 0.028180 -1.223506 1.832178
v 0.022141 -1.230221 1.838202
v 0.033137 -1.180331 1.758146
v 0.036819 -1.184339 1.769295
v 0.015251 -1.236191 1.842259
v 0.039087 -1.189409 1.781168
v 0.039853 -1.195373 1.793148
v 0.039087 -1.202013 1.804623
v 0.015251 -1.175451 1.732595
v 0.036819 -1.209084 1.815132
v 0.022141 -1.175916 1.739676
v 0.033137 -1.216354 1.824410
v 0.028180 -1.177545 1.748264
v 0.013726 -1.172962 1.734107
v 0.035178 -1.195279 1.808906
v 0.033137 -1.202739 1.819150
v 0.019927 -1.172279 1.741905
v 0.029822 -1.210662 1.827989
v 0.025362 -1.172880 1.751149
v 0.025362 -1.218691 1.835181
v 0.029822 -1.174799 1.761608
v 0.019927 -1.226460 1.840529
v 0.033137 -1.178135 1.773218
v 0.013726 -1.233614 1.843841
v 0.035178 -1.182760 1.785400
v 0.035867 -1.188541 1.797506
v 0.025362 -1.169963 1.764652
v 0.028180 -1.172712 1.776669
v 0.016946 -1.223173 1.842564
v 0.011673 -1.231361 1.845224
v 0.029916 -1.176950 1.789126
v 0.030502 -1.182568 1.801346
v 0.029916 -1.189391 1.812677
v 0.011673 -1.170783 1.735433
v 0.028180 -1.197194 1.822682
v 0.016946 -1.169096 1.743861
v 0.025362 -1.205690 1.831129
v 0.021568 -1.168799 1.753684
v 0.021568 -1.214485 1.837812
v 0.023505 -1.184577 1.815772
v 0.022141 -1.192663 1.825577
v 0.009171 -1.168997 1.736520
v 0.013314 -1.166490 1.745465
v 0.019927 -1.201629 1.833697
v 0.016946 -1.165460 1.755761
v 0.016946 -1.211050 1.839960
v 0.019927 -1.166008 1.767146
v 0.013314 -1.220488 1.844226
v 0.022141 -1.168280 1.779497
v 0.009171 -1.229518 1.846354
v 0.023505 -1.172202 1.792181
v 0.023965 -1.177687 1.804496
v 0.009171 -1.218506 1.845446
v 0.006317 -1.228156 1.847184
v 0.015251 -1.165009 1.781576
v 0.016190 -1.168702 1.794423
v 0.016508 -1.174089 1.806809
v 0.016190 -1.181027 1.818046
v 0.006317 -1.167673 1.737325
v 0.015251 -1.189325 1.827699
v 0.009171 -1.164559 1.746651
v 0.013726 -1.198638 1.835578
v 0.011673 -1.162990 1.757294
v 0.011673 -1.208518 1.841535
v 0.013726 -1.163086 1.768983
v 0.003221 -1.166861 1.737816
v 0.004675 -1.163379 1.747370
v 0.007775 -1.187314 1.828947
v 0.006997 -1.196832 1.836689
v 0.005951 -1.161483 1.758218
v 0.005951 -1.206984 1.842470
v 0.006997 -1.161309 1.770083
v 0.004675 -1.217302 1.846175
v 0.007775 -1.163026 1.782813
v 0.003221 -1.227327 1.847683
v 0.008254 -1.166586 1.795749
v 0.008416 -1.171919 1.808169
v 0.008254 -1.178889 1.819383
v 0.000000 -1.162403 1.783155
v 0.000000 -1.165932 1.796100
v 0.000000 -1.227061 1.847831
v 0.000000 -1.171261 1.808513
v 0.000000 -1.178250 1.819710
v 0.000000 -1.166593 1.737973
v 0.000000 -1.186706 1.829263
v 0.000000 -1.162992 1.747593
v 0.000000 -1.196277 1.836983
v 0.000000 -1.160995 1.758495
v 0.000000 -1.206506 1.842729
v 0.000000 -1.160741 1.770401
v 0.000000 -1.216921 1.846385
v -0.007775 -1.187515 1.828647
v -0.006997 -1.196990 1.836455
v -0.004675 -1.163414 1.747313
v -0.005951 -1.161544 1.758117
v -0.005951 -1.207098 1.842303
v -0.006997 -1.161403 1.769928
v -0.004675 -1.217376 1.846067
v -0.007775 -1.163159 1.782596
v -0.003220 -1.227368 1.847623
v -0.008254 -1.166760 1.795471
v -0.008415 -1.172130 1.807842
v -0.008254 -1.179118 1.819039
v -0.003220 -1.166877 1.737791
v -0.006317 -1.228236 1.847068
v -0.016190 -1.169027 1.793906
v -0.016508 -1.174477 1.806208
v -0.016190 -1.181441 1.817428
v -0.006317 -1.167703 1.737278
v -0.015251 -1.189698 1.827146
v -0.009171 -1.164625 1.746544
v -0.013726 -1.198936 1.835139
v -0.011673 -1.163105 1.757105
v -0.011673 -1.208735 1.841218
v -0.013726 -1.163264 1.768692
v -0.009171 -1.218648 1.845240
v -0.015251 -1.165260 1.781170
v -0.019926 -1.202035 1.833102
v -0.016946 -1.211349 1.839523
v -0.016946 -1.165617 1.755505
v -0.019926 -1.166250 1.766752
v -0.013314 -1.220686 1.843938
v -0.022141 -1.168619 1.778950
v -0.009171 -1.229631 1.846190
v -0.023505 -1.172639 1.791490
v -0.023965 -1.178201 1.803704
v -0.023505 -1.185119 1.814963
v -0.009171 -1.169037 1.736455
v -0.022141 -1.193160 1.824842
v -0.013314 -1.166579 1.745321
v -0.030502 -1.183155 1.800447
v -0.029916 -1.190007 1.811762
v -0.011673 -1.170830 1.735358
v -0.028180 -1.197766 1.821841
v -0.016946 -1.169201 1.743694
v -0.025362 -1.206165 1.830435
v -0.021568 -1.168983 1.753387
v -0.021568 -1.214841 1.837293
v -0.025362 -1.170245 1.764197
v -0.016946 -1.223412 1.842218
v -0.028180 -1.173106 1.776039
v -0.011673 -1.231498 1.845024
v -0.029916 -1.177453 1.788336
v -0.025362 -1.173073 1.750841
v -0.029822 -1.175095 1.761136
v -0.025362 -1.219076 1.834622
v -0.019926 -1.226722 1.840148
v -0.033136 -1.178547 1.772566
v -0.013726 -1.233768 1.843617
v -0.035177 -1.183285 1.784584
v -0.035867 -1.189150 1.796580
v -0.035177 -1.195918 1.807959
v -0.013726 -1.173012 1.734028
v -0.033136 -1.203339 1.818271
v -0.019926 -1.172388 1.741731
v -0.029822 -1.211168 1.827252
v -0.039853 -1.195960 1.792260
v -0.039087 -1.202631 1.803710
v -0.015251 -1.175499 1.732520
v -0.036819 -1.209670 1.814277
v -0.022141 -1.176021 1.739511
v -0.033136 -1.216855 1.823681
v -0.028180 -1.177731 1.747971
v -0.028180 -1.223894 1.831615
v -0.033136 -1.180616 1.757697
v -0.022141 -1.230490 1.837812
v -0.036819 -1.184737 1.768672
v -0.015251 -1.236353 1.842025
v -0.039087 -1.189915 1.780388
v -0.029916 -1.229113 1.828391
v -0.023505 -1.234573 1.835300
v -0.035177 -1.186599 1.754013
v -0.039087 -1.191442 1.764512
v -0.016190 -1.239154 1.840308
v -0.041495 -1.197095 1.775911
v -0.042308 -1.203332 1.787655
v -0.041495 -1.209896 1.799179
v -0.016190 -1.178196 1.730893
v -0.039087 -1.216523 1.810012
v -0.023505 -1.179959 1.737122
v -0.035177 -1.223013 1.819861
v -0.029916 -1.182780 1.744889
v -0.016508 -1.181000 1.729208
v -0.042308 -1.217446 1.794534
v -0.039853 -1.223645 1.805637
v -0.023965 -1.184054 1.734654
v -0.035867 -1.229414 1.815935
v -0.030502 -1.188029 1.741715
v -0.030502 -1.234538 1.825071
v -0.035867 -1.192819 1.750227
v -0.023965 -1.238818 1.832709
v -0.039853 -1.198413 1.760244
v -0.016508 -1.242066 1.838534
v -0.042308 -1.204558 1.771325
v -0.043136 -1.210994 1.782938
v -0.039853 -1.198413 1.760244
v -0.035867 -1.192819 1.750227
v -0.035177 -1.199041 1.746479
v -0.039087 -1.205388 1.756025
v -0.016508 -1.242066 1.838534
v -0.023965 -1.238818 1.832709
v -0.023505 -1.243062 1.830136
v -0.016190 -1.244977 1.836769
v -0.042308 -1.204558 1.771325
v -0.041495 -1.212027 1.766795
v -0.043136 -1.210994 1.782938
v -0.042308 -1.218663 1.778280
v -0.042308 -1.217446 1.794534
v -0.041495 -1.225001 1.789945
v -0.016508 -1.181000 1.729208
v -0.016190 -1.183804 1.727530
v -0.039853 -1.223645 1.805637
v -0.039087 -1.230772 1.801310
v -0.023965 -1.184054 1.734654
v -0.023505 -1.188149 1.732202
v -0.035867 -1.229414 1.815935
v -0.035177 -1.235818 1.812049
v -0.030502 -1.188029 1.741715
v -0.029916 -1.193280 1.738566
v -0.030502 -1.234538 1.825071
v -0.029916 -1.239965 1.821780
v -0.039087 -1.232282 1.785575
v -0.036819 -1.237638 1.797186
v -0.015251 -1.186501 1.725923
v -0.022141 -1.192089 1.729856
v -0.033136 -1.241985 1.808342
v -0.028180 -1.198333 1.735560
v -0.028180 -1.245188 1.818637
v -0.033136 -1.205032 1.742905
v -0.022141 -1.247145 1.827676
v -0.036819 -1.212105 1.752007
v -0.015251 -1.247776 1.835079
v -0.039087 -1.219223 1.762483
v -0.039853 -1.226053 1.773846
v -0.019926 -1.250912 1.825421
v -0.013726 -1.250357 1.833529
v -0.033136 -1.218311 1.748333
v -0.035177 -1.225875 1.758542
v -0.035867 -1.232887 1.769793
v -0.035177 -1.239016 1.781577
v -0.013726 -1.188988 1.724446
v -0.033136 -1.243986 1.793412
v -0.019926 -1.195723 1.727704
v -0.029822 -1.247683 1.804949
v -0.025362 -1.202996 1.732804
v -0.025362 -1.250010 1.815758
v -0.029822 -1.210563 1.739634
v -0.028180 -1.249574 1.790121
v -0.025361 -1.252693 1.801989
v -0.016946 -1.198912 1.725823
v -0.021568 -1.207091 1.730399
v -0.021568 -1.254245 1.813247
v -0.025361 -1.215422 1.736781
v -0.016946 -1.254216 1.823452
v -0.028180 -1.223767 1.745130
v -0.011673 -1.252618 1.832176
v -0.029916 -1.231729 1.755108
v -0.030502 -1.238906 1.766261
v -0.029916 -1.244946 1.778091
v -0.011673 -1.191170 1.723153
v -0.009171 -1.254474 1.831070
v -0.023505 -1.236554 1.752301
v -0.023965 -1.243872 1.763373
v -0.023505 -1.249842 1.775240
v -0.009171 -1.192962 1.722093
v -0.022141 -1.254182 1.787430
v -0.013314 -1.201535 1.724279
v -0.019926 -1.256818 1.799569
v -0.016946 -1.210458 1.728429
v -0.016946 -1.257727 1.811195
v -0.019926 -1.219421 1.734448
v -0.013314 -1.256930 1.821844
v -0.022141 -1.228260 1.742512
v -0.009171 -1.203487 1.723131
v -0.011673 -1.212967 1.726964
v -0.013726 -1.259893 1.797778
v -0.011673 -1.260317 1.809677
v -0.013726 -1.222400 1.732716
v -0.009171 -1.258947 1.820655
v -0.015251 -1.231610 1.740571
v -0.006317 -1.255852 1.830253
v -0.016190 -1.240156 1.750220
v -0.016508 -1.247585 1.761232
v -0.016190 -1.253504 1.773126
v -0.006317 -1.194296 1.721304
v -0.015251 -1.257624 1.785436
v -0.008254 -1.242383 1.748942
v -0.008415 -1.249883 1.759916
v -0.008254 -1.255773 1.771828
v -0.003220 -1.195118 1.720819
v -0.007775 -1.259751 1.784214
v -0.004675 -1.204691 1.722424
v -0.006997 -1.261788 1.796683
v -0.005951 -1.214515 1.726062
v -0.005951 -1.261911 1.808750
v -0.006997 -1.224239 1.731649
v -0.004675 -1.260185 1.819931
v -0.007775 -1.233679 1.739377
v -0.003220 -1.256697 1.829756
v 0.003760 -0.899698 1.449305
v 0.003760 -0.839009 1.449305
v 0.003760 -0.839008 1.724360
v 0.003760 -0.899698 1.724360
v 0.001946 -0.899698 1.450056
v 0.003760 -0.899698 1.449305
v 0.003760 -0.899698 1.724360
v 0.001946 -0.899698 1.723609
v 0.003760 -0.899698 1.724360
v 0.003760 -0.839008 1.724360
v 0.005317 -0.839008 1.725555
v 0.005317 -0.899698 1.725555
v 0.005317 -0.899698 1.725555
v 0.005317 -0.839008 1.725555
v 0.006512 -0.839008 1.727112
v 0.006512 -0.899698 1.727112
v 0.006512 -0.899698 1.727112
v 0.006512 -0.839008 1.727112
v 0.007263 -0.839008 1.728925
v 0.007263 -0.899698 1.728926
v 0.007263 -0.899698 1.728926
v 0.007263 -0.839008 1.728925
v 0.007519 -0.839008 1.730872
v 0.007519 -0.899698 1.730872
v 0.007519 -0.899698 1.730872
v 0.007519 -0.839008 1.730872
v 0.007263 -0.839008 1.732818
v 0.007263 -0.899698 1.732818
v 0.007263 -0.899698 1.732818
v 0.007263 -0.839008 1.732818
v 0.006512 -0.839008 1.734631
v 0.006512 -0.899698 1.734631
v 0.006512 -0.899698 1.734631
v 0.006512 -0.839008 1.734631
v 0.005317 -0.839008 1.736189
v 0.005317 -0.899698 1.736189
v 0.005317 -0.899698 1.736189
v 0.005317 -0.839008 1.736189
v 0.003760 -0.839008 1.737384
v 0.003760 -0.899698 1.737384
v 0.003760 -0.899698 1.737384
v 0.003760 -0.839008 1.737384
v 0.001946 -0.839008 1.738135
v 0.001946 -0.899698 1.738135
v 0.001946 -0.899698 1.738135
v 0.001946 -0.839008 1.738135
v -0.000000 -0.839008 1.738391
v -0.000000 -0.899698 1.738391
v -0.000000 -0.899698 1.738391
v -0.000000 -0.839008 1.738391
v -0.001946 -0.839008 1.738135
v -0.001946 -0.899698 1.738135
v -0.001946 -0.899698 1.738135
v -0.001946 -0.839008 1.738135
v -0.003760 -0.839008 1.737384
v -0.003760 -0.899698 1.737384
v -0.003760 -0.899698 1.737384
v -0.003760 -0.839008 1.737384
v -0.005317 -0.839008 1.736189
v -0.005317 -0.899698 1.736189
v -0.005317 -0.899698 1.736189
v -0.005317 -0.839008 1.736189
v -0.006512 -0.839008 1.734631
v -0.006512 -0.899698 1.734631
v -0.006512 -0.899698 1.734631
v -0.006512 -0.839008 1.734631
v -0.007263 -0.839008 1.732818
v -0.007263 -0.899698 1.732818
v -0.007263 -0.899698 1.732818
v -0.007263 -0.839008 1.732818
v -0.007519 -0.839008 1.730872
v -0.007519 -0.899698 1.730872
v -0.007519 -0.899698 1.730872
v -0.007519 -0.839008 1.730872
v -0.007263 -0.839008 1.728925
v -0.007263 -0.899698 1.728926
v -0.007263 -0.899698 1.728926
v -0.007263 -0.839008 1.728925
v -0.006512 -0.839008 1.727112
v -0.006512 -0.899698 1.727112
v -0.006512 -0.899698 1.727112
v -0.006512 -0.839008 1.727112
v -0.005317 -0.839008 1.725555
v -0.005317 -0.899698 1.725555
v -0.005317 -0.899698 1.725555
v -0.005317 -0.839008 1.725555
v -0.003760 -0.839008 1.724360
v -0.003760 -0.899698 1.724360
v -0.000000 -0.899698 1.450312
v 0.001946 -0.899698 1.450056
v 0.001946 -0.899698 1.723609
v -0.000000 -0.899698 1.723352
v -0.001946 -0.899698 1.450056
v -0.000000 -0.899698 1.450312
v -0.000000 -0.899698 1.723352
v -0.001946 -0.899698 1.723609
v 0.000000 -1.215038 1.437678
v 0.000000 -1.205098 1.434107
v 0.004675 -1.204691 1.434345
v 0.005951 -1.214515 1.437983
v 0.000000 -1.262441 1.520371
v 0.000000 -1.262420 1.508248
v 0.006997 -1.261759 1.508648
v 0.005951 -1.261883 1.520712
v 0.000000 -1.224862 1.443210
v 0.006997 -1.224240 1.443570
v 0.000000 -1.260596 1.531619
v 0.004675 -1.260161 1.531888
v 0.000000 -1.234378 1.450896
v 0.007775 -1.233676 1.451303
v 0.000000 -1.256976 1.541518
v 0.003221 -1.256678 1.541705
v 0.000000 -1.243134 1.460435
v 0.008254 -1.242373 1.460878
v 0.000000 -1.250658 1.471401
v 0.008416 -1.249866 1.471864
v 0.000000 -1.256539 1.483321
v 0.008254 -1.255750 1.483785
v 0.000000 -1.195395 1.432576
v 0.003221 -1.195118 1.432740
v 0.000000 -1.260464 1.495734
v 0.007775 -1.259724 1.496176
v 0.006317 -1.194296 1.433225
v 0.009171 -1.203488 1.435052
v 0.015251 -1.257565 1.497447
v 0.013726 -1.259832 1.509792
v 0.011673 -1.212967 1.438885
v 0.011673 -1.260259 1.521684
v 0.013726 -1.222398 1.444641
v 0.009171 -1.258896 1.532651
v 0.015251 -1.231598 1.452511
v 0.006317 -1.255813 1.542231
v 0.016191 -1.240131 1.462182
v 0.016508 -1.247545 1.473215
v 0.016191 -1.253452 1.485128
v 0.022141 -1.228230 1.454480
v 0.023505 -1.236501 1.464303
v 0.009171 -1.254415 1.543077
v 0.023965 -1.243797 1.475409
v 0.023505 -1.249750 1.487302
v 0.009171 -1.192962 1.434014
v 0.022141 -1.254081 1.499505
v 0.013315 -1.201535 1.436200
v 0.019927 -1.256717 1.511643
v 0.016946 -1.210455 1.440354
v 0.016946 -1.257633 1.523254
v 0.019927 -1.219408 1.446388
v 0.013315 -1.256851 1.533881
v 0.028180 -1.249418 1.502277
v 0.025362 -1.252542 1.514135
v 0.016946 -1.198907 1.437752
v 0.021568 -1.207075 1.442343
v 0.021568 -1.254110 1.525367
v 0.025362 -1.215388 1.448754
v 0.016946 -1.254106 1.535535
v 0.028180 -1.223705 1.457146
v 0.011673 -1.252539 1.544213
v 0.029916 -1.231634 1.467174
v 0.030502 -1.238781 1.478372
v 0.029916 -1.244800 1.490235
v 0.011673 -1.191168 1.435077
v 0.013726 -1.250256 1.545597
v 0.035178 -1.225722 1.470695
v 0.035867 -1.232696 1.482004
v 0.035178 -1.238799 1.493824
v 0.013726 -1.188981 1.436378
v 0.033137 -1.243763 1.505666
v 0.019927 -1.195706 1.439651
v 0.029822 -1.247473 1.517181
v 0.025362 -1.202959 1.444782
v 0.025362 -1.249828 1.527947
v 0.029822 -1.210496 1.451657
v 0.019927 -1.250768 1.537552
v 0.033137 -1.218203 1.460418
v 0.022141 -1.192055 1.441830
v 0.028180 -1.198267 1.447581
v 0.033137 -1.241708 1.520671
v 0.028180 -1.244955 1.530900
v 0.033137 -1.204922 1.454994
v 0.022141 -1.246967 1.539858
v 0.036819 -1.211939 1.464181
v 0.015251 -1.247656 1.547176
v 0.039087 -1.218998 1.474744
v 0.039853 -1.225780 1.486178
v 0.039087 -1.231982 1.497944
v 0.015251 -1.186486 1.437867
v 0.036819 -1.237336 1.509554
v 0.041495 -1.211722 1.479177
v 0.042308 -1.218301 1.490745
v 0.041495 -1.224609 1.502448
v 0.016190 -1.183779 1.439489
v 0.039087 -1.230386 1.513798
v 0.023505 -1.188095 1.444206
v 0.035178 -1.235471 1.524478
v 0.029916 -1.193180 1.450640
v 0.029916 -1.239680 1.534116
v 0.035178 -1.198881 1.458645
v 0.023505 -1.242850 1.542365
v 0.039087 -1.205156 1.468301
v 0.016190 -1.244839 1.548891
v 0.035867 -1.229001 1.528458
v 0.030502 -1.234206 1.537475
v 0.030502 -1.187895 1.453843
v 0.035867 -1.192608 1.462473
v 0.023965 -1.238577 1.544979
v 0.039853 -1.198114 1.472624
v 0.016508 -1.241914 1.550676
v 0.042308 -1.204172 1.483832
v 0.043137 -1.210543 1.495538
v 0.042308 -1.216963 1.507169
v 0.016508 -1.180966 1.441181
v 0.039853 -1.223177 1.518243
v 0.023965 -1.183979 1.446690
v 0.042308 -1.202802 1.500376
v 0.041495 -1.209334 1.511930
v 0.016190 -1.178153 1.442879
v 0.039087 -1.215985 1.522720
v 0.023505 -1.179866 1.449187
v 0.035178 -1.222546 1.532462
v 0.029916 -1.182615 1.457067
v 0.029916 -1.228745 1.540846
v 0.035178 -1.186345 1.466331
v 0.023505 -1.234313 1.547600
v 0.039087 -1.191085 1.476986
v 0.016190 -1.238994 1.552462
v 0.041495 -1.196638 1.488531
v 0.028180 -1.223506 1.544099
v 0.022141 -1.230221 1.550123
v 0.033137 -1.180331 1.470067
v 0.036819 -1.184339 1.481216
v 0.015251 -1.236191 1.554180
v 0.039087 -1.189409 1.493089
v 0.039853 -1.195373 1.505069
v 0.039087 -1.202013 1.516544
v 0.015251 -1.175451 1.444516
v 0.036819 -1.209084 1.527053
v 0.022141 -1.175916 1.451597
v 0.033137 -1.216354 1.536331
v 0.028180 -1.177545 1.460185
v 0.013726 -1.172962 1.446028
v 0.035178 -1.195279 1.520827
v 0.033137 -1.202739 1.531071
v 0.019927 -1.172279 1.453826
v 0.029822 -1.210662 1.539910
v 0.025362 -1.172880 1.463070
v 0.025362 -1.218691 1.547102
v 0.029822 -1.174799 1.473529
v 0.019927 -1.226460 1.552450
v 0.033137 -1.178135 1.485139
v 0.013726 -1.233614 1.555762
v 0.035178 -1.182760 1.497321
v 0.035867 -1.188541 1.509427
v 0.025362 -1.169963 1.476573
v 0.028180 -1.172712 1.488590
v 0.016946 -1.223173 1.554485
v 0.011673 -1.231361 1.557145
v 0.029916 -1.176950 1.501047
v 0.030502 -1.182568 1.513267
v 0.029916 -1.189391 1.524598
v 0.011673 -1.170783 1.447354
v 0.028180 -1.197194 1.534603
v 0.016946 -1.169096 1.455782
v 0.025362 -1.205690 1.543050
v 0.021568 -1.168799 1.465605
v 0.021568 -1.214485 1.549733
v 0.023505 -1.184577 1.527693
v 0.022141 -1.192663 1.537498
v 0.009171 -1.168997 1.448441
v 0.013314 -1.166490 1.457386
v 0.019927 -1.201629 1.545618
v 0.016946 -1.165460 1.467682
v 0.016946 -1.211050 1.551881
v 0.019927 -1.166008 1.479067
v 0.013314 -1.220488 1.556147
v 0.022141 -1.168280 1.491418
v 0.009171 -1.229518 1.558275
v 0.023505 -1.172202 1.504102
v 0.023965 -1.177687 1.516417
v 0.009171 -1.218506 1.557367
v 0.006317 -1.228156 1.559105
v 0.015251 -1.165010 1.493497
v 0.016190 -1.168702 1.506344
v 0.016508 -1.174089 1.518730
v 0.016190 -1.181028 1.529967
v 0.006317 -1.167673 1.449246
v 0.015251 -1.189325 1.539620
v 0.009171 -1.164560 1.458572
v 0.013726 -1.198638 1.547499
v 0.011673 -1.162990 1.469215
v 0.011673 -1.208518 1.553456
v 0.013726 -1.163086 1.480904
v 0.003221 -1.166861 1.449737
v 0.004675 -1.163379 1.459291
v 0.007775 -1.187314 1.540868
v 0.006997 -1.196832 1.548610
v 0.005951 -1.161483 1.470139
v 0.005951 -1.206984 1.554391
v 0.006997 -1.161309 1.482004
v 0.004675 -1.217302 1.558096
v 0.007775 -1.163026 1.494734
v 0.003221 -1.227327 1.559604
v 0.008254 -1.166586 1.507670
v 0.008416 -1.171919 1.520090
v 0.008254 -1.178889 1.531304
v 0.000000 -1.162403 1.495076
v 0.000000 -1.165932 1.508021
v 0.000000 -1.227061 1.559752
v 0.000000 -1.171261 1.520434
v 0.000000 -1.178250 1.531631
v 0.000000 -1.166593 1.449894
v 0.000000 -1.186706 1.541184
v 0.000000 -1.162992 1.459514
v 0.000000 -1.196277 1.548904
v 0.000000 -1.160995 1.470416
v 0.000000 -1.206506 1.554650
v 0.000000 -1.160741 1.482322
v 0.000000 -1.216921 1.558305
v -0.007775 -1.187515 1.540568
v -0.006997 -1.196990 1.548376
v -0.004675 -1.163414 1.459234
v -0.005951 -1.161544 1.470038
v -0.005951 -1.207098 1.554224
v -0.006997 -1.161403 1.481849
v -0.004675 -1.217376 1.557988
v -0.007775 -1.163159 1.494517
v -0.003220 -1.227368 1.559544
v -0.008254 -1.166760 1.507392
v -0.008415 -1.172130 1.519763
v -0.008254 -1.179118 1.530960
v -0.003220 -1.166877 1.449712
v -0.006317 -1.228236 1.558989
v -0.016190 -1.169027 1.505827
v -0.016508 -1.174477 1.518129
v -0.016190 -1.181441 1.529349
v -0.006317 -1.167703 1.449199
v -0.015251 -1.189698 1.539067
v -0.009171 -1.164625 1.458465
v -0.013726 -1.198936 1.547060
v -0.011673 -1.163105 1.469026
v -0.011673 -1.208735 1.553139
v -0.013726 -1.163264 1.480613
v -0.009171 -1.218648 1.557161
v -0.015251 -1.165260 1.493091
v -0.019926 -1.202035 1.545022
v -0.016946 -1.211350 1.551444
v -0.016946 -1.165617 1.467426
v -0.019926 -1.166250 1.478673
v -0.013314 -1.220686 1.555859
v -0.022141 -1.168619 1.490871
v -0.009171 -1.229631 1.558111
v -0.023505 -1.172639 1.503411
v -0.023965 -1.178201 1.515625
v -0.023505 -1.185119 1.526884
v -0.009171 -1.169038 1.448376
v -0.022141 -1.193160 1.536763
v -0.013314 -1.166579 1.457242
v -0.030502 -1.183155 1.512368
v -0.029916 -1.190007 1.523683
v -0.011673 -1.170830 1.447278
v -0.028180 -1.197766 1.533762
v -0.016946 -1.169201 1.455615
v -0.025362 -1.206165 1.542356
v -0.021568 -1.168983 1.465308
v -0.021568 -1.214841 1.549214
v -0.025362 -1.170245 1.476118
v -0.016946 -1.223413 1.554139
v -0.028180 -1.173106 1.487960
v -0.011673 -1.231498 1.556945
v -0.029916 -1.177453 1.500257
v -0.025362 -1.173073 1.462762
v -0.029822 -1.175095 1.473057
v -0.025362 -1.219076 1.546543
v -0.019926 -1.226722 1.552069
v -0.033136 -1.178547 1.484487
v -0.013726 -1.233768 1.555538
v -0.035177 -1.183285 1.496505
v -0.035867 -1.189150 1.508501
v -0.035177 -1.195918 1.519880
v -0.013726 -1.173012 1.445949
v -0.033136 -1.203339 1.530192
v -0.019926 -1.172388 1.453652
v -0.029822 -1.211168 1.539173
v -0.039853 -1.195960 1.504181
v -0.039087 -1.202631 1.515631
v -0.015251 -1.175499 1.444441
v -0.036819 -1.209670 1.526198
v -0.022141 -1.176021 1.451432
v -0.033136 -1.216855 1.535602
v -0.028180 -1.177731 1.459892
v -0.028180 -1.223894 1.543536
v -0.033136 -1.180616 1.469617
v -0.022141 -1.230490 1.549733
v -0.036819 -1.184737 1.480593
v -0.015251 -1.236353 1.553946
v -0.039087 -1.189915 1.492309
v -0.029916 -1.229113 1.540312
v -0.023505 -1.234573 1.547221
v -0.035177 -1.186599 1.465934
v -0.039087 -1.191443 1.476433
v -0.016190 -1.239154 1.552229
v -0.041495 -1.197095 1.487832
v -0.042308 -1.203332 1.499576
v -0.041495 -1.209897 1.511100
v -0.016190 -1.178196 1.442814
v -0.039087 -1.216523 1.521933
v -0.023505 -1.179959 1.449043
v -0.035177 -1.223013 1.531782
v -0.029916 -1.182780 1.456810
v -0.016508 -1.181000 1.441129
v -0.042308 -1.217446 1.506455
v -0.039853 -1.223645 1.517558
v -0.023965 -1.184054 1.446575
v -0.035867 -1.229414 1.527856
v -0.030502 -1.188029 1.453636
v -0.030502 -1.234538 1.536992
v -0.035867 -1.192819 1.462148
v -0.023965 -1.238818 1.544630
v -0.039853 -1.198413 1.472165
v -0.016508 -1.242066 1.550455
v -0.042308 -1.204558 1.483245
v -0.043136 -1.210994 1.494859
v -0.039853 -1.198413 1.472165
v -0.035867 -1.192819 1.462148
v -0.035177 -1.199041 1.458400
v -0.039087 -1.205388 1.467946
v -0.016508 -1.242066 1.550455
v -0.023965 -1.238818 1.544630
v -0.023505 -1.243062 1.542057
v -0.016190 -1.244977 1.548690
v -0.042308 -1.204558 1.483245
v -0.041495 -1.212027 1.478716
v -0.043136 -1.210994 1.494859
v -0.042308 -1.218663 1.490201
v -0.042308 -1.217446 1.506455
v -0.041495 -1.225001 1.501866
v -0.016508 -1.181000 1.441129
v -0.016190 -1.183804 1.439451
v -0.039853 -1.223645 1.517558
v -0.039087 -1.230772 1.513231
v -0.023965 -1.184054 1.446575
v -0.023505 -1.188149 1.444123
v -0.035867 -1.229414 1.527856
v -0.035177 -1.235818 1.523970
v -0.030502 -1.188029 1.453636
v -0.029916 -1.193280 1.450487
v -0.030502 -1.234538 1.536992
v -0.029916 -1.239965 1.533701
v -0.039087 -1.232282 1.497496
v -0.036819 -1.237639 1.509107
v -0.015251 -1.186502 1.437844
v -0.022141 -1.192089 1.441777
v -0.033136 -1.241985 1.520263
v -0.028180 -1.198333 1.447481
v -0.028180 -1.245188 1.530558
v -0.033136 -1.205032 1.454826
v -0.022141 -1.247146 1.539597
v -0.036819 -1.212105 1.463928
v -0.015251 -1.247776 1.547000
v -0.039087 -1.219223 1.474404
v -0.039853 -1.226053 1.485767
v -0.019926 -1.250912 1.537341
v -0.013726 -1.250357 1.545450
v -0.033136 -1.218311 1.460254
v -0.035177 -1.225875 1.470463
v -0.035867 -1.232887 1.481714
v -0.035177 -1.239016 1.493498
v -0.013726 -1.188988 1.436367
v -0.033136 -1.243987 1.505333
v -0.019926 -1.195723 1.439625
v -0.029822 -1.247683 1.516870
v -0.025362 -1.202997 1.444725
v -0.025362 -1.250010 1.527679
v -0.029822 -1.210563 1.451555
v -0.028180 -1.249574 1.502042
v -0.025361 -1.252693 1.513910
v -0.016946 -1.198913 1.437744
v -0.021568 -1.207091 1.442320
v -0.021568 -1.254245 1.525168
v -0.025361 -1.215423 1.448702
v -0.016946 -1.254216 1.535373
v -0.028180 -1.223767 1.457051
v -0.011673 -1.252619 1.544097
v -0.029916 -1.231729 1.467029
v -0.030502 -1.238906 1.478181
v -0.029916 -1.244946 1.490012
v -0.011673 -1.191170 1.435074
v -0.009171 -1.254474 1.542991
v -0.023505 -1.236555 1.464222
v -0.023965 -1.243872 1.475294
v -0.023505 -1.249842 1.487161
v -0.009171 -1.192962 1.434014
v -0.022141 -1.254182 1.499351
v -0.013314 -1.201535 1.436200
v -0.019926 -1.256818 1.511490
v -0.016946 -1.210458 1.440350
v -0.016946 -1.257727 1.523116
v -0.019926 -1.219421 1.446369
v -0.013314 -1.256930 1.533765
v -0.022141 -1.228260 1.454433
v -0.009171 -1.203488 1.435052
v -0.011673 -1.212967 1.438885
v -0.013726 -1.259893 1.509699
v -0.011673 -1.260317 1.521598
v -0.013726 -1.222400 1.444637
v -0.009171 -1.258947 1.532576
v -0.015251 -1.231610 1.452492
v -0.006317 -1.255852 1.542174
v -0.016190 -1.240157 1.462141
v -0.016508 -1.247585 1.473153
v -0.016190 -1.253504 1.485047
v -0.006317 -1.194296 1.433225
v -0.015251 -1.257624 1.497357
v -0.008254 -1.242383 1.460863
v -0.008415 -1.249883 1.471837
v -0.008254 -1.255773 1.483749
v -0.003220 -1.195118 1.432740
v -0.007775 -1.259751 1.496135
v -0.004675 -1.204691 1.434345
v -0.006997 -1.261788 1.508604
v -0.005951 -1.214515 1.437983
v -0.005951 -1.261911 1.520671
v -0.006997 -1.224240 1.443570
v -0.004675 -1.260185 1.531851
v -0.007775 -1.233679 1.451298
v -0.003220 -1.256697 1.541676
v -0.000000 -0.899698 1.435273
v -0.000000 -0.839009 1.435273
v 0.001946 -0.839009 1.435529
v 0.001946 -0.899698 1.435530
v 0.001946 -0.899698 1.435530
v 0.001946 -0.839009 1.435529
v 0.003760 -0.839009 1.436281
v 0.003760 -0.899698 1.436281
v 0.003760 -0.899698 1.436281
v 0.003760 -0.839009 1.436281
v 0.005317 -0.839009 1.437476
v 0.005317 -0.899698 1.437476
v 0.005317 -0.899698 1.437476
v 0.005317 -0.839009 1.437476
v 0.006512 -0.839009 1.439033
v 0.006512 -0.899698 1.439033
v 0.006512 -0.899698 1.439033
v 0.006512 -0.839009 1.439033
v 0.007263 -0.839009 1.440846
v 0.007263 -0.899698 1.440846
v 0.007263 -0.899698 1.440846
v 0.007263 -0.839009 1.440846
v 0.007519 -0.839009 1.442793
v 0.007519 -0.899698 1.442793
v 0.007519 -0.899698 1.442793
v 0.007519 -0.839009 1.442793
v 0.007263 -0.839009 1.444739
v 0.007263 -0.899698 1.444739
v 0.007263 -0.899698 1.444739
v 0.007263 -0.839009 1.444739
v 0.006512 -0.839009 1.446552
v 0.006512 -0.899698 1.446552
v 0.006512 -0.899698 1.446552
v 0.006512 -0.839009 1.446552
v 0.005317 -0.839009 1.448110
v 0.005317 -0.899698 1.448110
v 0.005317 -0.899698 1.448110
v 0.005317 -0.839009 1.448110
v 0.003760 -0.839009 1.449305
v 0.003760 -0.899698 1.449305
v -0.003760 -0.899698 1.449305
v -0.001946 -0.899698 1.450056
v -0.001946 -0.899698 1.723609
v -0.003760 -0.899698 1.724360
v -0.003760 -0.839009 1.449305
v -0.003760 -0.899698 1.449305
v -0.003760 -0.899698 1.724360
v -0.003760 -0.839008 1.724360
v -0.001946 -0.839009 1.450056
v -0.003760 -0.839009 1.449305
v -0.003760 -0.839008 1.724360
v -0.001946 -0.839008 1.723609
v -0.000000 -0.839009 1.450312
v -0.001946 -0.839009 1.450056
v -0.001946 -0.839008 1.723609
v -0.000000 -0.839008 1.723352
v -0.003760 -0.899698 1.449305
v -0.003760 -0.839009 1.449305
v -0.005317 -0.839009 1.448110
v -0.005317 -0.899698 1.448110
v -0.005317 -0.899698 1.448110
v -0.005317 -0.839009 1.448110
v -0.006512 -0.839009 1.446552
v -0.006512 -0.899698 1.446552
v -0.006512 -0.899698 1.446552
v -0.006512 -0.839009 1.446552
v -0.007263 -0.839009 1.444739
v -0.007263 -0.899698 1.444739
v -0.007263 -0.899698 1.444739
v -0.007263 -0.839009 1.444739
v -0.007519 -0.839009 1.442793
v -0.007519 -0.899698 1.442793
v -0.007519 -0.899698 1.442793
v -0.007519 -0.839009 1.442793
v -0.007263 -0.839009 1.440846
v -0.007263 -0.899698 1.440846
v -0.007263 -0.899698 1.440846
v -0.007263 -0.839009 1.440846
v -0.006512 -0.839009 1.439033
v -0.006512 -0.899698 1.439033
v -0.006512 -0.899698 1.439033
v -0.006512 -0.839009 1.439033
v -0.005317 -0.839009 1.437476
v -0.005317 -0.899698 1.437476
v -0.005317 -0.899698 1.437476
v -0.005317 -0.839009 1.437476
v -0.003760 -0.839009 1.436281
v -0.003760 -0.899698 1.436281
v -0.003760 -0.899698 1.436281
v -0.003760 -0.839009 1.436281
v -0.001946 -0.839009 1.435529
v -0.001946 -0.899698 1.435530
v -0.001946 -0.899698 1.435530
v -0.001946 -0.839009 1.435529
v -0.000000 -0.839009 1.435273
v -0.000000 -0.899698 1.435273
v -0.001946 -1.186749 1.723609
v -0.001946 -0.899698 1.723609
v -0.000000 -0.899698 1.723352
v -0.000000 -1.186749 1.723352
v -0.003760 -1.186749 1.724360
v -0.003760 -0.899698 1.724360
v -0.001946 -0.899698 1.723609
v -0.001946 -1.186749 1.723609
v -0.005317 -1.186749 1.725555
v -0.005317 -0.899698 1.725555
v -0.003760 -0.899698 1.724360
v -0.003760 -1.186749 1.724360
v -0.006512 -1.186749 1.727112
v -0.006512 -0.899698 1.727112
v -0.005317 -0.899698 1.725555
v -0.005317 -1.186749 1.725555
v -0.007263 -1.186749 1.728926
v -0.007263 -0.899698 1.728926
v -0.006512 -0.899698 1.727112
v -0.006512 -1.186749 1.727112
v -0.007519 -1.186749 1.730872
v -0.007263 -1.186749 1.728926
v -0.007263 -1.186749 1.732818
v -0.007263 -0.899698 1.732818
v -0.007519 -0.899698 1.730872
v -0.007519 -1.186749 1.730872
v -0.006512 -1.186749 1.734632
v -0.006512 -0.899698 1.734631
v -0.007263 -0.899698 1.732818
v -0.007263 -1.186749 1.732818
v -0.005317 -1.186749 1.736189
v -0.005317 -0.899698 1.736189
v -0.006512 -0.899698 1.734631
v -0.006512 -1.186749 1.734632
v -0.003760 -1.186749 1.737384
v -0.003760 -0.899698 1.737384
v -0.005317 -0.899698 1.736189
v -0.005317 -1.186749 1.736189
v -0.001946 -1.186749 1.738135
v -0.001946 -0.899698 1.738135
v -0.003760 -0.899698 1.737384
v -0.003760 -1.186749 1.737384
v -0.000000 -1.186749 1.738391
v -0.000000 -0.899698 1.738391
v -0.001946 -0.899698 1.738135
v -0.001946 -1.186749 1.738135
v 0.001946 -1.186749 1.738135
v 0.001946 -0.899698 1.738135
v -0.000000 -0.899698 1.738391
v -0.000000 -1.186749 1.738391
v 0.003760 -1.186749 1.737384
v 0.003760 -0.899698 1.737384
v 0.001946 -0.899698 1.738135
v 0.001946 -1.186749 1.738135
v 0.005317 -1.186749 1.736189
v 0.003760 -1.186749 1.737384
v 0.006512 -1.186749 1.734632
v 0.006512 -0.899698 1.734631
v 0.005317 -0.899698 1.736189
v 0.005317 -1.186749 1.736189
v 0.007263 -1.186749 1.732818
v 0.007263 -0.899698 1.732818
v 0.006512 -0.899698 1.734631
v 0.006512 -1.186749 1.734632
v 0.007519 -1.186749 1.730872
v 0.007519 -0.899698 1.730872
v 0.007263 -0.899698 1.732818
v 0.007263 -1.186749 1.732818
v 0.007263 -1.186749 1.728926
v 0.007519 -1.186749 1.730872
v 0.006512 -1.186749 1.727112
v 0.006512 -0.899698 1.727112
v 0.007263 -0.899698 1.728926
v 0.007263 -1.186749 1.728926
v 0.005317 -1.186749 1.725555
v 0.005317 -0.899698 1.725555
v 0.006512 -0.899698 1.727112
v 0.006512 -1.186749 1.727112
v 0.003760 -1.186749 1.724360
v 0.005317 -1.186749 1.725555
v 0.001946 -1.186749 1.723609
v 0.001946 -0.899698 1.723609
v 0.003760 -0.899698 1.724360
v 0.003760 -1.186749 1.724360
v -0.000000 -1.186749 1.723352
v -0.000000 -0.899698 1.723352
v 0.001946 -0.899698 1.723609
v 0.001946 -1.186749 1.723609
v -0.001946 -1.186749 1.435530
v -0.001946 -0.899698 1.435530
v -0.000000 -0.899698 1.435273
v -0.000000 -1.186749 1.435273
v -0.003760 -1.186749 1.436281
v -0.003760 -0.899698 1.436281
v -0.001946 -0.899698 1.435530
v -0.001946 -1.186749 1.435530
v -0.005317 -1.186749 1.437476
v -0.005317 -0.899698 1.437476
v -0.003760 -0.899698 1.436281
v -0.003760 -1.186749 1.436281
v -0.006512 -1.186749 1.439033
v -0.006512 -0.899698 1.439033
v -0.005317 -0.899698 1.437476
v -0.005317 -1.186749 1.437476
v -0.007263 -1.186749 1.440847
v -0.007263 -0.899698 1.440846
v -0.006512 -0.899698 1.439033
v -0.006512 -1.186749 1.439033
v -0.007519 -1.186749 1.442793
v -0.007263 -1.186749 1.440847
v -0.007263 -1.186749 1.444739
v -0.007263 -0.899698 1.444739
v -0.007519 -0.899698 1.442793
v -0.007519 -1.186749 1.442793
v -0.006512 -1.186749 1.446553
v -0.006512 -0.899698 1.446552
v -0.007263 -0.899698 1.444739
v -0.007263 -1.186749 1.444739
v -0.005317 -1.186749 1.448110
v -0.005317 -0.899698 1.448110
v -0.006512 -0.899698 1.446552
v -0.006512 -1.186749 1.446553
v -0.003760 -1.186749 1.449305
v -0.003760 -0.899698 1.449305
v -0.005317 -0.899698 1.448110
v -0.005317 -1.186749 1.448110
v -0.001946 -1.186749 1.450056
v -0.001946 -0.899698 1.450056
v -0.003760 -0.899698 1.449305
v -0.003760 -1.186749 1.449305
v -0.000000 -1.186749 1.450312
v -0.000000 -0.899698 1.450312
v -0.001946 -0.899698 1.450056
v -0.001946 -1.186749 1.450056
v 0.001946 -1.186749 1.450056
v 0.001946 -0.899698 1.450056
v -0.000000 -0.899698 1.450312
v -0.000000 -1.186749 1.450312
v 0.003760 -1.186749 1.449305
v 0.003760 -0.899698 1.449305
v 0.001946 -0.899698 1.450056
v 0.001946 -1.186749 1.450056
v 0.005317 -1.186749 1.448110
v 0.003760 -1.186749 1.449305
v 0.006512 -1.186749 1.446553
v 0.006512 -0.899698 1.446552
v 0.005317 -0.899698 1.448110
v 0.005317 -1.186749 1.448110
v 0.007263 -1.186749 1.444739
v 0.007263 -0.899698 1.444739
v 0.006512 -0.899698 1.446552
v 0.006512 -1.186749 1.446553
v 0.007519 -1.186749 1.442793
v 0.007519 -0.899698 1.442793
v 0.007263 -0.899698 1.444739
v 0.007263 -1.186749 1.444739
v 0.007263 -1.186749 1.440847
v 0.007519 -1.186749 1.442793
v 0.006512 -1.186749 1.439033
v 0.006512 -0.899698 1.439033
v 0.007263 -0.899698 1.440846
v 0.007263 -1.186749 1.440847
v 0.005317 -1.186749 1.437476
v 0.005317 -0.899698 1.437476
v 0.006512 -0.899698 1.439033
v 0.006512 -1.186749 1.439033
v 0.003760 -1.186749 1.436281
v 0.005317 -1.186749 1.437476
v 0.001946 -1.186749 1.435530
v 0.001946 -0.899698 1.435530
v 0.003760 -0.899698 1.436281
v 0.003760 -1.186749 1.436281
v -0.000000 -1.186749 1.435273
v -0.000000 -0.899698 1.435273
v 0.001946 -0.899698 1.435530
v 0.001946 -1.186749 1.435530
v 0.003760 -0.839009 1.449305
v 0.001946 -0.839009 1.450056
v 0.001946 -0.839008 1.723609
v 0.003760 -0.839008 1.724360
v 0.001946 -0.839009 1.450056
v -0.000000 -0.839009 1.450312
v -0.000000 -0.839008 1.723352
v 0.001946 -0.839008 1.723609
vn -0.0000 0.2170 -0.9762
vn 0.0005 0.5133 -0.8582
vn 0.0616 0.2222 -0.9731
vn -0.0031 -0.5192 0.8546
vn -0.0006 -0.7566 0.6538
vn 0.0636 -0.7515 0.6567
vn 0.1209 0.2376 -0.9638
vn 0.1251 -0.7361 0.6653
vn 0.1755 0.2628 -0.9488
vn 0.1820 -0.7108 0.6795
vn 0.2234 0.2966 -0.9285
vn 0.2312 -0.6775 0.6983
vn 0.2626 0.3379 -0.9038
vn 0.2713 -0.6372 0.7213
vn 0.2916 0.3849 -0.8757
vn -0.0030 -0.5192 0.8546
vn 0.3008 -0.5920 0.7477
vn 0.3092 0.4360 -0.8451
vn 0.3191 -0.5429 0.7768
vn 0.3147 0.4887 -0.8137
vn 0.3253 -0.4920 0.8075
vn 0.3193 -0.4416 0.8384
vn 0.3079 0.5412 -0.7825
vn 0.2893 0.5915 -0.7526
vn 0.3011 -0.3929 0.8689
vn 0.0005 0.5134 -0.8582
vn 0.2597 0.6374 -0.7255
vn 0.2712 -0.3476 0.8976
vn 0.2203 0.6776 -0.7017
vn -0.0030 -0.5192 0.8547
vn 0.2303 -0.3076 0.9232
vn 0.1730 0.7100 -0.6827
vn -0.0031 -0.5192 0.8547
vn 0.1799 -0.2743 0.9447
vn 0.1191 0.7342 -0.6684
vn 0.1216 -0.2494 0.9607
vn 0.0608 0.7491 -0.6597
vn 0.0590 -0.2339 0.9705
vn 0.0003 0.7541 -0.6567
vn -0.0067 -0.2284 0.9735
vn -0.0601 0.7491 -0.6597
vn -0.0721 -0.2334 0.9697
vn -0.1179 0.7343 -0.6685
vn -0.1344 -0.2484 0.9593
vn -0.1722 0.7100 -0.6829
vn -0.1911 -0.2728 0.9429
vn -0.2193 0.6774 -0.7022
vn -0.2401 -0.3056 0.9214
vn -0.2587 0.6371 -0.7261
vn -0.2796 -0.3452 0.8959
vn 0.0004 0.5134 -0.8582
vn -0.2882 0.5910 -0.7535
vn -0.3084 -0.3902 0.8675
vn -0.3068 0.5404 -0.7835
vn -0.3257 -0.4391 0.8374
vn 0.0004 0.5133 -0.8582
vn -0.3134 0.4879 -0.8147
vn -0.3309 -0.4899 0.8065
vn -0.3134 0.4878 -0.8148
vn -0.3078 0.4350 -0.8462
vn -0.3238 -0.5411 0.7761
vn -0.2903 0.3842 -0.8764
vn -0.3049 -0.5903 0.7473
vn -0.2615 0.3372 -0.9044
vn -0.2746 -0.6363 0.7210
vn -0.2225 0.2961 -0.9289
vn -0.2337 -0.6769 0.6980
vn -0.1749 0.2625 -0.9490
vn -0.1840 -0.7105 0.6792
vn -0.1205 0.2375 -0.9639
vn -0.1271 -0.7357 0.6652
vn -0.0615 0.2222 -0.9731
vn -0.0648 -0.7514 0.6567
vn -0.0000 -1.0000 -0.0000
vn -0.0000 1.0000 -0.0000
vn 0.0640 -0.7513 0.6569
vn 0.1254 -0.7359 0.6654
vn 0.1752 0.2627 -0.9489
vn 0.1819 -0.7109 0.6794
vn 0.2712 -0.6374 0.7213
vn 0.3091 0.4358 -0.8453
vn 0.3147 0.4889 -0.8136
vn 0.3254 -0.4923 0.8073
vn 0.3193 -0.4417 0.8384
vn 0.3079 0.5409 -0.7827
vn 0.2893 0.5916 -0.7526
vn 0.2599 0.6371 -0.7257
vn 0.2711 -0.3476 0.8976
vn 0.2205 0.6772 -0.7020
vn 0.2303 -0.3075 0.9232
vn 0.1798 -0.2743 0.9447
vn 0.1220 -0.2494 0.9607
vn -0.0069 -0.2285 0.9735
vn -0.1184 0.7342 -0.6685
vn -0.1912 -0.2729 0.9429
vn -0.2194 0.6773 -0.7022
vn -0.2401 -0.3055 0.9214
vn -0.2586 0.6372 -0.7260
vn -0.2796 -0.3451 0.8960
vn -0.2884 0.5907 -0.7536
vn -0.3257 -0.4392 0.8373
vn -0.2744 -0.6364 0.7209
vn -0.0031 -0.5193 0.8546
vn -0.0614 0.2222 -0.9731
vn -0.0001 -0.4188 -0.9081
vn -0.0001 -0.2523 -0.9677
vn 0.1413 -0.2405 -0.9603
vn 0.1653 -0.4053 -0.8991
vn 0.0022 -0.9970 0.0771
vn 0.0024 -0.9967 -0.0807
vn 0.1925 -0.9786 -0.0725
vn 0.1739 -0.9812 0.0841
vn -0.0001 -0.5635 -0.8261
vn 0.1833 -0.5484 -0.8158
vn 0.0017 -0.9684 0.2494
vn 0.1485 -0.9554 0.2553
vn 0.0002 -0.6856 -0.7280
vn 0.1974 -0.6692 -0.7163
vn 0.0008 -0.8967 0.4427
vn 0.1131 -0.8872 0.4474
vn 0.0011 -0.7833 -0.6216
vn 0.2071 -0.7654 -0.6093
vn 0.0014 -0.8630 -0.5051
vn 0.2124 -0.8440 -0.4925
vn 0.0020 -0.9276 -0.3737
vn 0.2125 -0.9076 -0.3620
vn -0.0000 -0.0445 -0.9990
vn 0.1087 -0.0355 -0.9934
vn 0.0024 -0.9731 -0.2302
vn 0.2055 -0.9535 -0.2205
vn 0.2129 -0.0085 -0.9770
vn 0.2769 -0.2059 -0.9386
vn 0.3959 -0.8978 -0.1930
vn 0.3722 -0.9269 -0.0485
vn 0.3238 -0.3652 -0.8728
vn 0.3373 -0.9356 0.1049
vn 0.3599 -0.5040 -0.7852
vn 0.2888 -0.9176 0.2730
vn 0.3857 -0.6206 -0.6827
vn 0.2207 -0.8593 0.4614
vn 0.4025 -0.7131 -0.5740
vn 0.4108 -0.7886 -0.4576
vn 0.4088 -0.8507 -0.3304
vn 0.5561 -0.5422 -0.6299
vn 0.5776 -0.6298 -0.5194
vn 0.3193 -0.8145 0.4843
vn 0.5867 -0.7017 -0.4041
vn 0.5831 -0.7623 -0.2807
vn 0.3087 0.0352 -0.9505
vn 0.5653 -0.8113 -0.1490
vn 0.4019 -0.1496 -0.9034
vn 0.5330 -0.8461 -0.0101
vn 0.4695 -0.3000 -0.8304
vn 0.4850 -0.8634 0.1388
vn 0.5205 -0.4316 -0.7367
vn 0.4165 -0.8575 0.3020
vn 0.7074 -0.7008 -0.0920
vn 0.6692 -0.7420 0.0409
vn 0.5122 -0.0733 -0.8557
vn 0.5963 -0.2121 -0.7742
vn 0.6111 -0.7699 0.1840
vn 0.6597 -0.3346 -0.6729
vn 0.5272 -0.7781 0.3416
vn 0.7019 -0.4381 -0.5616
vn 0.4053 -0.7547 0.5158
vn 0.7256 -0.5206 -0.4499
vn 0.7342 -0.5895 -0.3368
vn 0.7285 -0.6494 -0.2181
vn 0.3931 0.0944 -0.9146
vn 0.4751 -0.6837 0.5540
vn 0.8427 -0.3911 -0.3700
vn 0.8504 -0.4579 -0.2592
vn 0.8430 -0.5180 -0.1448
vn 0.4619 0.1666 -0.8711
vn 0.8195 -0.5726 -0.0244
vn 0.6013 0.0196 -0.7988
vn 0.7774 -0.6206 0.1026
vn 0.6997 -0.1050 -0.7066
vn 0.7125 -0.6594 0.2399
vn 0.7716 -0.2170 -0.5980
vn 0.6164 -0.6842 0.3898
vn 0.8181 -0.3131 -0.4824
vn 0.6671 0.1258 -0.7343
vn 0.7756 0.0173 -0.6310
vn 0.8559 -0.4875 0.1729
vn 0.7864 -0.5378 0.3038
vn 0.8529 -0.0836 -0.5154
vn 0.6822 -0.5793 0.4461
vn 0.9017 -0.1724 -0.3964
vn 0.5268 -0.6033 0.5987
vn 0.9265 -0.2468 -0.2840
vn 0.9337 -0.3124 -0.1750
vn 0.9253 -0.3737 -0.0643
vn 0.5125 0.2487 -0.8219
vn 0.9003 -0.4323 0.0511
vn 0.9764 -0.0927 -0.1953
vn 0.9835 -0.1583 -0.0878
vn 0.9749 -0.2218 0.0203
vn 0.5431 0.3377 -0.7688
vn 0.9494 -0.2848 0.1322
vn 0.7064 0.2408 -0.6656
vn 0.9039 -0.3473 0.2497
vn 0.8203 0.1495 -0.5521
vn 0.8320 -0.4090 0.3749
vn 0.9011 0.0606 -0.4294
vn 0.7228 -0.4676 0.5088
vn 0.9513 -0.0213 -0.3077
vn 0.5588 -0.5172 0.6483
vn 0.9211 -0.2044 0.3313
vn 0.8482 -0.2774 0.4511
vn 0.8335 0.2869 -0.4722
vn 0.9153 0.2103 -0.3436
vn 0.7371 -0.3531 0.5761
vn 0.9662 0.1354 -0.2196
vn 0.5699 -0.4284 0.7013
vn 0.9920 0.0662 -0.1074
vn 1.0000 0.0003 -0.0000
vn 0.9921 -0.0661 0.1070
vn 0.5523 0.4300 -0.7142
vn 0.9669 -0.1341 0.2171
vn 0.7180 0.3602 -0.5956
vn 0.9834 0.1595 0.0864
vn 0.9769 0.0897 0.1941
vn 0.5400 0.5218 -0.6604
vn 0.9526 0.0161 0.3038
vn 0.7017 0.4791 -0.5273
vn 0.9072 -0.0622 0.4162
vn 0.8149 0.4243 -0.3949
vn 0.8349 -0.1469 0.5305
vn 0.8956 0.3603 -0.2611
vn 0.7247 -0.2394 0.6461
vn 0.9467 0.2925 -0.1353
vn 0.5598 -0.3402 0.7556
vn 0.9738 0.2263 -0.0214
vn 0.7915 -0.0209 0.6108
vn 0.6855 -0.1300 0.7164
vn 0.8428 0.5056 -0.1844
vn 0.8934 0.4456 -0.0566
vn 0.5285 -0.2553 0.8097
vn 0.9219 0.3829 0.0594
vn 0.9336 0.3156 0.1696
vn 0.9289 0.2424 0.2799
vn 0.5069 0.6096 -0.6094
vn 0.9059 0.1626 0.3910
vn 0.6586 0.5929 -0.4635
vn 0.8620 0.0754 0.5013
vn 0.7655 0.5566 -0.3228
vn 0.4546 0.6901 -0.5632
vn 0.8478 0.3877 0.3617
vn 0.8266 0.3013 0.4754
vn 0.5904 0.6978 -0.4055
vn 0.7847 0.2050 0.5850
vn 0.6873 0.6790 -0.2582
vn 0.7181 0.0967 0.6892
vn 0.7588 0.6409 -0.1162
vn 0.6198 -0.0284 0.7843
vn 0.8070 0.5903 0.0153
vn 0.4767 -0.1768 0.8611
vn 0.8364 0.5316 0.1336
vn 0.8502 0.4645 0.2476
vn 0.6454 0.7617 -0.0568
vn 0.6895 0.7202 0.0769
vn 0.5292 0.0617 0.8462
vn 0.4056 -0.1073 0.9077
vn 0.7178 0.6672 0.1992
vn 0.7328 0.6014 0.3182
vn 0.7322 0.5216 0.4380
vn 0.3852 0.7601 -0.5233
vn 0.7133 0.4281 0.5548
vn 0.5002 0.7893 -0.3560
vn 0.6751 0.3222 0.6636
vn 0.5831 0.7867 -0.2030
vn 0.6153 0.2021 0.7620
vn 0.5826 0.6375 0.5042
vn 0.5670 0.5372 0.6244
vn 0.3016 0.8173 -0.4910
vn 0.3918 0.8640 -0.3164
vn 0.5343 0.4220 0.7324
vn 0.4567 0.8754 -0.1583
vn 0.4853 0.2907 0.8246
vn 0.5066 0.8622 -0.0089
vn 0.4160 0.1369 0.8990
vn 0.5428 0.8300 0.1279
vn 0.3178 -0.0497 0.9469
vn 0.5676 0.7832 0.2540
vn 0.5819 0.7198 0.3785
vn 0.2832 0.1938 0.9393
vn 0.2159 -0.0064 0.9764
vn 0.3723 0.9132 0.1660
vn 0.3896 0.8722 0.2957
vn 0.4004 0.8118 0.4251
vn 0.4013 0.7279 0.5560
vn 0.2071 0.8596 -0.4672
vn 0.3894 0.6218 0.6795
vn 0.2684 0.9197 -0.2867
vn 0.3659 0.4987 0.7858
vn 0.3129 0.9415 -0.1255
vn 0.3317 0.3583 0.8727
vn 0.3471 0.9375 0.0266
vn 0.1051 0.8855 -0.4526
vn 0.1355 0.9537 -0.2686
vn 0.1884 0.6749 0.7134
vn 0.1772 0.5468 0.8183
vn 0.1572 0.9820 -0.1051
vn 0.1613 0.4007 0.9019
vn 0.1729 0.9837 0.0489
vn 0.1380 0.2295 0.9635
vn 0.1846 0.9643 0.1898
vn 0.1053 0.0207 0.9942
vn 0.1919 0.9272 0.3216
vn 0.1956 0.8691 0.4544
vn 0.1946 0.7845 0.5888
vn -0.0112 0.9800 0.1985
vn -0.0151 0.9436 0.3308
vn -0.0101 0.0302 0.9995
vn -0.0196 0.8856 0.4640
vn -0.0223 0.8013 0.5978
vn -0.0008 0.8942 -0.4476
vn -0.0226 0.6915 0.7220
vn -0.0020 0.9650 -0.2624
vn -0.0202 0.5627 0.8264
vn -0.0043 0.9952 -0.0979
vn -0.0169 0.4152 0.9096
vn -0.0072 0.9984 0.0566
vn -0.0133 0.2420 0.9702
vn -0.2280 0.6710 0.7055
vn -0.2139 0.5455 0.8103
vn -0.1393 0.9533 -0.2681
vn -0.1651 0.9808 -0.1040
vn -0.1924 0.4012 0.8956
vn -0.1871 0.9810 0.0505
vn -0.1637 0.2306 0.9592
vn -0.2048 0.9599 0.1916
vn -0.1245 0.0219 0.9920
vn -0.2190 0.9209 0.3226
vn -0.2299 0.8612 0.4533
vn -0.2334 0.7777 0.5836
vn -0.1060 0.8854 -0.4525
vn -0.2337 -0.0042 0.9723
vn -0.4093 0.8625 0.2975
vn -0.4238 0.8005 0.4238
vn -0.4269 0.7185 0.5491
vn -0.2080 0.8594 -0.4671
vn -0.4173 0.6164 0.6678
vn -0.2713 0.9191 -0.2858
vn -0.3935 0.4974 0.7731
vn -0.3192 0.9396 -0.1234
vn -0.3570 0.3595 0.8621
vn -0.3581 0.9332 0.0298
vn -0.3055 0.1963 0.9318
vn -0.3872 0.9064 0.1691
vn -0.5517 0.4225 0.7191
vn -0.5030 0.2940 0.8127
vn -0.4610 0.8736 -0.1558
vn -0.5136 0.8580 -0.0050
vn -0.4329 0.1409 0.8903
vn -0.5519 0.8233 0.1323
vn -0.3325 -0.0464 0.9420
vn -0.5786 0.7740 0.2572
vn -0.5938 0.7101 0.3783
vn -0.5959 0.6300 0.4981
vn -0.3018 0.8172 -0.4910
vn -0.5825 0.5334 0.6133
vn -0.3939 0.8635 -0.3150
vn -0.7370 0.5955 0.3196
vn -0.7369 0.5179 0.4344
vn -0.3849 0.7600 -0.5236
vn -0.7201 0.4276 0.5464
vn -0.5012 0.7890 -0.3553
vn -0.6842 0.3251 0.6528
vn -0.5855 0.7855 -0.2005
vn -0.6268 0.2071 0.7512
vn -0.6490 0.7589 -0.0528
vn -0.5418 0.0669 0.8378
vn -0.6937 0.7156 0.0820
vn -0.4176 -0.1031 0.9028
vn -0.7223 0.6610 0.2034
vn -0.6884 0.6784 -0.2567
vn -0.7602 0.6398 -0.1126
vn -0.7249 0.1030 0.6811
vn -0.6287 -0.0221 0.7773
vn -0.8086 0.5880 0.0196
vn -0.4861 -0.1722 0.8568
vn -0.8374 0.5289 0.1379
vn -0.8505 0.4627 0.2502
vn -0.8481 0.3879 0.3610
vn -0.4539 0.6899 -0.5639
vn -0.8284 0.3037 0.4707
vn -0.5906 0.6977 -0.4055
vn -0.7887 0.2099 0.5778
vn -0.9330 0.3159 0.1724
vn -0.9281 0.2447 0.2805
vn -0.5059 0.6093 -0.6106
vn -0.9061 0.1663 0.3890
vn -0.6580 0.5929 -0.4642
vn -0.8637 0.0810 0.4975
vn -0.7657 0.5564 -0.3227
vn -0.7955 -0.0145 0.6058
vn -0.8434 0.5052 -0.1830
vn -0.6917 -0.1238 0.7115
vn -0.8938 0.4453 -0.0532
vn -0.5358 -0.2507 0.8063
vn -0.9218 0.3824 0.0628
vn -0.8374 -0.1415 0.5280
vn -0.7291 -0.2341 0.6432
vn -0.8955 0.3599 -0.2618
vn -0.9468 0.2924 -0.1345
vn -0.5655 -0.3357 0.7533
vn -0.9738 0.2264 -0.0200
vn -0.9831 0.1603 0.0881
vn -0.9765 0.0918 0.1952
vn -0.5386 0.5212 -0.6620
vn -0.9526 0.0195 0.3038
vn -0.7006 0.4786 -0.5293
vn -0.9083 -0.0576 0.4144
vn -0.8144 0.4239 -0.3964
vn -0.5506 0.4291 -0.7160
vn -0.9921 -0.0655 0.1072
vn -0.9671 -0.1325 0.2172
vn -0.7162 0.3592 -0.5983
vn -0.9218 -0.2017 0.3310
vn -0.8321 0.2861 -0.4752
vn -0.8499 -0.2740 0.4502
vn -0.9144 0.2093 -0.3465
vn -0.7400 -0.3494 0.5747
vn -0.9658 0.1345 -0.2217
vn -0.5742 -0.4251 0.6997
vn -0.9920 0.0657 -0.1081
vn -1.0000 0.0001 -0.0003
vn -0.9658 0.1344 -0.2217
vn -0.8990 0.0586 -0.4339
vn -0.9498 -0.0234 -0.3120
vn -0.7400 -0.3495 0.5747
vn -0.7245 -0.4656 0.5083
vn -0.5618 -0.5148 0.6475
vn -0.9754 -0.0950 -0.1988
vn -0.9829 -0.1604 -0.0903
vn -0.9745 -0.2234 0.0189
vn -0.5506 0.4291 -0.7161
vn -0.5412 0.3364 -0.7707
vn -0.9671 -0.1326 0.2172
vn -0.9493 -0.2856 0.1317
vn -0.7162 0.3592 -0.5984
vn -0.7040 0.2393 -0.6687
vn -0.9218 -0.2018 0.3310
vn -0.9040 -0.3471 0.2495
vn -0.8321 0.2860 -0.4753
vn -0.8179 0.1477 -0.5561
vn -0.8499 -0.2741 0.4501
vn -0.8327 -0.4077 0.3747
vn -0.9236 -0.3775 -0.0671
vn -0.8988 -0.4356 0.0496
vn -0.5106 0.2476 -0.8234
vn -0.6642 0.1240 -0.7372
vn -0.8549 -0.4893 0.1723
vn -0.7720 0.0153 -0.6354
vn -0.7860 -0.5384 0.3038
vn -0.8495 -0.0860 -0.5206
vn -0.6826 -0.5788 0.4461
vn -0.8987 -0.1753 -0.4019
vn -0.5287 -0.6020 0.5984
vn -0.9240 -0.2501 -0.2891
vn -0.9317 -0.3160 -0.1791
vn -0.6156 -0.6848 0.3899
vn -0.4758 -0.6831 0.5540
vn -0.8137 -0.3159 -0.4879
vn -0.8386 -0.3946 -0.3756
vn -0.8469 -0.4617 -0.2639
vn -0.8399 -0.5220 -0.1483
vn -0.4599 0.1651 -0.8725
vn -0.8165 -0.5767 -0.0267
vn -0.5985 0.0179 -0.8009
vn -0.7750 -0.6237 0.1016
vn -0.6962 -0.1065 -0.7099
vn -0.7107 -0.6615 0.2395
vn -0.7674 -0.2188 -0.6026
vn -0.7033 -0.7045 -0.0946
vn -0.6652 -0.7456 0.0398
vn -0.5097 -0.0745 -0.8571
vn -0.5934 -0.2130 -0.7762
vn -0.6082 -0.7722 0.1837
vn -0.6552 -0.3361 -0.6765
vn -0.5251 -0.7795 0.3415
vn -0.6971 -0.4400 -0.5661
vn -0.4054 -0.7548 0.5156
vn -0.7206 -0.5232 -0.4549
vn -0.7295 -0.5927 -0.3413
vn -0.7240 -0.6533 -0.2216
vn -0.3916 0.0934 -0.9154
vn -0.3188 -0.8146 0.4845
vn -0.5728 -0.6311 -0.5230
vn -0.5817 -0.7037 -0.4080
vn -0.5776 -0.7654 -0.2840
vn -0.3081 0.0348 -0.9507
vn -0.5605 -0.8142 -0.1514
vn -0.4013 -0.1500 -0.9036
vn -0.5286 -0.8488 -0.0113
vn -0.4674 -0.3005 -0.8314
vn -0.4814 -0.8655 0.1382
vn -0.5172 -0.4321 -0.7387
vn -0.4139 -0.8587 0.3022
vn -0.5521 -0.5429 -0.6328
vn -0.2769 -0.2061 -0.9385
vn -0.3229 -0.3653 -0.8731
vn -0.3674 -0.9287 -0.0494
vn -0.3334 -0.9370 0.1046
vn -0.3580 -0.5039 -0.7861
vn -0.2857 -0.9186 0.2732
vn -0.3832 -0.6205 -0.6842
vn -0.2200 -0.8594 0.4615
vn -0.3989 -0.7134 -0.5761
vn -0.4064 -0.7894 -0.4601
vn -0.4040 -0.8522 -0.3324
vn -0.2127 -0.0085 -0.9771
vn -0.3908 -0.8997 -0.1943
vn -0.2049 -0.7653 -0.6102
vn -0.2091 -0.8441 -0.4937
vn -0.2078 -0.9082 -0.3632
vn -0.1084 -0.0355 -0.9935
vn -0.2007 -0.9543 -0.2213
vn -0.1414 -0.2406 -0.9603
vn -0.1881 -0.9794 -0.0731
vn -0.1650 -0.4053 -0.8992
vn -0.1700 -0.9819 0.0839
vn -0.1833 -0.5484 -0.8159
vn -0.1456 -0.9558 0.2553
vn -0.1965 -0.6690 -0.7168
vn -0.1116 -0.8873 0.4475
vn 1.0000 -0.0000 -0.0000
vn 0.6088 -0.0000 -0.7934
vn 0.7933 -0.0000 -0.6088
vn 0.9239 -0.0000 -0.3827
vn 0.9914 -0.0000 -0.1305
vn 0.9914 -0.0000 0.1305
vn 0.9239 -0.0000 0.3827
vn 0.7933 -0.0000 0.6088
vn 0.6088 -0.0000 0.7934
vn 0.3827 -0.0000 0.9239
vn 0.1305 -0.0000 0.9914
vn -0.1305 -0.0000 0.9914
vn -0.3827 -0.0000 0.9239
vn -0.6088 -0.0000 0.7934
vn -0.7934 -0.0000 0.6088
vn -0.9239 -0.0000 0.3827
vn -0.9914 -0.0000 0.1305
vn -0.9914 -0.0000 -0.1305
vn -0.9239 -0.0000 -0.3827
vn -0.7934 -0.0000 -0.6088
vn -0.6088 -0.0000 -0.7934
vn 0.0002 -0.5636 -0.8260
vn 0.1838 -0.5486 -0.8157
vn 0.1979 -0.6693 -0.7161
vn 0.0008 -0.7832 -0.6217
vn 0.2122 -0.9076 -0.3622
vn 0.1089 -0.0355 -0.9934
vn 0.2128 -0.0085 -0.9771
vn 0.2774 -0.2059 -0.9384
vn 0.3235 -0.3651 -0.8729
vn 0.3598 -0.5040 -0.7852
vn 0.2210 -0.8591 0.4616
vn 0.4089 -0.8507 -0.3303
vn 0.5828 -0.7624 -0.2811
vn 0.3084 0.0352 -0.9506
vn 0.5650 -0.8114 -0.1494
vn 0.4023 -0.1495 -0.9032
vn 0.4696 -0.3000 -0.8303
vn 0.4848 -0.8636 0.1386
vn 0.5208 -0.4316 -0.7366
vn 0.7072 -0.7009 -0.0923
vn 0.5121 -0.0733 -0.8558
vn 0.5966 -0.2121 -0.7740
vn 0.6598 -0.3345 -0.6728
vn 0.5271 -0.7782 0.3415
vn 0.7341 -0.5895 -0.3369
vn 0.7285 -0.6494 -0.2180
vn 0.3930 0.0944 -0.9147
vn 0.8506 -0.4577 -0.2589
vn 0.8430 -0.5180 -0.1449
vn 0.6017 0.0198 -0.7985
vn 0.7124 -0.6596 0.2396
vn 0.7755 0.0173 -0.6311
vn 0.5269 -0.6030 0.5990
vn 0.5128 0.2489 -0.8216
vn 0.9834 -0.1584 -0.0881
vn 0.5433 0.3380 -0.7685
vn 0.9920 0.0664 -0.1070
vn 0.9768 0.0899 0.1944
vn 0.9073 -0.0623 0.4159
vn 0.5596 -0.3400 0.7558
vn 0.8933 0.4459 -0.0560
vn 0.9335 0.3157 0.1699
vn 0.9290 0.2423 0.2796
vn 0.6585 0.5931 -0.4632
vn 0.8265 0.3013 0.4755
vn 0.4766 -0.1767 0.8612
vn 0.8501 0.4647 0.2479
vn 0.6893 0.7203 0.0772
vn 0.5289 0.0617 0.8464
vn 0.4055 -0.1072 0.9078
vn 0.7323 0.5216 0.4379
vn 0.7133 0.4281 0.5549
vn 0.5832 0.7865 -0.2032
vn 0.6156 0.2020 0.7618
vn 0.4854 0.2907 0.8245
vn 0.4159 0.1369 0.8991
vn 0.3177 -0.0497 0.9469
vn 0.5816 0.7199 0.3789
vn 0.2837 0.1939 0.9391
vn 0.4010 0.7279 0.5562
vn 0.3312 0.3583 0.8729
vn 0.1888 0.6751 0.7132
vn 0.1609 0.4007 0.9020
vn 0.1733 0.9837 0.0486
vn -0.0102 0.0301 0.9995
vn -0.0005 0.8942 -0.4477
vn -0.0046 0.9952 -0.0977
vn -0.2279 0.6711 0.7054
vn -0.1396 0.9532 -0.2680
vn -0.1871 0.9811 0.0504
vn -0.1636 0.2306 0.9592
vn -0.1247 0.0218 0.9920
vn -0.2333 0.7778 0.5836
vn -0.2337 -0.0041 0.9723
vn -0.2077 0.8595 -0.4671
vn -0.4169 0.6167 0.6677
vn -0.2717 0.9190 -0.2857
vn -0.3195 0.9395 -0.1232
vn -0.3567 0.3599 0.8621
vn -0.3580 0.9332 0.0297
vn -0.4613 0.8735 -0.1557
vn -0.5133 0.8582 -0.0051
vn -0.4329 0.1410 0.8904
vn -0.3325 -0.0463 0.9420
vn -0.5942 0.7098 0.3784
vn -0.5959 0.6299 0.4981
vn -0.5822 0.5338 0.6133
vn -0.3940 0.8635 -0.3150
vn -0.7199 0.4280 0.5464
vn -0.4176 -0.1032 0.9028
vn -0.7249 0.1027 0.6811
vn -0.6288 -0.0227 0.7772
vn -0.8482 0.3876 0.3611
vn -0.5908 0.6975 -0.4055
vn -0.8437 0.5047 -0.1830
vn -0.6917 -0.1243 0.7114
vn -0.5358 -0.2508 0.8062
vn -0.7290 -0.2344 0.6431
vn -0.8990 0.0590 -0.4339
vn -0.9237 -0.3772 -0.0672
vn -0.8989 -0.4354 0.0496
vn -0.8546 -0.4898 0.1724
vn -0.7720 0.0155 -0.6354
vn -0.4761 -0.6829 0.5540
vn -0.8139 -0.3156 -0.4879
vn -0.7673 -0.2193 -0.6026
vn -0.6656 -0.7453 0.0397
vn -0.5099 -0.0741 -0.8571
vn -0.5933 -0.2131 -0.7762
vn -0.4053 -0.7549 0.5156
vn -0.5777 -0.7652 -0.2840
vn -0.5601 -0.8145 -0.1512
vn -0.4811 -0.8657 0.1383
vn -0.5175 -0.4319 -0.7387
vn -0.3331 -0.9371 0.1047
vn -0.2194 -0.8595 0.4616
vn -0.4060 -0.7897 -0.4600
vn -0.2125 -0.0087 -0.9771
vn -0.2046 -0.7655 -0.6101
vn -0.1880 -0.9795 -0.0730
vn -0.1696 -0.9819 0.0840
vn 0.1305 -0.0000 -0.9914
vn 0.3827 -0.0000 -0.9239
vn 0.7934 -0.0000 -0.6088
vn 0.7934 -0.0000 0.6088
vn -1.0000 -0.0000 -0.0000
vn -0.7933 -0.0000 0.6088
vn -0.7933 -0.0000 -0.6088
vn -0.3827 -0.0000 -0.9239
vn -0.1305 -0.0000 -0.9914
vt 0.750000 0.062500
vt 0.734375 0.000000
vt 0.718750 0.062500
vt 0.734375 1.000000
vt 0.750000 0.937500
vt 0.718750 0.937500
vt 0.703125 0.000000
vt 0.687500 0.062500
vt 0.703125 1.000000
vt 0.687500 0.937500
vt 0.671875 0.000000
vt 0.656250 0.062500
vt 0.671875 1.000000
vt 0.656250 0.937500
vt 0.640625 0.000000
vt 0.625000 0.062500
vt 0.640625 1.000000
vt 0.625000 0.937500
vt 0.609375 0.000000
vt 0.593750 0.062500
vt 0.609375 1.000000
vt 0.593750 0.937500
vt 0.578125 0.000000
vt 0.562500 0.062500
vt 0.578125 1.000000
vt 0.562500 0.937500
vt 0.546875 0.000000
vt 0.531250 0.062500
vt 0.546875 1.000000
vt 0.531250 0.937500
vt 0.515625 0.000000
vt 0.500000 0.062500
vt 0.515625 1.000000
vt 0.500000 0.937500
vt 0.484375 1.000000
vt 0.468750 0.937500
vt 0.484375 0.000000
vt 0.468750 0.062500
vt 0.453125 0.000000
vt 0.437500 0.062500
vt 0.453125 1.000000
vt 0.437500 0.937500
vt 0.421875 0.000000
vt 0.406250 0.062500
vt 0.421875 1.000000
vt 0.406250 0.937500
vt 0.390625 0.000000
vt 0.375000 0.062500
vt 0.390625 1.000000
vt 0.375000 0.937500
vt 0.359375 0.000000
vt 0.343750 0.062500
vt 0.359375 1.000000
vt 0.343750 0.937500
vt 0.328125 0.000000
vt 0.312500 0.062500
vt 0.328125 1.000000
vt 0.312500 0.937500
vt 0.296875 0.000000
vt 0.281250 0.062500
vt 0.296875 1.000000
vt 0.281250 0.937500
vt 0.265625 0.000000
vt 0.250000 0.062500
vt 0.265625 1.000000
vt 0.250000 0.937500
vt 0.234375 0.000000
vt 0.218750 0.062500
vt 0.234375 1.000000
vt 0.218750 0.937500
vt 0.203125 0.000000
vt 0.187500 0.062500
vt 0.203125 1.000000
vt 0.187500 0.937500
vt 0.171875 0.000000
vt 0.156250 0.062500
vt 0.171875 1.000000
vt 0.156250 0.937500
vt 0.140625 0.000000
vt 0.125000 0.062500
vt 0.140625 1.000000
vt 0.125000 0.937500
vt 0.109375 0.000000
vt 0.093750 0.062500
vt 0.109375 1.000000
vt 0.093750 0.937500
vt 0.078125 0.000000
vt 0.062500 0.062500
vt 0.078125 1.000000
vt 0.062500 0.937500
vt 0.046875 0.000000
vt 0.031250 0.062500
vt 0.046875 1.000000
vt 0.031250 0.937500
vt 0.015625 0.000000
vt 0.000000 0.062500
vt 0.015625 1.000000
vt 0.000000 0.937500
vt 1.000000 0.062500
vt 0.984375 0.000000
vt 0.968750 0.062500
vt 0.984375 1.000000
vt 1.000000 0.937500
vt 0.968750 0.937500
vt 0.953125 0.000000
vt 0.937500 0.062500
vt 0.953125 1.000000
vt 0.937500 0.937500
vt 0.921875 0.000000
vt 0.906250 0.062500
vt 0.921875 1.000000
vt 0.906250 0.937500
vt 0.890625 0.000000
vt 0.875000 0.062500
vt 0.890625 1.000000
vt 0.875000 0.937500
vt 0.859375 0.000000
vt 0.843750 0.062500
vt 0.859375 1.000000
vt 0.843750 0.937500
vt 0.828125 0.000000
vt 0.812500 0.062500
vt 0.828125 1.000000
vt 0.812500 0.937500
vt 0.796875 0.000000
vt 0.781250 0.062500
vt 0.796875 1.000000
vt 0.781250 0.937500
vt 0.765625 0.000000
vt 0.765625 1.000000
vt 0.750000 0.750000
vt 0.750000 0.510000
vt 0.812117 0.518178
vt 0.250000 0.750000
vt 0.312117 0.518178
vt 0.250000 0.510000
vt 0.870000 0.542154
vt 0.370000 0.542154
vt 0.919706 0.580294
vt 0.419706 0.580294
vt 0.957846 0.630000
vt 0.457846 0.630000
vt 0.981822 0.687883
vt 0.481822 0.687883
vt 0.990000 0.750000
vt 0.490000 0.750000
vt 0.981822 0.812117
vt 0.481822 0.812117
vt 0.957846 0.870000
vt 0.457846 0.870000
vt 0.919706 0.919706
vt 0.419706 0.919706
vt 0.870000 0.957846
vt 0.370000 0.957846
vt 0.812117 0.981822
vt 0.312117 0.981822
vt 0.750000 0.990000
vt 0.250000 0.990000
vt 0.687883 0.981822
vt 0.187883 0.981822
vt 0.630000 0.957846
vt 0.130000 0.957846
vt 0.580294 0.919706
vt 0.080294 0.919706
vt 0.542154 0.870000
vt 0.042154 0.870000
vt 0.518178 0.812117
vt 0.018178 0.812117
vt 0.510000 0.750000
vt 0.010000 0.750000
vt 0.518178 0.687883
vt 0.018178 0.687883
vt 0.542154 0.630000
vt 0.042154 0.630000
vt 0.580294 0.580294
vt 0.080294 0.580294
vt 0.630000 0.542154
vt 0.130000 0.542154
vt 0.687883 0.518178
vt 0.187883 0.518178
vt 0.750000 0.250000
vt 0.750000 0.187500
vt 0.718750 0.187500
vt 0.718750 0.250000
vt 0.750000 0.750000
vt 0.750000 0.687500
vt 0.718750 0.687500
vt 0.718750 0.750000
vt 0.750000 0.312500
vt 0.718750 0.312500
vt 0.750000 0.812500
vt 0.718750 0.812500
vt 0.750000 0.375000
vt 0.718750 0.375000
vt 0.750000 0.875000
vt 0.718750 0.875000
vt 0.750000 0.437500
vt 0.718750 0.437500
vt 0.750000 0.500000
vt 0.718750 0.500000
vt 0.750000 0.562500
vt 0.718750 0.562500
vt 0.750000 0.125000
vt 0.718750 0.125000
vt 0.750000 0.625000
vt 0.718750 0.625000
vt 0.687500 0.125000
vt 0.687500 0.187500
vt 0.687500 0.625000
vt 0.687500 0.687500
vt 0.687500 0.250000
vt 0.687500 0.750000
vt 0.687500 0.312500
vt 0.687500 0.812500
vt 0.687500 0.375000
vt 0.687500 0.875000
vt 0.687500 0.437500
vt 0.687500 0.500000
vt 0.687500 0.562500
vt 0.656250 0.375000
vt 0.656250 0.437500
vt 0.656250 0.875000
vt 0.656250 0.500000
vt 0.656250 0.562500
vt 0.656250 0.125000
vt 0.656250 0.625000
vt 0.656250 0.187500
vt 0.656250 0.687500
vt 0.656250 0.250000
vt 0.656250 0.750000
vt 0.656250 0.312500
vt 0.656250 0.812500
vt 0.625000 0.625000
vt 0.625000 0.687500
vt 0.625000 0.187500
vt 0.625000 0.250000
vt 0.625000 0.750000
vt 0.625000 0.312500
vt 0.625000 0.812500
vt 0.625000 0.375000
vt 0.625000 0.875000
vt 0.625000 0.437500
vt 0.625000 0.500000
vt 0.625000 0.562500
vt 0.625000 0.125000
vt 0.593750 0.875000
vt 0.593750 0.437500
vt 0.593750 0.500000
vt 0.593750 0.562500
vt 0.593750 0.125000
vt 0.593750 0.625000
vt 0.593750 0.187500
vt 0.593750 0.687500
vt 0.593750 0.250000
vt 0.593750 0.750000
vt 0.593750 0.312500
vt 0.593750 0.812500
vt 0.593750 0.375000
vt 0.562500 0.187500
vt 0.562500 0.250000
vt 0.562500 0.687500
vt 0.562500 0.750000
vt 0.562500 0.312500
vt 0.562500 0.812500
vt 0.562500 0.375000
vt 0.562500 0.875000
vt 0.562500 0.437500
vt 0.562500 0.500000
vt 0.562500 0.562500
vt 0.562500 0.125000
vt 0.562500 0.625000
vt 0.531250 0.437500
vt 0.531250 0.500000
vt 0.531250 0.562500
vt 0.531250 0.125000
vt 0.531250 0.625000
vt 0.531250 0.187500
vt 0.531250 0.687500
vt 0.531250 0.250000
vt 0.531250 0.750000
vt 0.531250 0.312500
vt 0.531250 0.812500
vt 0.531250 0.375000
vt 0.531250 0.875000
vt 0.500000 0.687500
vt 0.500000 0.750000
vt 0.500000 0.250000
vt 0.500000 0.312500
vt 0.500000 0.812500
vt 0.500000 0.375000
vt 0.500000 0.875000
vt 0.500000 0.437500
vt 0.500000 0.500000
vt 0.500000 0.562500
vt 0.500000 0.125000
vt 0.500000 0.625000
vt 0.500000 0.187500
vt 0.468750 0.500000
vt 0.468750 0.562500
vt 0.468750 0.125000
vt 0.468750 0.625000
vt 0.468750 0.187500
vt 0.468750 0.687500
vt 0.468750 0.250000
vt 0.468750 0.750000
vt 0.468750 0.312500
vt 0.468750 0.812500
vt 0.468750 0.375000
vt 0.468750 0.875000
vt 0.468750 0.437500
vt 0.437500 0.750000
vt 0.437500 0.812500
vt 0.437500 0.312500
vt 0.437500 0.375000
vt 0.437500 0.875000
vt 0.437500 0.437500
vt 0.437500 0.500000
vt 0.437500 0.562500
vt 0.437500 0.125000
vt 0.437500 0.625000
vt 0.437500 0.187500
vt 0.437500 0.687500
vt 0.437500 0.250000
vt 0.406250 0.125000
vt 0.406250 0.562500
vt 0.406250 0.625000
vt 0.406250 0.187500
vt 0.406250 0.687500
vt 0.406250 0.250000
vt 0.406250 0.750000
vt 0.406250 0.312500
vt 0.406250 0.812500
vt 0.406250 0.375000
vt 0.406250 0.875000
vt 0.406250 0.437500
vt 0.406250 0.500000
vt 0.375000 0.312500
vt 0.375000 0.375000
vt 0.375000 0.812500
vt 0.375000 0.875000
vt 0.375000 0.437500
vt 0.375000 0.500000
vt 0.375000 0.562500
vt 0.375000 0.125000
vt 0.375000 0.625000
vt 0.375000 0.187500
vt 0.375000 0.687500
vt 0.375000 0.250000
vt 0.375000 0.750000
vt 0.343750 0.562500
vt 0.343750 0.625000
vt 0.343750 0.125000
vt 0.343750 0.187500
vt 0.343750 0.687500
vt 0.343750 0.250000
vt 0.343750 0.750000
vt 0.343750 0.312500
vt 0.343750 0.812500
vt 0.343750 0.375000
vt 0.343750 0.875000
vt 0.343750 0.437500
vt 0.343750 0.500000
vt 0.312500 0.812500
vt 0.312500 0.875000
vt 0.312500 0.375000
vt 0.312500 0.437500
vt 0.312500 0.500000
vt 0.312500 0.562500
vt 0.312500 0.125000
vt 0.312500 0.625000
vt 0.312500 0.187500
vt 0.312500 0.687500
vt 0.312500 0.250000
vt 0.312500 0.750000
vt 0.312500 0.312500
vt 0.281250 0.125000
vt 0.281250 0.187500
vt 0.281250 0.625000
vt 0.281250 0.687500
vt 0.281250 0.250000
vt 0.281250 0.750000
vt 0.281250 0.312500
vt 0.281250 0.812500
vt 0.281250 0.375000
vt 0.281250 0.875000
vt 0.281250 0.437500
vt 0.281250 0.500000
vt 0.281250 0.562500
vt 0.250000 0.375000
vt 0.250000 0.437500
vt 0.250000 0.875000
vt 0.250000 0.500000
vt 0.250000 0.562500
vt 0.250000 0.125000
vt 0.250000 0.625000
vt 0.250000 0.187500
vt 0.250000 0.687500
vt 0.250000 0.250000
vt 0.250000 0.312500
vt 0.250000 0.812500
vt 0.218750 0.625000
vt 0.218750 0.687500
vt 0.218750 0.187500
vt 0.218750 0.250000
vt 0.218750 0.750000
vt 0.218750 0.312500
vt 0.218750 0.812500
vt 0.218750 0.375000
vt 0.218750 0.875000
vt 0.218750 0.437500
vt 0.218750 0.500000
vt 0.218750 0.562500
vt 0.218750 0.125000
vt 0.187500 0.875000
vt 0.187500 0.437500
vt 0.187500 0.500000
vt 0.187500 0.562500
vt 0.187500 0.125000
vt 0.187500 0.625000
vt 0.187500 0.187500
vt 0.187500 0.687500
vt 0.187500 0.250000
vt 0.187500 0.750000
vt 0.187500 0.312500
vt 0.187500 0.812500
vt 0.187500 0.375000
vt 0.156250 0.687500
vt 0.156250 0.750000
vt 0.156250 0.250000
vt 0.156250 0.312500
vt 0.156250 0.812500
vt 0.156250 0.375000
vt 0.156250 0.875000
vt 0.156250 0.437500
vt 0.156250 0.500000
vt 0.156250 0.562500
vt 0.156250 0.125000
vt 0.156250 0.625000
vt 0.156250 0.187500
vt 0.125000 0.500000
vt 0.125000 0.562500
vt 0.125000 0.125000
vt 0.125000 0.625000
vt 0.125000 0.187500
vt 0.125000 0.687500
vt 0.125000 0.250000
vt 0.125000 0.750000
vt 0.125000 0.312500
vt 0.125000 0.812500
vt 0.125000 0.375000
vt 0.125000 0.875000
vt 0.125000 0.437500
vt 0.093750 0.250000
vt 0.093750 0.312500
vt 0.093750 0.750000
vt 0.093750 0.812500
vt 0.093750 0.375000
vt 0.093750 0.875000
vt 0.093750 0.437500
vt 0.093750 0.500000
vt 0.093750 0.562500
vt 0.093750 0.125000
vt 0.093750 0.625000
vt 0.093750 0.187500
vt 0.093750 0.687500
vt 0.062500 0.500000
vt 0.062500 0.562500
vt 0.062500 0.125000
vt 0.062500 0.625000
vt 0.062500 0.187500
vt 0.062500 0.687500
vt 0.062500 0.250000
vt 0.062500 0.750000
vt 0.062500 0.312500
vt 0.062500 0.812500
vt 0.062500 0.375000
vt 0.062500 0.875000
vt 0.062500 0.437500
vt 0.031250 0.750000
vt 0.031250 0.812500
vt 0.031250 0.312500
vt 0.031250 0.375000
vt 0.031250 0.875000
vt 0.031250 0.437500
vt 0.031250 0.500000
vt 0.031250 0.562500
vt 0.031250 0.125000
vt 0.031250 0.625000
vt 0.031250 0.187500
vt 0.031250 0.687500
vt 0.031250 0.250000
vt 0.000000 0.125000
vt 0.000000 0.562500
vt 0.000000 0.625000
vt 0.000000 0.187500
vt 0.000000 0.687500
vt 0.000000 0.250000
vt 0.000000 0.750000
vt 0.000000 0.312500
vt 0.000000 0.812500
vt 0.000000 0.375000
vt 0.000000 0.875000
vt 0.000000 0.437500
vt 0.000000 0.500000
vt 1.000000 0.375000
vt 1.000000 0.312500
vt 0.968750 0.312500
vt 0.968750 0.375000
vt 1.000000 0.875000
vt 1.000000 0.812500
vt 0.968750 0.812500
vt 0.968750 0.875000
vt 1.000000 0.437500
vt 0.968750 0.437500
vt 1.000000 0.500000
vt 0.968750 0.500000
vt 1.000000 0.562500
vt 0.968750 0.562500
vt 1.000000 0.125000
vt 0.968750 0.125000
vt 1.000000 0.625000
vt 0.968750 0.625000
vt 1.000000 0.187500
vt 0.968750 0.187500
vt 1.000000 0.687500
vt 0.968750 0.687500
vt 1.000000 0.250000
vt 0.968750 0.250000
vt 1.000000 0.750000
vt 0.968750 0.750000
vt 0.937500 0.562500
vt 0.937500 0.625000
vt 0.937500 0.125000
vt 0.937500 0.187500
vt 0.937500 0.687500
vt 0.937500 0.250000
vt 0.937500 0.750000
vt 0.937500 0.312500
vt 0.937500 0.812500
vt 0.937500 0.375000
vt 0.937500 0.875000
vt 0.937500 0.437500
vt 0.937500 0.500000
vt 0.906250 0.812500
vt 0.906250 0.875000
vt 0.906250 0.375000
vt 0.906250 0.437500
vt 0.906250 0.500000
vt 0.906250 0.562500
vt 0.906250 0.125000
vt 0.906250 0.625000
vt 0.906250 0.187500
vt 0.906250 0.687500
vt 0.906250 0.250000
vt 0.906250 0.750000
vt 0.906250 0.312500
vt 0.875000 0.625000
vt 0.875000 0.687500
vt 0.875000 0.187500
vt 0.875000 0.250000
vt 0.875000 0.750000
vt 0.875000 0.312500
vt 0.875000 0.812500
vt 0.875000 0.375000
vt 0.875000 0.875000
vt 0.875000 0.437500
vt 0.875000 0.500000
vt 0.875000 0.562500
vt 0.875000 0.125000
vt 0.843750 0.875000
vt 0.843750 0.437500
vt 0.843750 0.500000
vt 0.843750 0.562500
vt 0.843750 0.125000
vt 0.843750 0.625000
vt 0.843750 0.187500
vt 0.843750 0.687500
vt 0.843750 0.250000
vt 0.843750 0.750000
vt 0.843750 0.312500
vt 0.843750 0.812500
vt 0.843750 0.375000
vt 0.812500 0.187500
vt 0.812500 0.250000
vt 0.812500 0.687500
vt 0.812500 0.750000
vt 0.812500 0.312500
vt 0.812500 0.812500
vt 0.812500 0.375000
vt 0.812500 0.875000
vt 0.812500 0.437500
vt 0.812500 0.500000
vt 0.812500 0.562500
vt 0.812500 0.125000
vt 0.812500 0.625000
vt 0.781250 0.437500
vt 0.781250 0.500000
vt 0.781250 0.562500
vt 0.781250 0.125000
vt 0.781250 0.625000
vt 0.781250 0.187500
vt 0.781250 0.687500
vt 0.781250 0.250000
vt 0.781250 0.750000
vt 0.781250 0.312500
vt 0.781250 0.812500
vt 0.781250 0.375000
vt 0.781250 0.875000
vt 0.583333 0.250000
vt 0.583333 0.000000
vt 0.916667 0.000000
vt 0.916667 0.250000
vt 0.541666 0.250000
vt 0.958333 0.250000
vt 0.875000 0.000000
vt 0.875000 0.250000
vt 0.833333 0.000000
vt 0.833333 0.250000
vt 0.791667 0.000000
vt 0.791667 0.250000
vt 0.750000 0.000000
vt 0.750000 0.250000
vt 0.708333 0.000000
vt 0.708333 0.250000
vt 0.666667 0.000000
vt 0.666667 0.250000
vt 0.625000 0.000000
vt 0.625000 0.250000
vt 0.541666 0.000000
vt 0.500000 0.000000
vt 0.500000 0.250000
vt 0.458333 0.000000
vt 0.458333 0.250000
vt 0.416666 0.000000
vt 0.416666 0.250000
vt 0.375000 0.000000
vt 0.375000 0.250000
vt 0.333333 0.000000
vt 0.333333 0.250000
vt 0.291667 0.000000
vt 0.291667 0.250000
vt 0.250000 0.000000
vt 0.250000 0.250000
vt 0.208333 0.000000
vt 0.208333 0.250000
vt 0.166666 0.000000
vt 0.166666 0.250000
vt 0.125000 0.000000
vt 0.125000 0.250000
vt 0.083333 0.000000
vt 0.083333 0.250000
vt 1.000000 0.250000
vt -0.000000 0.250000
vt 0.041666 0.250000
vt 1.000000 0.000000
vt 0.958333 0.000000
vt 0.041666 0.000000
vt -0.000000 0.000000
vt 0.041666 0.500000
vt -0.000000 0.500000
vt 0.083333 0.500000
vt 0.125000 0.500000
vt 0.166666 0.500000
vt 0.208333 0.500000
vt 0.250000 0.500000
vt 0.291667 0.500000
vt 0.333333 0.500000
vt 0.375000 0.500000
vt 0.416666 0.500000
vt 0.458333 0.500000
vt 0.500000 0.500000
vt 0.541666 0.500000
vt 0.583333 0.500000
vt 0.625000 0.500000
vt 0.666667 0.500000
vt 0.708333 0.500000
vt 0.750000 0.500000
vt 0.791667 0.500000
vt 0.833333 0.500000
vt 0.875000 0.500000
vt 0.916667 0.500000
vt 0.958333 0.500000
s 1
usemtl Note
f 3746/1867/2615 3747/1868/2616 3748/1869/2617
f 3749/1870/2618 3750/1871/2619 3751/1872/2620
f 3748/1869/2617 3752/1873/2616 3753/1874/2621
f 3754/1875/2618 3751/1872/2620 3755/1876/2622
f 3753/1874/2621 3756/1877/2616 3757/1878/2623
f 3758/1879/2618 3755/1876/2622 3759/1880/2624
f 3757/1878/2623 3760/1881/2616 3761/1882/2625
f 3762/1883/2618 3759/1880/2624 3763/1884/2626
f 3761/1882/2625 3764/1885/2616 3765/1886/2627
f 3766/1887/2618 3763/1884/2626 3767/1888/2628
f 3765/1886/2627 3768/1889/2616 3769/1890/2629
f 3770/1891/2630 3767/1888/2628 3771/1892/2631
f 3769/1890/2629 3772/1893/2616 3773/1894/2632
f 3774/1895/2618 3771/1892/2631 3775/1896/2633
f 3773/1894/2632 3776/1897/2616 3777/1898/2634
f 3778/1899/2630 3775/1896/2633 3779/1900/2635
f 3780/1901/2630 3779/1900/2635 3781/1902/2636
f 3777/1898/2634 3782/1903/2616 3783/1904/2637
f 3783/1904/2637 3784/1905/2616 3785/1906/2638
f 3786/1907/2630 3781/1902/2636 3787/1908/2639
f 3785/1906/2638 3788/1909/2640 3789/1910/2641
f 3790/1911/2630 3787/1908/2639 3791/1912/2642
f 3789/1910/2641 3792/1913/2640 3793/1914/2643
f 3794/1915/2644 3791/1912/2642 3795/1916/2645
f 3793/1914/2643 3796/1917/2640 3797/1918/2646
f 3798/1919/2647 3795/1916/2645 3799/1920/2648
f 3797/1918/2646 3800/1921/2640 3801/1922/2649
f 3802/1923/2644 3799/1920/2648 3803/1924/2650
f 3801/1922/2649 3804/1925/2640 3805/1926/2651
f 3806/1927/2647 3803/1924/2650 3807/1928/2652
f 3805/1926/2651 3808/1929/2640 3809/1930/2653
f 3810/1931/2647 3807/1928/2652 3811/1932/2654
f 3809/1930/2653 3812/1933/2640 3813/1934/2655
f 3814/1935/2647 3811/1932/2654 3815/1936/2656
f 3813/1934/2655 3816/1937/2640 3817/1938/2657
f 3818/1939/2647 3815/1936/2656 3819/1940/2658
f 3817/1938/2657 3820/1941/2640 3821/1942/2659
f 3822/1943/2647 3819/1940/2658 3823/1944/2660
f 3821/1942/2659 3824/1945/2640 3825/1946/2661
f 3826/1947/2618 3823/1944/2660 3827/1948/2662
f 3825/1946/2661 3828/1949/2640 3829/1950/2663
f 3830/1951/2618 3827/1948/2662 3831/1952/2664
f 3829/1950/2663 3832/1953/2665 3833/1954/2666
f 3834/1955/2618 3831/1952/2664 3835/1956/2667
f 3833/1954/2666 3836/1957/2616 3837/1958/2668
f 3838/1959/2618 3835/1956/2667 3839/1960/2669
f 3837/1958/2668 3840/1961/2670 3841/1962/2671
f 3842/1963/2618 3839/1960/2669 3843/1964/2672
f 3844/1965/2673 3845/1966/2670 3846/1967/2674
f 3847/1968/2618 3848/1969/2672 3849/1970/2675
f 3846/1967/2674 3850/1971/2616 3851/1972/2676
f 3852/1973/2618 3849/1970/2675 3853/1974/2677
f 3851/1972/2676 3854/1975/2616 3855/1976/2678
f 3856/1977/2618 3853/1974/2677 3857/1978/2679
f 3855/1976/2678 3858/1979/2670 3859/1980/2680
f 3860/1981/2618 3857/1978/2679 3861/1982/2681
f 3859/1980/2680 3862/1983/2616 3863/1984/2682
f 3864/1985/2618 3861/1982/2681 3865/1986/2683
f 3863/1984/2682 3866/1987/2616 3867/1988/2684
f 3868/1989/2618 3865/1986/2683 3869/1990/2685
f 3867/1988/2684 3870/1991/2616 3871/1992/2686
f 3872/1993/2618 3869/1990/2685 3873/1994/2687
f 3871/1992/2686 3874/1995/2616 3746/1867/2615
f 3875/1996/2618 3873/1994/2687 3750/1871/2619
s 0
f 3876/1997/2688 3877/1998/2688 3878/1999/2688
f 3879/2000/2689 3880/2001/2689 3881/2002/2689
f 3882/1997/2688 3883/1999/2688 3884/2003/2688
f 3885/2000/2689 3886/2004/2689 3887/2001/2689
f 3888/1997/2688 3889/2003/2688 3890/2005/2688
f 3891/2000/2689 3892/2006/2689 3893/2004/2689
f 3894/1997/2688 3895/2005/2688 3896/2007/2688
f 3897/2000/2689 3898/2008/2689 3899/2006/2689
f 3900/1997/2688 3901/2007/2688 3902/2009/2688
f 3903/2000/2689 3904/2010/2689 3905/2008/2689
f 3900/1997/2688 3902/2009/2688 3906/2011/2688
f 3907/2000/2689 3908/2012/2689 3909/2010/2689
f 3900/1997/2688 3906/2011/2688 3910/2013/2688
f 3907/2000/2689 3911/2014/2689 3908/2012/2689
f 3912/1997/2688 3913/2013/2688 3914/2015/2688
f 3907/2000/2689 3915/2016/2689 3911/2014/2689
f 3894/1997/2688 3916/2015/2688 3917/2017/2688
f 3918/2000/2689 3919/2018/2689 3920/2016/2689
f 3921/1997/2688 3922/2017/2688 3923/2019/2688
f 3924/2000/2689 3925/2020/2689 3926/2018/2689
f 3927/1997/2688 3928/2019/2688 3929/2021/2688
f 3930/2000/2689 3931/2022/2689 3932/2020/2689
f 3933/1997/2688 3934/2021/2688 3935/2023/2688
f 3936/2000/2689 3937/2024/2689 3938/2022/2689
f 3939/1997/2688 3940/2023/2688 3941/2025/2688
f 3942/2000/2689 3943/2026/2689 3944/2024/2689
f 3945/1997/2688 3946/2025/2688 3947/2027/2688
f 3948/2000/2689 3949/2028/2689 3950/2026/2689
f 3951/1997/2688 3952/2027/2688 3953/2029/2688
f 3954/2000/2689 3955/2030/2689 3956/2028/2689
f 3957/1997/2688 3958/2029/2688 3959/2031/2688
f 3960/2000/2689 3961/2032/2689 3962/2030/2689
f 3963/1997/2688 3964/2031/2688 3965/2033/2688
f 3907/2000/2689 3966/2034/2689 3967/2032/2689
f 3900/1997/2688 3968/2033/2688 3969/2035/2688
f 3907/2000/2689 3970/2036/2689 3966/2034/2689
f 3900/1997/2688 3969/2035/2688 3971/2037/2688
f 3907/2000/2689 3972/2038/2689 3970/2036/2689
f 3900/1997/2688 3971/2037/2688 3973/2039/2688
f 3974/2000/2689 3975/2040/2689 3976/2038/2689
f 3977/1997/2688 3978/2039/2688 3979/2041/2688
f 3980/2000/2689 3981/2042/2689 3982/2040/2689
f 3983/1997/2688 3984/2041/2688 3985/2043/2688
f 3986/2000/2689 3987/2044/2689 3988/2042/2689
f 3989/1997/2688 3990/2043/2688 3991/2045/2688
f 3897/2000/2689 3992/2046/2689 3993/2044/2689
f 3994/1997/2688 3995/2045/2688 3996/1998/2688
f 3997/2000/2689 3998/2002/2689 3999/2046/2689
s 1
f 4000/1867/2615 4001/1868/2616 4002/1869/2617
f 4003/1870/2618 4004/1871/2619 4005/1872/2690
f 4002/1869/2617 4006/1873/2616 4007/1874/2621
f 4008/1875/2618 4005/1872/2690 4009/1876/2691
f 4007/1874/2621 4010/1877/2616 4011/1878/2692
f 4012/1879/2618 4009/1876/2691 4013/1880/2693
f 4011/1878/2692 4014/1881/2616 4015/1882/2625
f 4016/1883/2618 4013/1880/2693 4017/1884/2626
f 4015/1882/2625 4018/1885/2616 4019/1886/2627
f 4020/1887/2618 4017/1884/2626 4021/1888/2694
f 4019/1886/2627 4022/1889/2616 4023/1890/2629
f 4024/1891/2630 4021/1888/2694 4025/1892/2631
f 4023/1890/2629 4026/1893/2616 4027/1894/2695
f 4028/1895/2618 4025/1892/2631 4029/1896/2633
f 4027/1894/2695 4030/1897/2616 4031/1898/2696
f 4032/1899/2630 4029/1896/2633 4033/1900/2697
f 4034/1901/2630 4033/1900/2697 4035/1902/2698
f 4031/1898/2696 4036/1903/2616 4037/1904/2699
f 4037/1904/2699 4038/1905/2616 4039/1906/2700
f 4040/1907/2630 4035/1902/2698 4041/1908/2639
f 4039/1906/2700 4042/1909/2640 4043/1910/2701
f 4044/1911/2630 4041/1908/2639 4045/1912/2702
f 4043/1910/2701 4046/1913/2640 4047/1914/2703
f 4048/1915/2618 4045/1912/2702 4049/1916/2704
f 4047/1914/2703 4050/1917/2640 4051/1918/2646
f 4052/1919/2644 4049/1916/2704 4053/1920/2705
f 4051/1918/2646 4054/1921/2640 4055/1922/2649
f 4056/1923/2647 4053/1920/2705 4057/1924/2706
f 4055/1922/2649 4058/1925/2640 4059/1926/2651
f 4060/1927/2647 4057/1924/2706 4061/1928/2652
f 4059/1926/2651 4062/1929/2640 4063/1930/2653
f 4064/1931/2647 4061/1928/2652 4065/1932/2707
f 4063/1930/2653 4066/1933/2640 4067/1934/2655
f 4068/1935/2647 4065/1932/2707 4069/1936/2656
f 4067/1934/2655 4070/1937/2640 4071/1938/2708
f 4072/1939/2647 4069/1936/2656 4073/1940/2658
f 4071/1938/2708 4074/1941/2640 4075/1942/2659
f 4076/1943/2647 4073/1940/2658 4077/1944/2709
f 4075/1942/2659 4078/1945/2640 4079/1946/2710
f 4080/1947/2647 4077/1944/2709 4081/1948/2711
f 4079/1946/2710 4082/1949/2640 4083/1950/2712
f 4084/1951/2618 4081/1948/2711 4085/1952/2713
f 4083/1950/2712 4086/1953/2665 4087/1954/2714
f 4088/1955/2618 4085/1952/2713 4089/1956/2667
f 4087/1954/2714 4090/1957/2616 4091/1958/2668
f 4092/1959/2618 4089/1956/2667 4093/1960/2715
f 4091/1958/2668 4094/1961/2670 4095/1962/2671
f 4096/1963/2618 4093/1960/2715 4097/1964/2672
f 4098/1965/2673 4099/1966/2670 4100/1967/2674
f 4101/1968/2618 4102/1969/2672 4103/1970/2675
f 4100/1967/2674 4104/1971/2616 4105/1972/2676
f 4106/1973/2618 4103/1970/2675 4107/1974/2677
f 4105/1972/2676 4108/1975/2616 4109/1976/2678
f 4110/1977/2618 4107/1974/2677 4111/1978/2716
f 4109/1976/2678 4112/1979/2616 4113/1980/2680
f 4114/1981/2717 4111/1978/2716 4115/1982/2681
f 4113/1980/2680 4116/1983/2616 4117/1984/2682
f 4118/1985/2618 4115/1982/2681 4119/1986/2683
f 4117/1984/2682 4120/1987/2616 4121/1988/2684
f 4122/1989/2717 4119/1986/2683 4123/1990/2685
f 4121/1988/2684 4124/1991/2616 4125/1992/2718
f 4126/1993/2618 4123/1990/2685 4127/1994/2687
f 4125/1992/2718 4128/1995/2616 4000/1867/2615
f 4129/1996/2618 4127/1994/2687 4004/1871/2619
s 0
f 4130/1997/2688 4131/1998/2688 4132/1999/2688
f 4133/2000/2689 4134/2001/2689 4135/2002/2689
f 4136/1997/2688 4137/1999/2688 4138/2003/2688
f 4139/2000/2689 4140/2004/2689 4141/2001/2689
f 4142/1997/2688 4143/2003/2688 4144/2005/2688
f 4145/2000/2689 4146/2006/2689 4147/2004/2689
f 4142/1997/2688 4144/2005/2688 4148/2007/2688
f 4145/2000/2689 4149/2008/2689 4146/2006/2689
f 4150/1997/2688 4151/2007/2688 4152/2009/2688
f 4153/2000/2689 4154/2010/2689 4155/2008/2689
f 4150/1997/2688 4152/2009/2688 4156/2011/2688
f 4157/2000/2689 4158/2012/2689 4159/2010/2689
f 4150/1997/2688 4156/2011/2688 4160/2013/2688
f 4157/2000/2689 4161/2014/2689 4158/2012/2689
f 4162/1997/2688 4163/2013/2688 4164/2015/2688
f 4157/2000/2689 4165/2016/2689 4161/2014/2689
f 4166/1997/2688 4167/2015/2688 4168/2017/2688
f 4169/2000/2689 4170/2018/2689 4171/2016/2689
f 4166/1997/2688 4168/2017/2688 4172/2019/2688
f 4173/2000/2689 4174/2020/2689 4175/2018/2689
f 4176/1997/2688 4177/2019/2688 4178/2021/2688
f 4179/2000/2689 4180/2022/2689 4181/2020/2689
f 4182/1997/2688 4183/2021/2688 4184/2023/2688
f 4185/2000/2689 4186/2024/2689 4187/2022/2689
f 4188/1997/2688 4189/2023/2688 4190/2025/2688
f 4191/2000/2689 4192/2026/2689 4193/2024/2689
f 4194/1997/2688 4195/2025/2688 4196/2027/2688
f 4197/2000/2689 4198/2028/2689 4199/2026/2689
f 4200/1997/2688 4201/2027/2688 4202/2029/2688
f 4139/2000/2689 4203/2030/2689 4204/2028/2689
f 4205/1997/2688 4206/2029/2688 4207/2031/2688
f 4208/2000/2689 4209/2032/2689 4210/2030/2689
f 4211/1997/2688 4212/2031/2688 4213/2033/2688
f 4157/2000/2689 4214/2034/2689 4215/2032/2689
f 4150/1997/2688 4216/2033/2688 4217/2035/2688
f 4157/2000/2689 4218/2036/2689 4214/2034/2689
f 4150/1997/2688 4217/2035/2688 4219/2037/2688
f 4157/2000/2689 4220/2038/2689 4218/2036/2689
f 4150/1997/2688 4219/2037/2688 4221/2039/2688
f 4222/2000/2689 4223/2040/2689 4224/2038/2689
f 4162/1997/2688 4225/2039/2688 4226/2041/2688
f 4227/2000/2689 4228/2042/2689 4229/2040/2689
f 4230/1997/2688 4231/2041/2688 4232/2043/2688
f 4233/2000/2689 4234/2044/2689 4235/2042/2689
f 4194/1997/2688 4236/2043/2688 4237/2045/2688
f 4197/2000/2689 4238/2046/2689 4239/2044/2689
f 4240/1997/2688 4241/2045/2688 4242/1998/2688
f 4243/2000/2689 4244/2002/2689 4245/2046/2689
s 1
f 4246/2047/2719 4247/2048/2720 4248/2049/2721
f 4246/2047/2719 4248/2049/2721 4249/2050/2722
f 4250/2051/2723 4251/2052/2724 4252/2053/2725
f 4250/2051/2723 4252/2053/2725 4253/2054/2726
f 4254/2055/2727 4246/2047/2719 4249/2050/2722
f 4254/2055/2727 4249/2050/2722 4255/2056/2728
f 4256/2057/2729 4250/2051/2723 4253/2054/2726
f 4256/2057/2729 4253/2054/2726 4257/2058/2730
f 4258/2059/2731 4254/2055/2727 4255/2056/2728
f 4258/2059/2731 4255/2056/2728 4259/2060/2732
f 4260/2061/2733 4256/2057/2729 4257/2058/2730
f 4260/2061/2733 4257/2058/2730 4261/2062/2734
f 4262/2063/2735 4258/2059/2731 4259/2060/2732
f 4262/2063/2735 4259/2060/2732 4263/2064/2736
f 3750/1871/2619 4260/2061/2733 4261/2062/2734
f 3750/1871/2619 4261/2062/2734 3751/1872/2620
f 4264/2065/2737 4262/2063/2735 4263/2064/2736
f 4264/2065/2737 4263/2064/2736 4265/2066/2738
f 4266/2067/2739 4264/2065/2737 4265/2066/2738
f 4266/2067/2739 4265/2066/2738 4267/2068/2740
f 4268/2069/2741 3746/1867/2615 3748/1869/2617
f 4268/2069/2741 3748/1869/2617 4269/2070/2742
f 4270/2071/2743 4266/2067/2739 4267/2068/2740
f 4270/2071/2743 4267/2068/2740 4271/2072/2744
f 4247/2048/2720 4268/2069/2741 4269/2070/2742
f 4247/2048/2720 4269/2070/2742 4248/2049/2721
f 4251/2052/2724 4270/2071/2743 4271/2072/2744
f 4251/2052/2724 4271/2072/2744 4252/2053/2725
f 4248/2049/2721 4269/2070/2742 4272/2073/2745
f 4248/2049/2721 4272/2073/2745 4273/2074/2746
f 4252/2053/2725 4271/2072/2744 4274/2075/2747
f 4252/2053/2725 4274/2075/2747 4275/2076/2748
f 4249/2050/2722 4248/2049/2721 4273/2074/2746
f 4249/2050/2722 4273/2074/2746 4276/2077/2749
f 4253/2054/2726 4252/2053/2725 4275/2076/2748
f 4253/2054/2726 4275/2076/2748 4277/2078/2750
f 4255/2056/2728 4249/2050/2722 4276/2077/2749
f 4255/2056/2728 4276/2077/2749 4278/2079/2751
f 4257/2058/2730 4253/2054/2726 4277/2078/2750
f 4257/2058/2730 4277/2078/2750 4279/2080/2752
f 4259/2060/2732 4255/2056/2728 4278/2079/2751
f 4259/2060/2732 4278/2079/2751 4280/2081/2753
f 4261/2062/2734 4257/2058/2730 4279/2080/2752
f 4261/2062/2734 4279/2080/2752 4281/2082/2754
f 4263/2064/2736 4259/2060/2732 4280/2081/2753
f 4263/2064/2736 4280/2081/2753 4282/2083/2755
f 3751/1872/2620 4261/2062/2734 4281/2082/2754
f 3751/1872/2620 4281/2082/2754 3755/1876/2622
f 4265/2066/2738 4263/2064/2736 4282/2083/2755
f 4265/2066/2738 4282/2083/2755 4283/2084/2756
f 4267/2068/2740 4265/2066/2738 4283/2084/2756
f 4267/2068/2740 4283/2084/2756 4284/2085/2757
f 4269/2070/2742 3748/1869/2617 3753/1874/2621
f 4269/2070/2742 3753/1874/2621 4272/2073/2745
f 4271/2072/2744 4267/2068/2740 4284/2085/2757
f 4271/2072/2744 4284/2085/2757 4274/2075/2747
f 4282/2083/2755 4280/2081/2753 4285/2086/2758
f 4282/2083/2755 4285/2086/2758 4286/2087/2759
f 3755/1876/2622 4281/2082/2754 4287/2088/2760
f 3755/1876/2622 4287/2088/2760 3759/1880/2624
f 4283/2084/2756 4282/2083/2755 4286/2087/2759
f 4283/2084/2756 4286/2087/2759 4288/2089/2761
f 4284/2085/2757 4283/2084/2756 4288/2089/2761
f 4284/2085/2757 4288/2089/2761 4289/2090/2762
f 4272/2073/2745 3753/1874/2621 3757/1878/2623
f 4272/2073/2745 3757/1878/2623 4290/2091/2763
f 4274/2075/2747 4284/2085/2757 4289/2090/2762
f 4274/2075/2747 4289/2090/2762 4291/2092/2764
f 4273/2074/2746 4272/2073/2745 4290/2091/2763
f 4273/2074/2746 4290/2091/2763 4292/2093/2765
f 4275/2076/2748 4274/2075/2747 4291/2092/2764
f 4275/2076/2748 4291/2092/2764 4293/2094/2766
f 4276/2077/2749 4273/2074/2746 4292/2093/2765
f 4276/2077/2749 4292/2093/2765 4294/2095/2767
f 4277/2078/2750 4275/2076/2748 4293/2094/2766
f 4277/2078/2750 4293/2094/2766 4295/2096/2768
f 4278/2079/2751 4276/2077/2749 4294/2095/2767
f 4278/2079/2751 4294/2095/2767 4296/2097/2769
f 4279/2080/2752 4277/2078/2750 4295/2096/2768
f 4279/2080/2752 4295/2096/2768 4297/2098/2770
f 4280/2081/2753 4278/2079/2751 4296/2097/2769
f 4280/2081/2753 4296/2097/2769 4285/2086/2758
f 4281/2082/2754 4279/2080/2752 4297/2098/2770
f 4281/2082/2754 4297/2098/2770 4287/2088/2760
f 4293/2094/2766 4291/2092/2764 4298/2099/2771
f 4293/2094/2766 4298/2099/2771 4299/2100/2772
f 4294/2095/2767 4292/2093/2765 4300/2101/2773
f 4294/2095/2767 4300/2101/2773 4301/2102/2774
f 4295/2096/2768 4293/2094/2766 4299/2100/2772
f 4295/2096/2768 4299/2100/2772 4302/2103/2775
f 4296/2097/2769 4294/2095/2767 4301/2102/2774
f 4296/2097/2769 4301/2102/2774 4303/2104/2776
f 4297/2098/2770 4295/2096/2768 4302/2103/2775
f 4297/2098/2770 4302/2103/2775 4304/2105/2777
f 4285/2086/2758 4296/2097/2769 4303/2104/2776
f 4285/2086/2758 4303/2104/2776 4305/2106/2778
f 4287/2088/2760 4297/2098/2770 4304/2105/2777
f 4287/2088/2760 4304/2105/2777 4306/2107/2779
f 4286/2087/2759 4285/2086/2758 4305/2106/2778
f 4286/2087/2759 4305/2106/2778 4307/2108/2780
f 3759/1880/2624 4287/2088/2760 4306/2107/2779
f 3759/1880/2624 4306/2107/2779 3763/1884/2626
f 4288/2089/2761 4286/2087/2759 4307/2108/2780
f 4288/2089/2761 4307/2108/2780 4308/2109/2781
f 4289/2090/2762 4288/2089/2761 4308/2109/2781
f 4289/2090/2762 4308/2109/2781 4309/2110/2782
f 4290/2091/2763 3757/1878/2623 3761/1882/2625
f 4290/2091/2763 3761/1882/2625 4310/2111/2783
f 4291/2092/2764 4289/2090/2762 4309/2110/2782
f 4291/2092/2764 4309/2110/2782 4298/2099/2771
f 4292/2093/2765 4290/2091/2763 4310/2111/2783
f 4292/2093/2765 4310/2111/2783 4300/2101/2773
f 3763/1884/2626 4306/2107/2779 4311/2112/2784
f 3763/1884/2626 4311/2112/2784 3767/1888/2628
f 4308/2109/2781 4307/2108/2780 4312/2113/2785
f 4308/2109/2781 4312/2113/2785 4313/2114/2786
f 4309/2110/2782 4308/2109/2781 4313/2114/2786
f 4309/2110/2782 4313/2114/2786 4314/2115/2787
f 4310/2111/2783 3761/1882/2625 3765/1886/2627
f 4310/2111/2783 3765/1886/2627 4315/2116/2788
f 4298/2099/2771 4309/2110/2782 4314/2115/2787
f 4298/2099/2771 4314/2115/2787 4316/2117/2789
f 4300/2101/2773 4310/2111/2783 4315/2116/2788
f 4300/2101/2773 4315/2116/2788 4317/2118/2790
f 4299/2100/2772 4298/2099/2771 4316/2117/2789
f 4299/2100/2772 4316/2117/2789 4318/2119/2791
f 4301/2102/2774 4300/2101/2773 4317/2118/2790
f 4301/2102/2774 4317/2118/2790 4319/2120/2792
f 4302/2103/2775 4299/2100/2772 4318/2119/2791
f 4302/2103/2775 4318/2119/2791 4320/2121/2793
f 4303/2104/2776 4301/2102/2774 4319/2120/2792
f 4303/2104/2776 4319/2120/2792 4321/2122/2794
f 4304/2105/2777 4302/2103/2775 4320/2121/2793
f 4304/2105/2777 4320/2121/2793 4322/2123/2795
f 4305/2106/2778 4303/2104/2776 4321/2122/2794
f 4305/2106/2778 4321/2122/2794 4323/2124/2796
f 4306/2107/2779 4304/2105/2777 4322/2123/2795
f 4306/2107/2779 4322/2123/2795 4311/2112/2784
f 4307/2108/2780 4305/2106/2778 4323/2124/2796
f 4307/2108/2780 4323/2124/2796 4312/2113/2785
f 4319/2120/2792 4317/2118/2790 4324/2125/2797
f 4319/2120/2792 4324/2125/2797 4325/2126/2798
f 4320/2121/2793 4318/2119/2791 4326/2127/2799
f 4320/2121/2793 4326/2127/2799 4327/2128/2800
f 4321/2122/2794 4319/2120/2792 4325/2126/2798
f 4321/2122/2794 4325/2126/2798 4328/2129/2801
f 4322/2123/2795 4320/2121/2793 4327/2128/2800
f 4322/2123/2795 4327/2128/2800 4329/2130/2802
f 4323/2124/2796 4321/2122/2794 4328/2129/2801
f 4323/2124/2796 4328/2129/2801 4330/2131/2803
f 4311/2112/2784 4322/2123/2795 4329/2130/2802
f 4311/2112/2784 4329/2130/2802 4331/2132/2804
f 4312/2113/2785 4323/2124/2796 4330/2131/2803
f 4312/2113/2785 4330/2131/2803 4332/2133/2805
f 3767/1888/2628 4311/2112/2784 4331/2132/2804
f 3767/1888/2628 4331/2132/2804 3771/1892/2631
f 4313/2114/2786 4312/2113/2785 4332/2133/2805
f 4313/2114/2786 4332/2133/2805 4333/2134/2806
f 4314/2115/2787 4313/2114/2786 4333/2134/2806
f 4314/2115/2787 4333/2134/2806 4334/2135/2807
f 4315/2116/2788 3765/1886/2627 3769/1890/2629
f 4315/2116/2788 3769/1890/2629 4335/2136/2808
f 4316/2117/2789 4314/2115/2787 4334/2135/2807
f 4316/2117/2789 4334/2135/2807 4336/2137/2809
f 4317/2118/2790 4315/2116/2788 4335/2136/2808
f 4317/2118/2790 4335/2136/2808 4324/2125/2797
f 4318/2119/2791 4316/2117/2789 4336/2137/2809
f 4318/2119/2791 4336/2137/2809 4326/2127/2799
f 4333/2134/2806 4332/2133/2805 4337/2138/2810
f 4333/2134/2806 4337/2138/2810 4338/2139/2811
f 4334/2135/2807 4333/2134/2806 4338/2139/2811
f 4334/2135/2807 4338/2139/2811 4339/2140/2812
f 4335/2136/2808 3769/1890/2629 3773/1894/2632
f 4335/2136/2808 3773/1894/2632 4340/2141/2813
f 4336/2137/2809 4334/2135/2807 4339/2140/2812
f 4336/2137/2809 4339/2140/2812 4341/2142/2814
f 4324/2125/2797 4335/2136/2808 4340/2141/2813
f 4324/2125/2797 4340/2141/2813 4342/2143/2815
f 4326/2127/2799 4336/2137/2809 4341/2142/2814
f 4326/2127/2799 4341/2142/2814 4343/2144/2816
f 4325/2126/2798 4324/2125/2797 4342/2143/2815
f 4325/2126/2798 4342/2143/2815 4344/2145/2817
f 4327/2128/2800 4326/2127/2799 4343/2144/2816
f 4327/2128/2800 4343/2144/2816 4345/2146/2818
f 4328/2129/2801 4325/2126/2798 4344/2145/2817
f 4328/2129/2801 4344/2145/2817 4346/2147/2819
f 4329/2130/2802 4327/2128/2800 4345/2146/2818
f 4329/2130/2802 4345/2146/2818 4347/2148/2820
f 4330/2131/2803 4328/2129/2801 4346/2147/2819
f 4330/2131/2803 4346/2147/2819 4348/2149/2821
f 4331/2132/2804 4329/2130/2802 4347/2148/2820
f 4331/2132/2804 4347/2148/2820 4349/2150/2822
f 4332/2133/2805 4330/2131/2803 4348/2149/2821
f 4332/2133/2805 4348/2149/2821 4337/2138/2810
f 3771/1892/2631 4331/2132/2804 4349/2150/2822
f 3771/1892/2631 4349/2150/2822 3775/1896/2633
f 4345/2146/2818 4343/2144/2816 4350/2151/2823
f 4345/2146/2818 4350/2151/2823 4351/2152/2824
f 4346/2147/2819 4344/2145/2817 4352/2153/2825
f 4346/2147/2819 4352/2153/2825 4353/2154/2826
f 4347/2148/2820 4345/2146/2818 4351/2152/2824
f 4347/2148/2820 4351/2152/2824 4354/2155/2827
f 4348/2149/2821 4346/2147/2819 4353/2154/2826
f 4348/2149/2821 4353/2154/2826 4355/2156/2828
f 4349/2150/2822 4347/2148/2820 4354/2155/2827
f 4349/2150/2822 4354/2155/2827 4356/2157/2829
f 4337/2138/2810 4348/2149/2821 4355/2156/2828
f 4337/2138/2810 4355/2156/2828 4357/2158/2830
f 3775/1896/2633 4349/2150/2822 4356/2157/2829
f 3775/1896/2633 4356/2157/2829 3779/1900/2635
f 4338/2139/2811 4337/2138/2810 4357/2158/2830
f 4338/2139/2811 4357/2158/2830 4358/2159/2831
f 4339/2140/2812 4338/2139/2811 4358/2159/2831
f 4339/2140/2812 4358/2159/2831 4359/2160/2832
f 4340/2141/2813 3773/1894/2632 3777/1898/2634
f 4340/2141/2813 3777/1898/2634 4360/2161/2833
f 4341/2142/2814 4339/2140/2812 4359/2160/2832
f 4341/2142/2814 4359/2160/2832 4361/2162/2834
f 4342/2143/2815 4340/2141/2813 4360/2161/2833
f 4342/2143/2815 4360/2161/2833 4362/2163/2835
f 4343/2144/2816 4341/2142/2814 4361/2162/2834
f 4343/2144/2816 4361/2162/2834 4350/2151/2823
f 4344/2145/2817 4342/2143/2815 4362/2163/2835
f 4344/2145/2817 4362/2163/2835 4352/2153/2825
f 4359/2160/2832 4358/2159/2831 4363/2164/2836
f 4359/2160/2832 4363/2164/2836 4364/2165/2837
f 4360/2161/2833 3777/1898/2634 3783/1904/2637
f 4360/2161/2833 3783/1904/2637 4365/2166/2838
f 4361/2162/2834 4359/2160/2832 4364/2165/2837
f 4361/2162/2834 4364/2165/2837 4366/2167/2839
f 4362/2163/2835 4360/2161/2833 4365/2166/2838
f 4362/2163/2835 4365/2166/2838 4367/2168/2840
f 4350/2151/2823 4361/2162/2834 4366/2167/2839
f 4350/2151/2823 4366/2167/2839 4368/2169/2841
f 4352/2153/2825 4362/2163/2835 4367/2168/2840
f 4352/2153/2825 4367/2168/2840 4369/2170/2842
f 4351/2152/2824 4350/2151/2823 4368/2169/2841
f 4351/2152/2824 4368/2169/2841 4370/2171/2843
f 4353/2154/2826 4352/2153/2825 4369/2170/2842
f 4353/2154/2826 4369/2170/2842 4371/2172/2844
f 4354/2155/2827 4351/2152/2824 4370/2171/2843
f 4354/2155/2827 4370/2171/2843 4372/2173/2845
f 4355/2156/2828 4353/2154/2826 4371/2172/2844
f 4355/2156/2828 4371/2172/2844 4373/2174/2846
f 4356/2157/2829 4354/2155/2827 4372/2173/2845
f 4356/2157/2829 4372/2173/2845 4374/2175/2847
f 4357/2158/2830 4355/2156/2828 4373/2174/2846
f 4357/2158/2830 4373/2174/2846 4375/2176/2848
f 3779/1900/2635 4356/2157/2829 4374/2175/2847
f 3779/1900/2635 4374/2175/2847 3781/1902/2636
f 4358/2159/2831 4357/2158/2830 4375/2176/2848
f 4358/2159/2831 4375/2176/2848 4363/2164/2836
f 4372/2173/2845 4370/2171/2843 4376/2177/2849
f 4372/2173/2845 4376/2177/2849 4377/2178/2850
f 4373/2174/2846 4371/2172/2844 4378/2179/2851
f 4373/2174/2846 4378/2179/2851 4379/2180/2852
f 4374/2175/2847 4372/2173/2845 4377/2178/2850
f 4374/2175/2847 4377/2178/2850 4380/2181/2853
f 4375/2176/2848 4373/2174/2846 4379/2180/2852
f 4375/2176/2848 4379/2180/2852 4381/2182/2854
f 3781/1902/2636 4374/2175/2847 4380/2181/2853
f 3781/1902/2636 4380/2181/2853 3787/1908/2639
f 4363/2164/2836 4375/2176/2848 4381/2182/2854
f 4363/2164/2836 4381/2182/2854 4382/2183/2855
f 4364/2165/2837 4363/2164/2836 4382/2183/2855
f 4364/2165/2837 4382/2183/2855 4383/2184/2856
f 4365/2166/2838 3783/1904/2637 3785/1906/2638
f 4365/2166/2838 3785/1906/2638 4384/2185/2857
f 4366/2167/2839 4364/2165/2837 4383/2184/2856
f 4366/2167/2839 4383/2184/2856 4385/2186/2858
f 4367/2168/2840 4365/2166/2838 4384/2185/2857
f 4367/2168/2840 4384/2185/2857 4386/2187/2859
f 4368/2169/2841 4366/2167/2839 4385/2186/2858
f 4368/2169/2841 4385/2186/2858 4387/2188/2860
f 4369/2170/2842 4367/2168/2840 4386/2187/2859
f 4369/2170/2842 4386/2187/2859 4388/2189/2861
f 4370/2171/2843 4368/2169/2841 4387/2188/2860
f 4370/2171/2843 4387/2188/2860 4376/2177/2849
f 4371/2172/2844 4369/2170/2842 4388/2189/2861
f 4371/2172/2844 4388/2189/2861 4378/2179/2851
f 4384/2185/2857 3785/1906/2638 3789/1910/2641
f 4384/2185/2857 3789/1910/2641 4389/2190/2862
f 4385/2186/2858 4383/2184/2856 4390/2191/2863
f 4385/2186/2858 4390/2191/2863 4391/2192/2864
f 4386/2187/2859 4384/2185/2857 4389/2190/2862
f 4386/2187/2859 4389/2190/2862 4392/2193/2865
f 4387/2188/2860 4385/2186/2858 4391/2192/2864
f 4387/2188/2860 4391/2192/2864 4393/2194/2866
f 4388/2189/2861 4386/2187/2859 4392/2193/2865
f 4388/2189/2861 4392/2193/2865 4394/2195/2867
f 4376/2177/2849 4387/2188/2860 4393/2194/2866
f 4376/2177/2849 4393/2194/2866 4395/2196/2868
f 4378/2179/2851 4388/2189/2861 4394/2195/2867
f 4378/2179/2851 4394/2195/2867 4396/2197/2869
f 4377/2178/2850 4376/2177/2849 4395/2196/2868
f 4377/2178/2850 4395/2196/2868 4397/2198/2870
f 4379/2180/2852 4378/2179/2851 4396/2197/2869
f 4379/2180/2852 4396/2197/2869 4398/2199/2871
f 4380/2181/2853 4377/2178/2850 4397/2198/2870
f 4380/2181/2853 4397/2198/2870 4399/2200/2872
f 4381/2182/2854 4379/2180/2852 4398/2199/2871
f 4381/2182/2854 4398/2199/2871 4400/2201/2873
f 3787/1908/2639 4380/2181/2853 4399/2200/2872
f 3787/1908/2639 4399/2200/2872 3791/1912/2642
f 4382/2183/2855 4381/2182/2854 4400/2201/2873
f 4382/2183/2855 4400/2201/2873 4401/2202/2874
f 4383/2184/2856 4382/2183/2855 4401/2202/2874
f 4383/2184/2856 4401/2202/2874 4390/2191/2863
f 4398/2199/2871 4396/2197/2869 4402/2203/2875
f 4398/2199/2871 4402/2203/2875 4403/2204/2876
f 4399/2200/2872 4397/2198/2870 4404/2205/2877
f 4399/2200/2872 4404/2205/2877 4405/2206/2878
f 4400/2201/2873 4398/2199/2871 4403/2204/2876
f 4400/2201/2873 4403/2204/2876 4406/2207/2879
f 3791/1912/2642 4399/2200/2872 4405/2206/2878
f 3791/1912/2642 4405/2206/2878 3795/1916/2645
f 4401/2202/2874 4400/2201/2873 4406/2207/2879
f 4401/2202/2874 4406/2207/2879 4407/2208/2880
f 4390/2191/2863 4401/2202/2874 4407/2208/2880
f 4390/2191/2863 4407/2208/2880 4408/2209/2881
f 4389/2190/2862 3789/1910/2641 3793/1914/2643
f 4389/2190/2862 3793/1914/2643 4409/2210/2882
f 4391/2192/2864 4390/2191/2863 4408/2209/2881
f 4391/2192/2864 4408/2209/2881 4410/2211/2883
f 4392/2193/2865 4389/2190/2862 4409/2210/2882
f 4392/2193/2865 4409/2210/2882 4411/2212/2884
f 4393/2194/2866 4391/2192/2864 4410/2211/2883
f 4393/2194/2866 4410/2211/2883 4412/2213/2885
f 4394/2195/2867 4392/2193/2865 4411/2212/2884
f 4394/2195/2867 4411/2212/2884 4413/2214/2886
f 4395/2196/2868 4393/2194/2866 4412/2213/2885
f 4395/2196/2868 4412/2213/2885 4414/2215/2887
f 4396/2197/2869 4394/2195/2867 4413/2214/2886
f 4396/2197/2869 4413/2214/2886 4402/2203/2875
f 4397/2198/2870 4395/2196/2868 4414/2215/2887
f 4397/2198/2870 4414/2215/2887 4404/2205/2877
f 4410/2211/2883 4408/2209/2881 4415/2216/2888
f 4410/2211/2883 4415/2216/2888 4416/2217/2889
f 4411/2212/2884 4409/2210/2882 4417/2218/2890
f 4411/2212/2884 4417/2218/2890 4418/2219/2891
f 4412/2213/2885 4410/2211/2883 4416/2217/2889
f 4412/2213/2885 4416/2217/2889 4419/2220/2892
f 4413/2214/2886 4411/2212/2884 4418/2219/2891
f 4413/2214/2886 4418/2219/2891 4420/2221/2893
f 4414/2215/2887 4412/2213/2885 4419/2220/2892
f 4414/2215/2887 4419/2220/2892 4421/2222/2894
f 4402/2203/2875 4413/2214/2886 4420/2221/2893
f 4402/2203/2875 4420/2221/2893 4422/2223/2895
f 4404/2205/2877 4414/2215/2887 4421/2222/2894
f 4404/2205/2877 4421/2222/2894 4423/2224/2896
f 4403/2204/2876 4402/2203/2875 4422/2223/2895
f 4403/2204/2876 4422/2223/2895 4424/2225/2897
f 4405/2206/2878 4404/2205/2877 4423/2224/2896
f 4405/2206/2878 4423/2224/2896 4425/2226/2898
f 4406/2207/2879 4403/2204/2876 4424/2225/2897
f 4406/2207/2879 4424/2225/2897 4426/2227/2899
f 3795/1916/2645 4405/2206/2878 4425/2226/2898
f 3795/1916/2645 4425/2226/2898 3799/1920/2648
f 4407/2208/2880 4406/2207/2879 4426/2227/2899
f 4407/2208/2880 4426/2227/2899 4427/2228/2900
f 4408/2209/2881 4407/2208/2880 4427/2228/2900
f 4408/2209/2881 4427/2228/2900 4415/2216/2888
f 4409/2210/2882 3793/1914/2643 3797/1918/2646
f 4409/2210/2882 3797/1918/2646 4417/2218/2890
f 4425/2226/2898 4423/2224/2896 4428/2229/2901
f 4425/2226/2898 4428/2229/2901 4429/2230/2902
f 4426/2227/2899 4424/2225/2897 4430/2231/2903
f 4426/2227/2899 4430/2231/2903 4431/2232/2904
f 3799/1920/2648 4425/2226/2898 4429/2230/2902
f 3799/1920/2648 4429/2230/2902 3803/1924/2650
f 4427/2228/2900 4426/2227/2899 4431/2232/2904
f 4427/2228/2900 4431/2232/2904 4432/2233/2905
f 4415/2216/2888 4427/2228/2900 4432/2233/2905
f 4415/2216/2888 4432/2233/2905 4433/2234/2906
f 4417/2218/2890 3797/1918/2646 3801/1922/2649
f 4417/2218/2890 3801/1922/2649 4434/2235/2907
f 4416/2217/2889 4415/2216/2888 4433/2234/2906
f 4416/2217/2889 4433/2234/2906 4435/2236/2908
f 4418/2219/2891 4417/2218/2890 4434/2235/2907
f 4418/2219/2891 4434/2235/2907 4436/2237/2909
f 4419/2220/2892 4416/2217/2889 4435/2236/2908
f 4419/2220/2892 4435/2236/2908 4437/2238/2910
f 4420/2221/2893 4418/2219/2891 4436/2237/2909
f 4420/2221/2893 4436/2237/2909 4438/2239/2911
f 4421/2222/2894 4419/2220/2892 4437/2238/2910
f 4421/2222/2894 4437/2238/2910 4439/2240/2912
f 4422/2223/2895 4420/2221/2893 4438/2239/2911
f 4422/2223/2895 4438/2239/2911 4440/2241/2913
f 4423/2224/2896 4421/2222/2894 4439/2240/2912
f 4423/2224/2896 4439/2240/2912 4428/2229/2901
f 4424/2225/2897 4422/2223/2895 4440/2241/2913
f 4424/2225/2897 4440/2241/2913 4430/2231/2903
f 4436/2237/2909 4434/2235/2907 4441/2242/2914
f 4436/2237/2909 4441/2242/2914 4442/2243/2915
f 4437/2238/2910 4435/2236/2908 4443/2244/2916
f 4437/2238/2910 4443/2244/2916 4444/2245/2917
f 4438/2239/2911 4436/2237/2909 4442/2243/2915
f 4438/2239/2911 4442/2243/2915 4445/2246/2918
f 4439/2240/2912 4437/2238/2910 4444/2245/2917
f 4439/2240/2912 4444/2245/2917 4446/2247/2919
f 4440/2241/2913 4438/2239/2911 4445/2246/2918
f 4440/2241/2913 4445/2246/2918 4447/2248/2920
f 4428/2229/2901 4439/2240/2912 4446/2247/2919
f 4428/2229/2901 4446/2247/2919 4448/2249/2921
f 4430/2231/2903 4440/2241/2913 4447/2248/2920
f 4430/2231/2903 4447/2248/2920 4449/2250/2922
f 4429/2230/2902 4428/2229/2901 4448/2249/2921
f 4429/2230/2902 4448/2249/2921 4450/2251/2923
f 4431/2232/2904 4430/2231/2903 4449/2250/2922
f 4431/2232/2904 4449/2250/2922 4451/2252/2924
f 3803/1924/2650 4429/2230/2902 4450/2251/2923
f 3803/1924/2650 4450/2251/2923 3807/1928/2652
f 4432/2233/2905 4431/2232/2904 4451/2252/2924
f 4432/2233/2905 4451/2252/2924 4452/2253/2925
f 4433/2234/2906 4432/2233/2905 4452/2253/2925
f 4433/2234/2906 4452/2253/2925 4453/2254/2926
f 4434/2235/2907 3801/1922/2649 3805/1926/2651
f 4434/2235/2907 3805/1926/2651 4441/2242/2914
f 4435/2236/2908 4433/2234/2906 4453/2254/2926
f 4435/2236/2908 4453/2254/2926 4443/2244/2916
f 4451/2252/2924 4449/2250/2922 4454/2255/2927
f 4451/2252/2924 4454/2255/2927 4455/2256/2928
f 3807/1928/2652 4450/2251/2923 4456/2257/2929
f 3807/1928/2652 4456/2257/2929 3811/1932/2654
f 4452/2253/2925 4451/2252/2924 4455/2256/2928
f 4452/2253/2925 4455/2256/2928 4457/2258/2930
f 4453/2254/2926 4452/2253/2925 4457/2258/2930
f 4453/2254/2926 4457/2258/2930 4458/2259/2931
f 4441/2242/2914 3805/1926/2651 3809/1930/2653
f 4441/2242/2914 3809/1930/2653 4459/2260/2932
f 4443/2244/2916 4453/2254/2926 4458/2259/2931
f 4443/2244/2916 4458/2259/2931 4460/2261/2933
f 4442/2243/2915 4441/2242/2914 4459/2260/2932
f 4442/2243/2915 4459/2260/2932 4461/2262/2934
f 4444/2245/2917 4443/2244/2916 4460/2261/2933
f 4444/2245/2917 4460/2261/2933 4462/2263/2935
f 4445/2246/2918 4442/2243/2915 4461/2262/2934
f 4445/2246/2918 4461/2262/2934 4463/2264/2936
f 4446/2247/2919 4444/2245/2917 4462/2263/2935
f 4446/2247/2919 4462/2263/2935 4464/2000/2937
f 4447/2248/2920 4445/2246/2918 4463/2264/2936
f 4447/2248/2920 4463/2264/2936 4465/2265/2938
f 4448/2249/2921 4446/2247/2919 4464/2000/2937
f 4448/2249/2921 4464/2000/2937 4466/2266/2939
f 4449/2250/2922 4447/2248/2920 4465/2265/2938
f 4449/2250/2922 4465/2265/2938 4454/2255/2927
f 4450/2251/2923 4448/2249/2921 4466/2266/2939
f 4450/2251/2923 4466/2266/2939 4456/2257/2929
f 4462/2263/2935 4460/2261/2933 4467/2267/2940
f 4462/2263/2935 4467/2267/2940 4468/2268/2941
f 4463/2264/2936 4461/2262/2934 4469/2269/2942
f 4463/2264/2936 4469/2269/2942 4470/2270/2943
f 4464/2000/2937 4462/2263/2935 4468/2268/2941
f 4464/2000/2937 4468/2268/2941 4471/2271/2944
f 4465/2265/2938 4463/2264/2936 4470/2270/2943
f 4465/2265/2938 4470/2270/2943 4472/2272/2945
f 4466/2266/2939 4464/2000/2937 4471/2271/2944
f 4466/2266/2939 4471/2271/2944 4473/2273/2946
f 4454/2255/2927 4465/2265/2938 4472/2272/2945
f 4454/2255/2927 4472/2272/2945 4474/2274/2947
f 4456/2257/2929 4466/2266/2939 4473/2273/2946
f 4456/2257/2929 4473/2273/2946 4475/2275/2948
f 4455/2256/2928 4454/2255/2927 4474/2274/2947
f 4455/2256/2928 4474/2274/2947 4476/2276/2949
f 3811/1932/2654 4456/2257/2929 4475/2275/2948
f 3811/1932/2654 4475/2275/2948 3815/1936/2656
f 4457/2258/2930 4455/2256/2928 4476/2276/2949
f 4457/2258/2930 4476/2276/2949 4477/2277/2950
f 4458/2259/2931 4457/2258/2930 4477/2277/2950
f 4458/2259/2931 4477/2277/2950 4478/2278/2951
f 4459/2260/2932 3809/1930/2653 3813/1934/2655
f 4459/2260/2932 3813/1934/2655 4479/2279/2952
f 4460/2261/2933 4458/2259/2931 4478/2278/2951
f 4460/2261/2933 4478/2278/2951 4467/2267/2940
f 4461/2262/2934 4459/2260/2932 4479/2279/2952
f 4461/2262/2934 4479/2279/2952 4469/2269/2942
f 3815/1936/2656 4475/2275/2948 4480/2280/2953
f 3815/1936/2656 4480/2280/2953 3819/1940/2658
f 4477/2277/2950 4476/2276/2949 4481/2281/2954
f 4477/2277/2950 4481/2281/2954 4482/2282/2955
f 4478/2278/2951 4477/2277/2950 4482/2282/2955
f 4478/2278/2951 4482/2282/2955 4483/2283/2956
f 4479/2279/2952 3813/1934/2655 3817/1938/2657
f 4479/2279/2952 3817/1938/2657 4484/2284/2957
f 4467/2267/2940 4478/2278/2951 4483/2283/2956
f 4467/2267/2940 4483/2283/2956 4485/2285/2958
f 4469/2269/2942 4479/2279/2952 4484/2284/2957
f 4469/2269/2942 4484/2284/2957 4486/2286/2959
f 4468/2268/2941 4467/2267/2940 4485/2285/2958
f 4468/2268/2941 4485/2285/2958 4487/2287/2960
f 4470/2270/2943 4469/2269/2942 4486/2286/2959
f 4470/2270/2943 4486/2286/2959 4488/2288/2961
f 4471/2271/2944 4468/2268/2941 4487/2287/2960
f 4471/2271/2944 4487/2287/2960 4489/2289/2962
f 4472/2272/2945 4470/2270/2943 4488/2288/2961
f 4472/2272/2945 4488/2288/2961 4490/2290/2963
f 4473/2273/2946 4471/2271/2944 4489/2289/2962
f 4473/2273/2946 4489/2289/2962 4491/2291/2964
f 4474/2274/2947 4472/2272/2945 4490/2290/2963
f 4474/2274/2947 4490/2290/2963 4492/2292/2965
f 4475/2275/2948 4473/2273/2946 4491/2291/2964
f 4475/2275/2948 4491/2291/2964 4480/2280/2953
f 4476/2276/2949 4474/2274/2947 4492/2292/2965
f 4476/2276/2949 4492/2292/2965 4481/2281/2954
f 4489/2289/2962 4487/2287/2960 4493/2293/2966
f 4489/2289/2962 4493/2293/2966 4494/2294/2967
f 4490/2290/2963 4488/2288/2961 4495/2295/2968
f 4490/2290/2963 4495/2295/2968 4496/2296/2969
f 4491/2291/2964 4489/2289/2962 4494/2294/2967
f 4491/2291/2964 4494/2294/2967 4497/2297/2970
f 4492/2292/2965 4490/2290/2963 4496/2296/2969
f 4492/2292/2965 4496/2296/2969 4498/2298/2971
f 4480/2280/2953 4491/2291/2964 4497/2297/2970
f 4480/2280/2953 4497/2297/2970 4499/2299/2972
f 4481/2281/2954 4492/2292/2965 4498/2298/2971
f 4481/2281/2954 4498/2298/2971 4500/2300/2973
f 3819/1940/2658 4480/2280/2953 4499/2299/2972
f 3819/1940/2658 4499/2299/2972 3823/1944/2660
f 4482/2282/2955 4481/2281/2954 4500/2300/2973
f 4482/2282/2955 4500/2300/2973 4501/2301/2974
f 4483/2283/2956 4482/2282/2955 4501/2301/2974
f 4483/2283/2956 4501/2301/2974 4502/2302/2975
f 4484/2284/2957 3817/1938/2657 3821/1942/2659
f 4484/2284/2957 3821/1942/2659 4503/2303/2976
f 4485/2285/2958 4483/2283/2956 4502/2302/2975
f 4485/2285/2958 4502/2302/2975 4504/2304/2977
f 4486/2286/2959 4484/2284/2957 4503/2303/2976
f 4486/2286/2959 4503/2303/2976 4505/2305/2978
f 4487/2287/2960 4485/2285/2958 4504/2304/2977
f 4487/2287/2960 4504/2304/2977 4493/2293/2966
f 4488/2288/2961 4486/2286/2959 4505/2305/2978
f 4488/2288/2961 4505/2305/2978 4495/2295/2968
f 4502/2302/2975 4501/2301/2974 4506/2306/2979
f 4502/2302/2975 4506/2306/2979 4507/2307/2980
f 4503/2303/2976 3821/1942/2659 3825/1946/2661
f 4503/2303/2976 3825/1946/2661 4508/2308/2981
f 4504/2304/2977 4502/2302/2975 4507/2307/2980
f 4504/2304/2977 4507/2307/2980 4509/2309/2982
f 4505/2305/2978 4503/2303/2976 4508/2308/2981
f 4505/2305/2978 4508/2308/2981 4510/2310/2983
f 4493/2293/2966 4504/2304/2977 4509/2309/2982
f 4493/2293/2966 4509/2309/2982 4511/2311/2984
f 4495/2295/2968 4505/2305/2978 4510/2310/2983
f 4495/2295/2968 4510/2310/2983 4512/2312/2985
f 4494/2294/2967 4493/2293/2966 4511/2311/2984
f 4494/2294/2967 4511/2311/2984 4513/2313/2986
f 4496/2296/2969 4495/2295/2968 4512/2312/2985
f 4496/2296/2969 4512/2312/2985 4514/2314/2987
f 4497/2297/2970 4494/2294/2967 4513/2313/2986
f 4497/2297/2970 4513/2313/2986 4515/2315/2988
f 4498/2298/2971 4496/2296/2969 4514/2314/2987
f 4498/2298/2971 4514/2314/2987 4516/2316/2989
f 4499/2299/2972 4497/2297/2970 4515/2315/2988
f 4499/2299/2972 4515/2315/2988 4517/2317/2990
f 4500/2300/2973 4498/2298/2971 4516/2316/2989
f 4500/2300/2973 4516/2316/2989 4518/2318/2991
f 3823/1944/2660 4499/2299/2972 4517/2317/2990
f 3823/1944/2660 4517/2317/2990 3827/1948/2662
f 4501/2301/2974 4500/2300/2973 4518/2318/2991
f 4501/2301/2974 4518/2318/2991 4506/2306/2979
f 4514/2314/2987 4512/2312/2985 4519/2319/2992
f 4514/2314/2987 4519/2319/2992 4520/2320/2993
f 4515/2315/2988 4513/2313/2986 4521/2321/2994
f 4515/2315/2988 4521/2321/2994 4522/2322/2995
f 4516/2316/2989 4514/2314/2987 4520/2320/2993
f 4516/2316/2989 4520/2320/2993 4523/2323/2996
f 4517/2317/2990 4515/2315/2988 4522/2322/2995
f 4517/2317/2990 4522/2322/2995 4524/2324/2997
f 4518/2318/2991 4516/2316/2989 4523/2323/2996
f 4518/2318/2991 4523/2323/2996 4525/2325/2998
f 3827/1948/2662 4517/2317/2990 4524/2324/2997
f 3827/1948/2662 4524/2324/2997 3831/1952/2664
f 4506/2306/2979 4518/2318/2991 4525/2325/2998
f 4506/2306/2979 4525/2325/2998 4526/2326/2999
f 4507/2307/2980 4506/2306/2979 4526/2326/2999
f 4507/2307/2980 4526/2326/2999 4527/2327/3000
f 4508/2308/2981 3825/1946/2661 3829/1950/2663
f 4508/2308/2981 3829/1950/2663 4528/2328/3001
f 4509/2309/2982 4507/2307/2980 4527/2327/3000
f 4509/2309/2982 4527/2327/3000 4529/2329/3002
f 4510/2310/2983 4508/2308/2981 4528/2328/3001
f 4510/2310/2983 4528/2328/3001 4530/2330/3003
f 4511/2311/2984 4509/2309/2982 4529/2329/3002
f 4511/2311/2984 4529/2329/3002 4531/2331/3004
f 4512/2312/2985 4510/2310/2983 4530/2330/3003
f 4512/2312/2985 4530/2330/3003 4519/2319/2992
f 4513/2313/2986 4511/2311/2984 4531/2331/3004
f 4513/2313/2986 4531/2331/3004 4521/2321/2994
f 4527/2327/3000 4526/2326/2999 4532/2332/3005
f 4527/2327/3000 4532/2332/3005 4533/2333/3006
f 4528/2328/3001 3829/1950/2663 3833/1954/2666
f 4528/2328/3001 3833/1954/2666 4534/2334/3007
f 4529/2329/3002 4527/2327/3000 4533/2333/3006
f 4529/2329/3002 4533/2333/3006 4535/2335/3008
f 4530/2330/3003 4528/2328/3001 4534/2334/3007
f 4530/2330/3003 4534/2334/3007 4536/2336/3009
f 4531/2331/3004 4529/2329/3002 4535/2335/3008
f 4531/2331/3004 4535/2335/3008 4537/2337/3010
f 4519/2319/2992 4530/2330/3003 4536/2336/3009
f 4519/2319/2992 4536/2336/3009 4538/2338/3011
f 4521/2321/2994 4531/2331/3004 4537/2337/3010
f 4521/2321/2994 4537/2337/3010 4539/2339/3012
f 4520/2320/2993 4519/2319/2992 4538/2338/3011
f 4520/2320/2993 4538/2338/3011 4540/2340/3013
f 4522/2322/2995 4521/2321/2994 4539/2339/3012
f 4522/2322/2995 4539/2339/3012 4541/2341/3014
f 4523/2323/2996 4520/2320/2993 4540/2340/3013
f 4523/2323/2996 4540/2340/3013 4542/2342/3015
f 4524/2324/2997 4522/2322/2995 4541/2341/3014
f 4524/2324/2997 4541/2341/3014 4543/2343/3016
f 4525/2325/2998 4523/2323/2996 4542/2342/3015
f 4525/2325/2998 4542/2342/3015 4544/2344/3017
f 3831/1952/2664 4524/2324/2997 4543/2343/3016
f 3831/1952/2664 4543/2343/3016 3835/1956/2667
f 4526/2326/2999 4525/2325/2998 4544/2344/3017
f 4526/2326/2999 4544/2344/3017 4532/2332/3005
f 4541/2341/3014 4539/2339/3012 4545/2345/3018
f 4541/2341/3014 4545/2345/3018 4546/2346/3019
f 4542/2342/3015 4540/2340/3013 4547/2347/3020
f 4542/2342/3015 4547/2347/3020 4548/2348/3021
f 4543/2343/3016 4541/2341/3014 4546/2346/3019
f 4543/2343/3016 4546/2346/3019 4549/2349/3022
f 4544/2344/3017 4542/2342/3015 4548/2348/3021
f 4544/2344/3017 4548/2348/3021 4550/2350/3023
f 3835/1956/2667 4543/2343/3016 4549/2349/3022
f 3835/1956/2667 4549/2349/3022 3839/1960/2669
f 4532/2332/3005 4544/2344/3017 4550/2350/3023
f 4532/2332/3005 4550/2350/3023 4551/2351/3024
f 4533/2333/3006 4532/2332/3005 4551/2351/3024
f 4533/2333/3006 4551/2351/3024 4552/2352/3025
f 4534/2334/3007 3833/1954/2666 3837/1958/2668
f 4534/2334/3007 3837/1958/2668 4553/2353/3026
f 4535/2335/3008 4533/2333/3006 4552/2352/3025
f 4535/2335/3008 4552/2352/3025 4554/2354/3027
f 4536/2336/3009 4534/2334/3007 4553/2353/3026
f 4536/2336/3009 4553/2353/3026 4555/2355/3028
f 4537/2337/3010 4535/2335/3008 4554/2354/3027
f 4537/2337/3010 4554/2354/3027 4556/2356/3029
f 4538/2338/3011 4536/2336/3009 4555/2355/3028
f 4538/2338/3011 4555/2355/3028 4557/2357/3030
f 4539/2339/3012 4537/2337/3010 4556/2356/3029
f 4539/2339/3012 4556/2356/3029 4545/2345/3018
f 4540/2340/3013 4538/2338/3011 4557/2357/3030
f 4540/2340/3013 4557/2357/3030 4547/2347/3020
f 4553/2353/3026 3837/1958/2668 3841/1962/2671
f 4553/2353/3026 3841/1962/2671 4558/2358/3031
f 4554/2354/3027 4552/2352/3025 4559/2359/3032
f 4554/2354/3027 4559/2359/3032 4560/2360/3033
f 4555/2355/3028 4553/2353/3026 4558/2358/3031
f 4555/2355/3028 4558/2358/3031 4561/2361/3034
f 4556/2356/3029 4554/2354/3027 4560/2360/3033
f 4556/2356/3029 4560/2360/3033 4562/2362/3035
f 4557/2357/3030 4555/2355/3028 4561/2361/3034
f 4557/2357/3030 4561/2361/3034 4563/2363/3036
f 4545/2345/3018 4556/2356/3029 4562/2362/3035
f 4545/2345/3018 4562/2362/3035 4564/2364/3037
f 4547/2347/3020 4557/2357/3030 4563/2363/3036
f 4547/2347/3020 4563/2363/3036 4565/2365/3038
f 4546/2346/3019 4545/2345/3018 4564/2364/3037
f 4546/2346/3019 4564/2364/3037 4566/2366/3039
f 4548/2348/3021 4547/2347/3020 4565/2365/3038
f 4548/2348/3021 4565/2365/3038 4567/2367/3040
f 4549/2349/3022 4546/2346/3019 4566/2366/3039
f 4549/2349/3022 4566/2366/3039 4568/2368/3041
f 4550/2350/3023 4548/2348/3021 4567/2367/3040
f 4550/2350/3023 4567/2367/3040 4569/2369/3042
f 3839/1960/2669 4549/2349/3022 4568/2368/3041
f 3839/1960/2669 4568/2368/3041 3843/1964/2672
f 4551/2351/3024 4550/2350/3023 4569/2369/3042
f 4551/2351/3024 4569/2369/3042 4570/2370/3043
f 4552/2352/3025 4551/2351/3024 4570/2370/3043
f 4552/2352/3025 4570/2370/3043 4559/2359/3032
f 4571/2371/3044 4572/2372/3038 4573/2373/3045
f 4571/2371/3044 4573/2373/3045 4574/2374/3046
f 4575/2375/3041 4576/2376/3047 4577/2377/3048
f 4575/2375/3041 4577/2377/3048 4578/2378/3049
f 4579/2379/3042 4571/2371/3044 4574/2374/3046
f 4579/2379/3042 4574/2374/3046 4580/2380/3050
f 3848/1969/2672 4575/2375/3041 4578/2378/3049
f 3848/1969/2672 4578/2378/3049 3849/1970/2675
f 4581/2381/3043 4579/2379/3042 4580/2380/3050
f 4581/2381/3043 4580/2380/3050 4582/2382/3051
f 4583/2383/3032 4581/2381/3043 4582/2382/3051
f 4583/2383/3032 4582/2382/3051 4584/2384/3052
f 4585/2385/3053 3844/1965/2673 3846/1967/2674
f 4585/2385/3053 3846/1967/2674 4586/2386/3054
f 4587/2387/3055 4583/2383/3032 4584/2384/3052
f 4587/2387/3055 4584/2384/3052 4588/2388/3056
f 4589/2389/3057 4585/2385/3053 4586/2386/3054
f 4589/2389/3057 4586/2386/3054 4590/2390/3058
f 4591/2391/3059 4587/2387/3055 4588/2388/3056
f 4591/2391/3059 4588/2388/3056 4592/2392/3060
f 4593/2393/3061 4589/2389/3057 4590/2390/3058
f 4593/2393/3061 4590/2390/3058 4594/2394/3062
f 4595/2395/3063 4591/2391/3059 4592/2392/3060
f 4595/2395/3063 4592/2392/3060 4596/2396/3064
f 4572/2372/3038 4593/2393/3061 4594/2394/3062
f 4572/2372/3038 4594/2394/3062 4573/2373/3045
f 4576/2376/3047 4595/2395/3063 4596/2396/3064
f 4576/2376/3047 4596/2396/3064 4577/2377/3048
f 4588/2388/3056 4584/2384/3052 4597/2397/3065
f 4588/2388/3056 4597/2397/3065 4598/2398/3066
f 4590/2390/3058 4586/2386/3054 4599/2399/3067
f 4590/2390/3058 4599/2399/3067 4600/2400/3068
f 4592/2392/3060 4588/2388/3056 4598/2398/3066
f 4592/2392/3060 4598/2398/3066 4601/2401/3069
f 4594/2394/3062 4590/2390/3058 4600/2400/3068
f 4594/2394/3062 4600/2400/3068 4602/2402/3070
f 4596/2396/3064 4592/2392/3060 4601/2401/3069
f 4596/2396/3064 4601/2401/3069 4603/2403/3071
f 4573/2373/3045 4594/2394/3062 4602/2402/3070
f 4573/2373/3045 4602/2402/3070 4604/2404/3072
f 4577/2377/3048 4596/2396/3064 4603/2403/3071
f 4577/2377/3048 4603/2403/3071 4605/2405/3073
f 4574/2374/3046 4573/2373/3045 4604/2404/3072
f 4574/2374/3046 4604/2404/3072 4606/2406/3074
f 4578/2378/3049 4577/2377/3048 4605/2405/3073
f 4578/2378/3049 4605/2405/3073 4607/2407/3075
f 4580/2380/3050 4574/2374/3046 4606/2406/3074
f 4580/2380/3050 4606/2406/3074 4608/2408/3076
f 3849/1970/2675 4578/2378/3049 4607/2407/3075
f 3849/1970/2675 4607/2407/3075 3853/1974/2677
f 4582/2382/3051 4580/2380/3050 4608/2408/3076
f 4582/2382/3051 4608/2408/3076 4609/2409/3077
f 4584/2384/3052 4582/2382/3051 4609/2409/3077
f 4584/2384/3052 4609/2409/3077 4597/2397/3065
f 4586/2386/3054 3846/1967/2674 3851/1972/2676
f 4586/2386/3054 3851/1972/2676 4599/2399/3067
f 4607/2407/3075 4605/2405/3073 4610/2410/3078
f 4607/2407/3075 4610/2410/3078 4611/2411/3079
f 4608/2408/3076 4606/2406/3074 4612/2412/3080
f 4608/2408/3076 4612/2412/3080 4613/2413/3081
f 3853/1974/2677 4607/2407/3075 4611/2411/3079
f 3853/1974/2677 4611/2411/3079 3857/1978/2679
f 4609/2409/3077 4608/2408/3076 4613/2413/3081
f 4609/2409/3077 4613/2413/3081 4614/2414/3082
f 4597/2397/3065 4609/2409/3077 4614/2414/3082
f 4597/2397/3065 4614/2414/3082 4615/2415/3083
f 4599/2399/3067 3851/1972/2676 3855/1976/2678
f 4599/2399/3067 3855/1976/2678 4616/2416/3084
f 4598/2398/3066 4597/2397/3065 4615/2415/3083
f 4598/2398/3066 4615/2415/3083 4617/2417/3085
f 4600/2400/3068 4599/2399/3067 4616/2416/3084
f 4600/2400/3068 4616/2416/3084 4618/2418/3086
f 4601/2401/3069 4598/2398/3066 4617/2417/3085
f 4601/2401/3069 4617/2417/3085 4619/2419/3087
f 4602/2402/3070 4600/2400/3068 4618/2418/3086
f 4602/2402/3070 4618/2418/3086 4620/2420/3088
f 4603/2403/3071 4601/2401/3069 4619/2419/3087
f 4603/2403/3071 4619/2419/3087 4621/2421/3089
f 4604/2404/3072 4602/2402/3070 4620/2420/3088
f 4604/2404/3072 4620/2420/3088 4622/2422/3090
f 4605/2405/3073 4603/2403/3071 4621/2421/3089
f 4605/2405/3073 4621/2421/3089 4610/2410/3078
f 4606/2406/3074 4604/2404/3072 4622/2422/3090
f 4606/2406/3074 4622/2422/3090 4612/2412/3080
f 4619/2419/3087 4617/2417/3085 4623/2423/3091
f 4619/2419/3087 4623/2423/3091 4624/2424/3092
f 4620/2420/3088 4618/2418/3086 4625/2425/3093
f 4620/2420/3088 4625/2425/3093 4626/2426/3094
f 4621/2421/3089 4619/2419/3087 4624/2424/3092
f 4621/2421/3089 4624/2424/3092 4627/2427/3095
f 4622/2422/3090 4620/2420/3088 4626/2426/3094
f 4622/2422/3090 4626/2426/3094 4628/2428/3096
f 4610/2410/3078 4621/2421/3089 4627/2427/3095
f 4610/2410/3078 4627/2427/3095 4629/2429/3097
f 4612/2412/3080 4622/2422/3090 4628/2428/3096
f 4612/2412/3080 4628/2428/3096 4630/2430/3098
f 4611/2411/3079 4610/2410/3078 4629/2429/3097
f 4611/2411/3079 4629/2429/3097 4631/2431/3099
f 4613/2413/3081 4612/2412/3080 4630/2430/3098
f 4613/2413/3081 4630/2430/3098 4632/2432/3100
f 3857/1978/2679 4611/2411/3079 4631/2431/3099
f 3857/1978/2679 4631/2431/3099 3861/1982/2681
f 4614/2414/3082 4613/2413/3081 4632/2432/3100
f 4614/2414/3082 4632/2432/3100 4633/2433/3101
f 4615/2415/3083 4614/2414/3082 4633/2433/3101
f 4615/2415/3083 4633/2433/3101 4634/2434/3102
f 4616/2416/3084 3855/1976/2678 3859/1980/2680
f 4616/2416/3084 3859/1980/2680 4635/2435/3103
f 4617/2417/3085 4615/2415/3083 4634/2434/3102
f 4617/2417/3085 4634/2434/3102 4623/2423/3091
f 4618/2418/3086 4616/2416/3084 4635/2435/3103
f 4618/2418/3086 4635/2435/3103 4625/2425/3093
f 3861/1982/2681 4631/2431/3099 4636/2436/3104
f 3861/1982/2681 4636/2436/3104 3865/1986/2683
f 4633/2433/3101 4632/2432/3100 4637/2437/3105
f 4633/2433/3101 4637/2437/3105 4638/2438/3106
f 4634/2434/3102 4633/2433/3101 4638/2438/3106
f 4634/2434/3102 4638/2438/3106 4639/2439/3107
f 4635/2435/3103 3859/1980/2680 3863/1984/2682
f 4635/2435/3103 3863/1984/2682 4640/2440/3108
f 4623/2423/3091 4634/2434/3102 4639/2439/3107
f 4623/2423/3091 4639/2439/3107 4641/2441/3109
f 4625/2425/3093 4635/2435/3103 4640/2440/3108
f 4625/2425/3093 4640/2440/3108 4642/2442/3110
f 4624/2424/3092 4623/2423/3091 4641/2441/3109
f 4624/2424/3092 4641/2441/3109 4643/2443/3111
f 4626/2426/3094 4625/2425/3093 4642/2442/3110
f 4626/2426/3094 4642/2442/3110 4644/2444/3112
f 4627/2427/3095 4624/2424/3092 4643/2443/3111
f 4627/2427/3095 4643/2443/3111 4645/2445/3113
f 4628/2428/3096 4626/2426/3094 4644/2444/3112
f 4628/2428/3096 4644/2444/3112 4646/2446/3114
f 4629/2429/3097 4627/2427/3095 4645/2445/3113
f 4629/2429/3097 4645/2445/3113 4647/2447/3115
f 4630/2430/3098 4628/2428/3096 4646/2446/3114
f 4630/2430/3098 4646/2446/3114 4648/2448/3116
f 4631/2431/3099 4629/2429/3097 4647/2447/3115
f 4631/2431/3099 4647/2447/3115 4636/2436/3104
f 4632/2432/3100 4630/2430/3098 4648/2448/3116
f 4632/2432/3100 4648/2448/3116 4637/2437/3105
f 4644/2444/3112 4642/2442/3110 4649/2449/3117
f 4644/2444/3112 4649/2449/3117 4650/2450/3118
f 4645/2445/3113 4643/2443/3111 4651/2451/3119
f 4645/2445/3113 4651/2451/3119 4652/2452/3120
f 4646/2446/3114 4644/2444/3112 4650/2450/3118
f 4646/2446/3114 4650/2450/3118 4653/2453/3121
f 4647/2447/3115 4645/2445/3113 4652/2452/3120
f 4647/2447/3115 4652/2452/3120 4654/2454/3122
f 4648/2448/3116 4646/2446/3114 4653/2453/3121
f 4648/2448/3116 4653/2453/3121 4655/2455/3123
f 4636/2436/3104 4647/2447/3115 4654/2454/3122
f 4636/2436/3104 4654/2454/3122 4656/2456/3124
f 4637/2437/3105 4648/2448/3116 4655/2455/3123
f 4637/2437/3105 4655/2455/3123 4657/2457/3125
f 3865/1986/2683 4636/2436/3104 4656/2456/3124
f 3865/1986/2683 4656/2456/3124 3869/1990/2685
f 4638/2438/3106 4637/2437/3105 4657/2457/3125
f 4638/2438/3106 4657/2457/3125 4658/2458/3126
f 4639/2439/3107 4638/2438/3106 4658/2458/3126
f 4639/2439/3107 4658/2458/3126 4659/2459/3127
f 4640/2440/3108 3863/1984/2682 3867/1988/2684
f 4640/2440/3108 3867/1988/2684 4660/2460/3128
f 4641/2441/3109 4639/2439/3107 4659/2459/3127
f 4641/2441/3109 4659/2459/3127 4661/2461/3129
f 4642/2442/3110 4640/2440/3108 4660/2460/3128
f 4642/2442/3110 4660/2460/3128 4649/2449/3117
f 4643/2443/3111 4641/2441/3109 4661/2461/3129
f 4643/2443/3111 4661/2461/3129 4651/2451/3119
f 4658/2458/3126 4657/2457/3125 4662/2462/3130
f 4658/2458/3126 4662/2462/3130 4663/2463/3131
f 4659/2459/3127 4658/2458/3126 4663/2463/3131
f 4659/2459/3127 4663/2463/3131 4664/2464/3132
f 4660/2460/3128 3867/1988/2684 3871/1992/2686
f 4660/2460/3128 3871/1992/2686 4665/2465/3133
f 4661/2461/3129 4659/2459/3127 4664/2464/3132
f 4661/2461/3129 4664/2464/3132 4666/2466/3134
f 4649/2449/3117 4660/2460/3128 4665/2465/3133
f 4649/2449/3117 4665/2465/3133 4667/2467/3135
f 4651/2451/3119 4661/2461/3129 4666/2466/3134
f 4651/2451/3119 4666/2466/3134 4668/2468/3136
f 4650/2450/3118 4649/2449/3117 4667/2467/3135
f 4650/2450/3118 4667/2467/3135 4669/2469/3137
f 4652/2452/3120 4651/2451/3119 4668/2468/3136
f 4652/2452/3120 4668/2468/3136 4670/2470/3138
f 4653/2453/3121 4650/2450/3118 4669/2469/3137
f 4653/2453/3121 4669/2469/3137 4671/2471/3139
f 4654/2454/3122 4652/2452/3120 4670/2470/3138
f 4654/2454/3122 4670/2470/3138 4672/2472/3140
f 4655/2455/3123 4653/2453/3121 4671/2471/3139
f 4655/2455/3123 4671/2471/3139 4673/2473/3141
f 4656/2456/3124 4654/2454/3122 4672/2472/3140
f 4656/2456/3124 4672/2472/3140 4674/2474/3142
f 4657/2457/3125 4655/2455/3123 4673/2473/3141
f 4657/2457/3125 4673/2473/3141 4662/2462/3130
f 3869/1990/2685 4656/2456/3124 4674/2474/3142
f 3869/1990/2685 4674/2474/3142 3873/1994/2687
f 4670/2470/3138 4668/2468/3136 4251/2052/2724
f 4670/2470/3138 4251/2052/2724 4250/2051/2723
f 4671/2471/3139 4669/2469/3137 4246/2047/2719
f 4671/2471/3139 4246/2047/2719 4254/2055/2727
f 4672/2472/3140 4670/2470/3138 4250/2051/2723
f 4672/2472/3140 4250/2051/2723 4256/2057/2729
f 4673/2473/3141 4671/2471/3139 4254/2055/2727
f 4673/2473/3141 4254/2055/2727 4258/2059/2731
f 4674/2474/3142 4672/2472/3140 4256/2057/2729
f 4674/2474/3142 4256/2057/2729 4260/2061/2733
f 4662/2462/3130 4673/2473/3141 4258/2059/2731
f 4662/2462/3130 4258/2059/2731 4262/2063/2735
f 3873/1994/2687 4674/2474/3142 4260/2061/2733
f 3873/1994/2687 4260/2061/2733 3750/1871/2619
f 4663/2463/3131 4662/2462/3130 4262/2063/2735
f 4663/2463/3131 4262/2063/2735 4264/2065/2737
f 4664/2464/3132 4663/2463/3131 4264/2065/2737
f 4664/2464/3132 4264/2065/2737 4266/2067/2739
f 4665/2465/3133 3871/1992/2686 3746/1867/2615
f 4665/2465/3133 3746/1867/2615 4268/2069/2741
f 4666/2466/3134 4664/2464/3132 4266/2067/2739
f 4666/2466/3134 4266/2067/2739 4270/2071/2743
f 4667/2467/3135 4665/2465/3133 4268/2069/2741
f 4667/2467/3135 4268/2069/2741 4247/2048/2720
f 4668/2468/3136 4666/2466/3134 4270/2071/2743
f 4668/2468/3136 4270/2071/2743 4251/2052/2724
f 4669/2469/3137 4667/2467/3135 4247/2048/2720
f 4669/2469/3137 4247/2048/2720 4246/2047/2719
s 0
f 4675/2475/3143 4676/2476/3143 4677/2477/3143
f 4675/2475/3143 4677/2477/3143 4678/2478/3143
f 4679/2479/2688 4680/2475/2688 4681/2478/2688
f 4679/2479/2688 4681/2478/2688 4682/2480/2688
f 4683/2478/3144 4684/2477/3144 4685/2481/3144
f 4683/2478/3144 4685/2481/3144 4686/2482/3144
f 4687/2482/3145 4688/2481/3145 4689/2483/3145
f 4687/2482/3145 4689/2483/3145 4690/2484/3145
f 4691/2484/3146 4692/2483/3146 4693/2485/3146
f 4691/2484/3146 4693/2485/3146 4694/2486/3146
f 4695/2486/3147 4696/2485/3147 4697/2487/3147
f 4695/2486/3147 4697/2487/3147 4698/2488/3147
f 4699/2488/3148 4700/2487/3148 4701/2489/3148
f 4699/2488/3148 4701/2489/3148 4702/2490/3148
f 4703/2490/3149 4704/2489/3149 4705/2491/3149
f 4703/2490/3149 4705/2491/3149 4706/2492/3149
f 4707/2492/3150 4708/2491/3150 4709/2493/3150
f 4707/2492/3150 4709/2493/3150 4710/2494/3150
f 4711/2494/3151 4712/2493/3151 4713/2476/3151
f 4711/2494/3151 4713/2476/3151 4714/2475/3151
f 4715/2475/3152 4716/2476/3152 4717/2495/3152
s 1
f 4715/2475/3152 4717/2495/3152 4718/2479/3152
s 0
f 4719/2479/3153 4720/2495/3153 4721/2496/3153
f 4719/2479/3153 4721/2496/3153 4722/2497/3153
f 4723/2497/3154 4724/2496/3154 4725/2498/3154
f 4723/2497/3154 4725/2498/3154 4726/2499/3154
f 4727/2499/3155 4728/2498/3155 4729/2500/3155
f 4727/2499/3155 4729/2500/3155 4730/2501/3155
f 4731/2501/3156 4732/2500/3156 4733/2502/3156
f 4731/2501/3156 4733/2502/3156 4734/2503/3156
f 4735/2503/3157 4736/2502/3157 4737/2504/3157
f 4735/2503/3157 4737/2504/3157 4738/2505/3157
f 4739/2505/3158 4740/2504/3158 4741/2506/3158
f 4739/2505/3158 4741/2506/3158 4742/2507/3158
f 4743/2507/3159 4744/2506/3159 4745/2508/3159
f 4743/2507/3159 4745/2508/3159 4746/2509/3159
f 4747/2509/3160 4748/2508/3160 4749/2510/3160
f 4747/2509/3160 4749/2510/3160 4750/2511/3160
f 4751/2511/3161 4752/2510/3161 4753/2512/3161
f 4751/2511/3161 4753/2512/3161 4754/2513/3161
f 4755/2513/3162 4756/2512/3162 4757/2514/3162
f 4755/2513/3162 4757/2514/3162 4758/2515/3162
f 4759/2515/3163 4760/2514/3163 4761/2516/3163
f 4759/2515/3163 4761/2516/3163 4762/2517/3163
f 4763/2497/2688 4764/2479/2688 4765/2480/2688
f 4763/2497/2688 4765/2480/2688 4766/2518/2688
f 4767/2499/2688 4768/2497/2688 4769/2519/2688
f 4767/2499/2688 4769/2519/2688 4770/2520/2688
s 1
f 4771/2047/2719 4772/2048/2720 4773/2049/2721
f 4771/2047/2719 4773/2049/2721 4774/2050/2722
f 4775/2051/2723 4776/2052/2724 4777/2053/2725
f 4775/2051/2723 4777/2053/2725 4778/2054/2726
f 4779/2055/3164 4771/2047/2719 4774/2050/2722
f 4779/2055/3164 4774/2050/2722 4780/2056/3165
f 4781/2057/2729 4775/2051/2723 4778/2054/2726
f 4781/2057/2729 4778/2054/2726 4782/2058/2730
f 4783/2059/2731 4779/2055/3164 4780/2056/3165
f 4783/2059/2731 4780/2056/3165 4784/2060/3166
f 4785/2061/2733 4781/2057/2729 4782/2058/2730
f 4785/2061/2733 4782/2058/2730 4786/2062/2734
f 4787/2063/3167 4783/2059/2731 4784/2060/3166
f 4787/2063/3167 4784/2060/3166 4788/2064/2736
f 4004/1871/2619 4785/2061/2733 4786/2062/2734
f 4004/1871/2619 4786/2062/2734 4005/1872/2690
f 4789/2065/2737 4787/2063/3167 4788/2064/2736
f 4789/2065/2737 4788/2064/2736 4790/2066/2738
f 4791/2067/2739 4789/2065/2737 4790/2066/2738
f 4791/2067/2739 4790/2066/2738 4792/2068/3168
f 4793/2069/2741 4000/1867/2615 4002/1869/2617
f 4793/2069/2741 4002/1869/2617 4794/2070/3169
f 4795/2071/2743 4791/2067/2739 4792/2068/3168
f 4795/2071/2743 4792/2068/3168 4796/2072/2744
f 4772/2048/2720 4793/2069/2741 4794/2070/3169
f 4772/2048/2720 4794/2070/3169 4773/2049/2721
f 4776/2052/2724 4795/2071/2743 4796/2072/2744
f 4776/2052/2724 4796/2072/2744 4777/2053/2725
f 4773/2049/2721 4794/2070/3169 4797/2073/3170
f 4773/2049/2721 4797/2073/3170 4798/2074/3171
f 4777/2053/2725 4796/2072/2744 4799/2075/2747
f 4777/2053/2725 4799/2075/2747 4800/2076/2748
f 4774/2050/2722 4773/2049/2721 4798/2074/3171
f 4774/2050/2722 4798/2074/3171 4801/2077/3172
f 4778/2054/2726 4777/2053/2725 4800/2076/2748
f 4778/2054/2726 4800/2076/2748 4802/2078/2750
f 4780/2056/3165 4774/2050/2722 4801/2077/3172
f 4780/2056/3165 4801/2077/3172 4803/2079/3173
f 4782/2058/2730 4778/2054/2726 4802/2078/2750
f 4782/2058/2730 4802/2078/2750 4804/2080/2752
f 4784/2060/3166 4780/2056/3165 4803/2079/3173
f 4784/2060/3166 4803/2079/3173 4805/2081/2753
f 4786/2062/2734 4782/2058/2730 4804/2080/2752
f 4786/2062/2734 4804/2080/2752 4806/2082/3174
f 4788/2064/2736 4784/2060/3166 4805/2081/2753
f 4788/2064/2736 4805/2081/2753 4807/2083/2755
f 4005/1872/2690 4786/2062/2734 4806/2082/3174
f 4005/1872/2690 4806/2082/3174 4009/1876/2691
f 4790/2066/2738 4788/2064/2736 4807/2083/2755
f 4790/2066/2738 4807/2083/2755 4808/2084/2756
f 4792/2068/3168 4790/2066/2738 4808/2084/2756
f 4792/2068/3168 4808/2084/2756 4809/2085/3175
f 4794/2070/3169 4002/1869/2617 4007/1874/2621
f 4794/2070/3169 4007/1874/2621 4797/2073/3170
f 4796/2072/2744 4792/2068/3168 4809/2085/3175
f 4796/2072/2744 4809/2085/3175 4799/2075/2747
f 4807/2083/2755 4805/2081/2753 4810/2086/2758
f 4807/2083/2755 4810/2086/2758 4811/2087/2759
f 4009/1876/2691 4806/2082/3174 4812/2088/2760
f 4009/1876/2691 4812/2088/2760 4013/1880/2693
f 4808/2084/2756 4807/2083/2755 4811/2087/2759
f 4808/2084/2756 4811/2087/2759 4813/2089/2761
f 4809/2085/3175 4808/2084/2756 4813/2089/2761
f 4809/2085/3175 4813/2089/2761 4814/2090/3176
f 4797/2073/3170 4007/1874/2621 4011/1878/2692
f 4797/2073/3170 4011/1878/2692 4815/2091/3177
f 4799/2075/2747 4809/2085/3175 4814/2090/3176
f 4799/2075/2747 4814/2090/3176 4816/2092/3178
f 4798/2074/3171 4797/2073/3170 4815/2091/3177
f 4798/2074/3171 4815/2091/3177 4817/2093/3179
f 4800/2076/2748 4799/2075/2747 4816/2092/3178
f 4800/2076/2748 4816/2092/3178 4818/2094/2766
f 4801/2077/3172 4798/2074/3171 4817/2093/3179
f 4801/2077/3172 4817/2093/3179 4819/2095/3180
f 4802/2078/2750 4800/2076/2748 4818/2094/2766
f 4802/2078/2750 4818/2094/2766 4820/2096/3181
f 4803/2079/3173 4801/2077/3172 4819/2095/3180
f 4803/2079/3173 4819/2095/3180 4821/2097/3182
f 4804/2080/2752 4802/2078/2750 4820/2096/3181
f 4804/2080/2752 4820/2096/3181 4822/2098/2770
f 4805/2081/2753 4803/2079/3173 4821/2097/3182
f 4805/2081/2753 4821/2097/3182 4810/2086/2758
f 4806/2082/3174 4804/2080/2752 4822/2098/2770
f 4806/2082/3174 4822/2098/2770 4812/2088/2760
f 4818/2094/2766 4816/2092/3178 4823/2099/3183
f 4818/2094/2766 4823/2099/3183 4824/2100/2772
f 4819/2095/3180 4817/2093/3179 4825/2101/3184
f 4819/2095/3180 4825/2101/3184 4826/2102/3185
f 4820/2096/3181 4818/2094/2766 4824/2100/2772
f 4820/2096/3181 4824/2100/2772 4827/2103/2775
f 4821/2097/3182 4819/2095/3180 4826/2102/3185
f 4821/2097/3182 4826/2102/3185 4828/2104/3186
f 4822/2098/2770 4820/2096/3181 4827/2103/2775
f 4822/2098/2770 4827/2103/2775 4829/2105/3187
f 4810/2086/2758 4821/2097/3182 4828/2104/3186
f 4810/2086/2758 4828/2104/3186 4830/2106/2778
f 4812/2088/2760 4822/2098/2770 4829/2105/3187
f 4812/2088/2760 4829/2105/3187 4831/2107/2779
f 4811/2087/2759 4810/2086/2758 4830/2106/2778
f 4811/2087/2759 4830/2106/2778 4832/2108/2780
f 4013/1880/2693 4812/2088/2760 4831/2107/2779
f 4013/1880/2693 4831/2107/2779 4017/1884/2626
f 4813/2089/2761 4811/2087/2759 4832/2108/2780
f 4813/2089/2761 4832/2108/2780 4833/2109/3188
f 4814/2090/3176 4813/2089/2761 4833/2109/3188
f 4814/2090/3176 4833/2109/3188 4834/2110/3189
f 4815/2091/3177 4011/1878/2692 4015/1882/2625
f 4815/2091/3177 4015/1882/2625 4835/2111/3190
f 4816/2092/3178 4814/2090/3176 4834/2110/3189
f 4816/2092/3178 4834/2110/3189 4823/2099/3183
f 4817/2093/3179 4815/2091/3177 4835/2111/3190
f 4817/2093/3179 4835/2111/3190 4825/2101/3184
f 4017/1884/2626 4831/2107/2779 4836/2112/2784
f 4017/1884/2626 4836/2112/2784 4021/1888/2694
f 4833/2109/3188 4832/2108/2780 4837/2113/2785
f 4833/2109/3188 4837/2113/2785 4838/2114/3191
f 4834/2110/3189 4833/2109/3188 4838/2114/3191
f 4834/2110/3189 4838/2114/3191 4839/2115/3192
f 4835/2111/3190 4015/1882/2625 4019/1886/2627
f 4835/2111/3190 4019/1886/2627 4840/2116/2788
f 4823/2099/3183 4834/2110/3189 4839/2115/3192
f 4823/2099/3183 4839/2115/3192 4841/2117/2789
f 4825/2101/3184 4835/2111/3190 4840/2116/2788
f 4825/2101/3184 4840/2116/2788 4842/2118/3193
f 4824/2100/2772 4823/2099/3183 4841/2117/2789
f 4824/2100/2772 4841/2117/2789 4843/2119/2791
f 4826/2102/3185 4825/2101/3184 4842/2118/3193
f 4826/2102/3185 4842/2118/3193 4844/2120/2792
f 4827/2103/2775 4824/2100/2772 4843/2119/2791
f 4827/2103/2775 4843/2119/2791 4845/2121/3194
f 4828/2104/3186 4826/2102/3185 4844/2120/2792
f 4828/2104/3186 4844/2120/2792 4846/2122/2794
f 4829/2105/3187 4827/2103/2775 4845/2121/3194
f 4829/2105/3187 4845/2121/3194 4847/2123/2795
f 4830/2106/2778 4828/2104/3186 4846/2122/2794
f 4830/2106/2778 4846/2122/2794 4848/2124/2796
f 4831/2107/2779 4829/2105/3187 4847/2123/2795
f 4831/2107/2779 4847/2123/2795 4836/2112/2784
f 4832/2108/2780 4830/2106/2778 4848/2124/2796
f 4832/2108/2780 4848/2124/2796 4837/2113/2785
f 4844/2120/2792 4842/2118/3193 4849/2125/2797
f 4844/2120/2792 4849/2125/2797 4850/2126/3195
f 4845/2121/3194 4843/2119/2791 4851/2127/2799
f 4845/2121/3194 4851/2127/2799 4852/2128/2800
f 4846/2122/2794 4844/2120/2792 4850/2126/3195
f 4846/2122/2794 4850/2126/3195 4853/2129/2801
f 4847/2123/2795 4845/2121/3194 4852/2128/2800
f 4847/2123/2795 4852/2128/2800 4854/2130/2802
f 4848/2124/2796 4846/2122/2794 4853/2129/2801
f 4848/2124/2796 4853/2129/2801 4855/2131/2803
f 4836/2112/2784 4847/2123/2795 4854/2130/2802
f 4836/2112/2784 4854/2130/2802 4856/2132/3196
f 4837/2113/2785 4848/2124/2796 4855/2131/2803
f 4837/2113/2785 4855/2131/2803 4857/2133/2805
f 4021/1888/2694 4836/2112/2784 4856/2132/3196
f 4021/1888/2694 4856/2132/3196 4025/1892/2631
f 4838/2114/3191 4837/2113/2785 4857/2133/2805
f 4838/2114/3191 4857/2133/2805 4858/2134/2806
f 4839/2115/3192 4838/2114/3191 4858/2134/2806
f 4839/2115/3192 4858/2134/2806 4859/2135/2807
f 4840/2116/2788 4019/1886/2627 4023/1890/2629
f 4840/2116/2788 4023/1890/2629 4860/2136/3197
f 4841/2117/2789 4839/2115/3192 4859/2135/2807
f 4841/2117/2789 4859/2135/2807 4861/2137/2809
f 4842/2118/3193 4840/2116/2788 4860/2136/3197
f 4842/2118/3193 4860/2136/3197 4849/2125/2797
f 4843/2119/2791 4841/2117/2789 4861/2137/2809
f 4843/2119/2791 4861/2137/2809 4851/2127/2799
f 4858/2134/2806 4857/2133/2805 4862/2138/2810
f 4858/2134/2806 4862/2138/2810 4863/2139/3198
f 4859/2135/2807 4858/2134/2806 4863/2139/3198
f 4859/2135/2807 4863/2139/3198 4864/2140/2812
f 4860/2136/3197 4023/1890/2629 4027/1894/2695
f 4860/2136/3197 4027/1894/2695 4865/2141/3199
f 4861/2137/2809 4859/2135/2807 4864/2140/2812
f 4861/2137/2809 4864/2140/2812 4866/2142/2814
f 4849/2125/2797 4860/2136/3197 4865/2141/3199
f 4849/2125/2797 4865/2141/3199 4867/2143/2815
f 4851/2127/2799 4861/2137/2809 4866/2142/2814
f 4851/2127/2799 4866/2142/2814 4868/2144/2816
f 4850/2126/3195 4849/2125/2797 4867/2143/2815
f 4850/2126/3195 4867/2143/2815 4869/2145/2817
f 4852/2128/2800 4851/2127/2799 4868/2144/2816
f 4852/2128/2800 4868/2144/2816 4870/2146/2818
f 4853/2129/2801 4850/2126/3195 4869/2145/2817
f 4853/2129/2801 4869/2145/2817 4871/2147/2819
f 4854/2130/2802 4852/2128/2800 4870/2146/2818
f 4854/2130/2802 4870/2146/2818 4872/2148/2820
f 4855/2131/2803 4853/2129/2801 4871/2147/2819
f 4855/2131/2803 4871/2147/2819 4873/2149/2821
f 4856/2132/3196 4854/2130/2802 4872/2148/2820
f 4856/2132/3196 4872/2148/2820 4874/2150/2822
f 4857/2133/2805 4855/2131/2803 4873/2149/2821
f 4857/2133/2805 4873/2149/2821 4862/2138/2810
f 4025/1892/2631 4856/2132/3196 4874/2150/2822
f 4025/1892/2631 4874/2150/2822 4029/1896/2633
f 4870/2146/2818 4868/2144/2816 4875/2151/2823
f 4870/2146/2818 4875/2151/2823 4876/2152/2824
f 4871/2147/2819 4869/2145/2817 4877/2153/2825
f 4871/2147/2819 4877/2153/2825 4878/2154/2826
f 4872/2148/2820 4870/2146/2818 4876/2152/2824
f 4872/2148/2820 4876/2152/2824 4879/2155/2827
f 4873/2149/2821 4871/2147/2819 4878/2154/2826
f 4873/2149/2821 4878/2154/2826 4880/2156/2828
f 4874/2150/2822 4872/2148/2820 4879/2155/2827
f 4874/2150/2822 4879/2155/2827 4881/2157/2829
f 4862/2138/2810 4873/2149/2821 4880/2156/2828
f 4862/2138/2810 4880/2156/2828 4882/2158/3200
f 4029/1896/2633 4874/2150/2822 4881/2157/2829
f 4029/1896/2633 4881/2157/2829 4033/1900/2697
f 4863/2139/3198 4862/2138/2810 4882/2158/3200
f 4863/2139/3198 4882/2158/3200 4883/2159/2831
f 4864/2140/2812 4863/2139/3198 4883/2159/2831
f 4864/2140/2812 4883/2159/2831 4884/2160/2832
f 4865/2141/3199 4027/1894/2695 4031/1898/2696
f 4865/2141/3199 4031/1898/2696 4885/2161/2833
f 4866/2142/2814 4864/2140/2812 4884/2160/2832
f 4866/2142/2814 4884/2160/2832 4886/2162/2834
f 4867/2143/2815 4865/2141/3199 4885/2161/2833
f 4867/2143/2815 4885/2161/2833 4887/2163/2835
f 4868/2144/2816 4866/2142/2814 4886/2162/2834
f 4868/2144/2816 4886/2162/2834 4875/2151/2823
f 4869/2145/2817 4867/2143/2815 4887/2163/2835
f 4869/2145/2817 4887/2163/2835 4877/2153/2825
f 4884/2160/2832 4883/2159/2831 4888/2164/2836
f 4884/2160/2832 4888/2164/2836 4889/2165/3201
f 4885/2161/2833 4031/1898/2696 4037/1904/2699
f 4885/2161/2833 4037/1904/2699 4890/2166/2838
f 4886/2162/2834 4884/2160/2832 4889/2165/3201
f 4886/2162/2834 4889/2165/3201 4891/2167/2839
f 4887/2163/2835 4885/2161/2833 4890/2166/2838
f 4887/2163/2835 4890/2166/2838 4892/2168/2840
f 4875/2151/2823 4886/2162/2834 4891/2167/2839
f 4875/2151/2823 4891/2167/2839 4893/2169/3202
f 4877/2153/2825 4887/2163/2835 4892/2168/2840
f 4877/2153/2825 4892/2168/2840 4894/2170/2842
f 4876/2152/2824 4875/2151/2823 4893/2169/3202
f 4876/2152/2824 4893/2169/3202 4895/2171/2843
f 4878/2154/2826 4877/2153/2825 4894/2170/2842
f 4878/2154/2826 4894/2170/2842 4896/2172/2844
f 4879/2155/2827 4876/2152/2824 4895/2171/2843
f 4879/2155/2827 4895/2171/2843 4897/2173/2845
f 4880/2156/2828 4878/2154/2826 4896/2172/2844
f 4880/2156/2828 4896/2172/2844 4898/2174/2846
f 4881/2157/2829 4879/2155/2827 4897/2173/2845
f 4881/2157/2829 4897/2173/2845 4899/2175/3203
f 4882/2158/3200 4880/2156/2828 4898/2174/2846
f 4882/2158/3200 4898/2174/2846 4900/2176/2848
f 4033/1900/2697 4881/2157/2829 4899/2175/3203
f 4033/1900/2697 4899/2175/3203 4035/1902/2698
f 4883/2159/2831 4882/2158/3200 4900/2176/2848
f 4883/2159/2831 4900/2176/2848 4888/2164/2836
f 4897/2173/2845 4895/2171/2843 4901/2177/2849
f 4897/2173/2845 4901/2177/2849 4902/2178/2850
f 4898/2174/2846 4896/2172/2844 4903/2179/2851
f 4898/2174/2846 4903/2179/2851 4904/2180/3204
f 4899/2175/3203 4897/2173/2845 4902/2178/2850
f 4899/2175/3203 4902/2178/2850 4905/2181/2853
f 4900/2176/2848 4898/2174/2846 4904/2180/3204
f 4900/2176/2848 4904/2180/3204 4906/2182/2854
f 4035/1902/2698 4899/2175/3203 4905/2181/2853
f 4035/1902/2698 4905/2181/2853 4041/1908/2639
f 4888/2164/2836 4900/2176/2848 4906/2182/2854
f 4888/2164/2836 4906/2182/2854 4907/2183/3205
f 4889/2165/3201 4888/2164/2836 4907/2183/3205
f 4889/2165/3201 4907/2183/3205 4908/2184/3206
f 4890/2166/2838 4037/1904/2699 4039/1906/2700
f 4890/2166/2838 4039/1906/2700 4909/2185/2857
f 4891/2167/2839 4889/2165/3201 4908/2184/3206
f 4891/2167/2839 4908/2184/3206 4910/2186/2858
f 4892/2168/2840 4890/2166/2838 4909/2185/2857
f 4892/2168/2840 4909/2185/2857 4911/2187/3207
f 4893/2169/3202 4891/2167/2839 4910/2186/2858
f 4893/2169/3202 4910/2186/2858 4912/2188/2860
f 4894/2170/2842 4892/2168/2840 4911/2187/3207
f 4894/2170/2842 4911/2187/3207 4913/2189/2861
f 4895/2171/2843 4893/2169/3202 4912/2188/2860
f 4895/2171/2843 4912/2188/2860 4901/2177/2849
f 4896/2172/2844 4894/2170/2842 4913/2189/2861
f 4896/2172/2844 4913/2189/2861 4903/2179/2851
f 4909/2185/2857 4039/1906/2700 4043/1910/2701
f 4909/2185/2857 4043/1910/2701 4914/2190/2862
f 4910/2186/2858 4908/2184/3206 4915/2191/2863
f 4910/2186/2858 4915/2191/2863 4916/2192/3208
f 4911/2187/3207 4909/2185/2857 4914/2190/2862
f 4911/2187/3207 4914/2190/2862 4917/2193/2865
f 4912/2188/2860 4910/2186/2858 4916/2192/3208
f 4912/2188/2860 4916/2192/3208 4918/2194/2866
f 4913/2189/2861 4911/2187/3207 4917/2193/2865
f 4913/2189/2861 4917/2193/2865 4919/2195/2867
f 4901/2177/2849 4912/2188/2860 4918/2194/2866
f 4901/2177/2849 4918/2194/2866 4920/2196/2868
f 4903/2179/2851 4913/2189/2861 4919/2195/2867
f 4903/2179/2851 4919/2195/2867 4921/2197/2869
f 4902/2178/2850 4901/2177/2849 4920/2196/2868
f 4902/2178/2850 4920/2196/2868 4922/2198/2870
f 4904/2180/3204 4903/2179/2851 4921/2197/2869
f 4904/2180/3204 4921/2197/2869 4923/2199/2871
f 4905/2181/2853 4902/2178/2850 4922/2198/2870
f 4905/2181/2853 4922/2198/2870 4924/2200/3209
f 4906/2182/2854 4904/2180/3204 4923/2199/2871
f 4906/2182/2854 4923/2199/2871 4925/2201/2873
f 4041/1908/2639 4905/2181/2853 4924/2200/3209
f 4041/1908/2639 4924/2200/3209 4045/1912/2702
f 4907/2183/3205 4906/2182/2854 4925/2201/2873
f 4907/2183/3205 4925/2201/2873 4926/2202/3210
f 4908/2184/3206 4907/2183/3205 4926/2202/3210
f 4908/2184/3206 4926/2202/3210 4915/2191/2863
f 4923/2199/2871 4921/2197/2869 4927/2203/2875
f 4923/2199/2871 4927/2203/2875 4928/2204/3211
f 4924/2200/3209 4922/2198/2870 4929/2205/3212
f 4924/2200/3209 4929/2205/3212 4930/2206/3213
f 4925/2201/2873 4923/2199/2871 4928/2204/3211
f 4925/2201/2873 4928/2204/3211 4931/2207/2879
f 4045/1912/2702 4924/2200/3209 4930/2206/3213
f 4045/1912/2702 4930/2206/3213 4049/1916/2704
f 4926/2202/3210 4925/2201/2873 4931/2207/2879
f 4926/2202/3210 4931/2207/2879 4932/2208/2880
f 4915/2191/2863 4926/2202/3210 4932/2208/2880
f 4915/2191/2863 4932/2208/2880 4933/2209/3214
f 4914/2190/2862 4043/1910/2701 4047/1914/2703
f 4914/2190/2862 4047/1914/2703 4934/2210/2882
f 4916/2192/3208 4915/2191/2863 4933/2209/3214
f 4916/2192/3208 4933/2209/3214 4935/2211/3215
f 4917/2193/2865 4914/2190/2862 4934/2210/2882
f 4917/2193/2865 4934/2210/2882 4936/2212/2884
f 4918/2194/2866 4916/2192/3208 4935/2211/3215
f 4918/2194/2866 4935/2211/3215 4937/2213/2885
f 4919/2195/2867 4917/2193/2865 4936/2212/2884
f 4919/2195/2867 4936/2212/2884 4938/2214/3216
f 4920/2196/2868 4918/2194/2866 4937/2213/2885
f 4920/2196/2868 4937/2213/2885 4939/2215/3217
f 4921/2197/2869 4919/2195/2867 4938/2214/3216
f 4921/2197/2869 4938/2214/3216 4927/2203/2875
f 4922/2198/2870 4920/2196/2868 4939/2215/3217
f 4922/2198/2870 4939/2215/3217 4929/2205/3212
f 4935/2211/3215 4933/2209/3214 4940/2216/2888
f 4935/2211/3215 4940/2216/2888 4941/2217/2889
f 4936/2212/2884 4934/2210/2882 4942/2218/2890
f 4936/2212/2884 4942/2218/2890 4943/2219/2891
f 4937/2213/2885 4935/2211/3215 4941/2217/2889
f 4937/2213/2885 4941/2217/2889 4944/2220/2892
f 4938/2214/3216 4936/2212/2884 4943/2219/2891
f 4938/2214/3216 4943/2219/2891 4945/2221/2893
f 4939/2215/3217 4937/2213/2885 4944/2220/2892
f 4939/2215/3217 4944/2220/2892 4946/2222/3218
f 4927/2203/2875 4938/2214/3216 4945/2221/2893
f 4927/2203/2875 4945/2221/2893 4947/2223/2895
f 4929/2205/3212 4939/2215/3217 4946/2222/3218
f 4929/2205/3212 4946/2222/3218 4948/2224/3219
f 4928/2204/3211 4927/2203/2875 4947/2223/2895
f 4928/2204/3211 4947/2223/2895 4949/2225/2897
f 4930/2206/3213 4929/2205/3212 4948/2224/3219
f 4930/2206/3213 4948/2224/3219 4950/2226/3220
f 4931/2207/2879 4928/2204/3211 4949/2225/2897
f 4931/2207/2879 4949/2225/2897 4951/2227/2899
f 4049/1916/2704 4930/2206/3213 4950/2226/3220
f 4049/1916/2704 4950/2226/3220 4053/1920/2705
f 4932/2208/2880 4931/2207/2879 4951/2227/2899
f 4932/2208/2880 4951/2227/2899 4952/2228/3221
f 4933/2209/3214 4932/2208/2880 4952/2228/3221
f 4933/2209/3214 4952/2228/3221 4940/2216/2888
f 4934/2210/2882 4047/1914/2703 4051/1918/2646
f 4934/2210/2882 4051/1918/2646 4942/2218/2890
f 4950/2226/3220 4948/2224/3219 4953/2229/3222
f 4950/2226/3220 4953/2229/3222 4954/2230/2902
f 4951/2227/2899 4949/2225/2897 4955/2231/2903
f 4951/2227/2899 4955/2231/2903 4956/2232/2904
f 4053/1920/2705 4950/2226/3220 4954/2230/2902
f 4053/1920/2705 4954/2230/2902 4057/1924/2706
f 4952/2228/3221 4951/2227/2899 4956/2232/2904
f 4952/2228/3221 4956/2232/2904 4957/2233/2905
f 4940/2216/2888 4952/2228/3221 4957/2233/2905
f 4940/2216/2888 4957/2233/2905 4958/2234/3223
f 4942/2218/2890 4051/1918/2646 4055/1922/2649
f 4942/2218/2890 4055/1922/2649 4959/2235/2907
f 4941/2217/2889 4940/2216/2888 4958/2234/3223
f 4941/2217/2889 4958/2234/3223 4960/2236/2908
f 4943/2219/2891 4942/2218/2890 4959/2235/2907
f 4943/2219/2891 4959/2235/2907 4961/2237/2909
f 4944/2220/2892 4941/2217/2889 4960/2236/2908
f 4944/2220/2892 4960/2236/2908 4962/2238/2910
f 4945/2221/2893 4943/2219/2891 4961/2237/2909
f 4945/2221/2893 4961/2237/2909 4963/2239/2911
f 4946/2222/3218 4944/2220/2892 4962/2238/2910
f 4946/2222/3218 4962/2238/2910 4964/2240/3224
f 4947/2223/2895 4945/2221/2893 4963/2239/2911
f 4947/2223/2895 4963/2239/2911 4965/2241/2913
f 4948/2224/3219 4946/2222/3218 4964/2240/3224
f 4948/2224/3219 4964/2240/3224 4953/2229/3222
f 4949/2225/2897 4947/2223/2895 4965/2241/2913
f 4949/2225/2897 4965/2241/2913 4955/2231/2903
f 4961/2237/2909 4959/2235/2907 4966/2242/2914
f 4961/2237/2909 4966/2242/2914 4967/2243/2915
f 4962/2238/2910 4960/2236/2908 4968/2244/3225
f 4962/2238/2910 4968/2244/3225 4969/2245/2917
f 4963/2239/2911 4961/2237/2909 4967/2243/2915
f 4963/2239/2911 4967/2243/2915 4970/2246/2918
f 4964/2240/3224 4962/2238/2910 4969/2245/2917
f 4964/2240/3224 4969/2245/2917 4971/2247/3226
f 4965/2241/2913 4963/2239/2911 4970/2246/2918
f 4965/2241/2913 4970/2246/2918 4972/2248/3227
f 4953/2229/3222 4964/2240/3224 4971/2247/3226
f 4953/2229/3222 4971/2247/3226 4973/2249/2921
f 4955/2231/2903 4965/2241/2913 4972/2248/3227
f 4955/2231/2903 4972/2248/3227 4974/2250/2922
f 4954/2230/2902 4953/2229/3222 4973/2249/2921
f 4954/2230/2902 4973/2249/2921 4975/2251/2923
f 4956/2232/2904 4955/2231/2903 4974/2250/2922
f 4956/2232/2904 4974/2250/2922 4976/2252/2924
f 4057/1924/2706 4954/2230/2902 4975/2251/2923
f 4057/1924/2706 4975/2251/2923 4061/1928/2652
f 4957/2233/2905 4956/2232/2904 4976/2252/2924
f 4957/2233/2905 4976/2252/2924 4977/2253/2925
f 4958/2234/3223 4957/2233/2905 4977/2253/2925
f 4958/2234/3223 4977/2253/2925 4978/2254/2926
f 4959/2235/2907 4055/1922/2649 4059/1926/2651
f 4959/2235/2907 4059/1926/2651 4966/2242/2914
f 4960/2236/2908 4958/2234/3223 4978/2254/2926
f 4960/2236/2908 4978/2254/2926 4968/2244/3225
f 4976/2252/2924 4974/2250/2922 4979/2255/2927
f 4976/2252/2924 4979/2255/2927 4980/2256/2928
f 4061/1928/2652 4975/2251/2923 4981/2257/3228
f 4061/1928/2652 4981/2257/3228 4065/1932/2707
f 4977/2253/2925 4976/2252/2924 4980/2256/2928
f 4977/2253/2925 4980/2256/2928 4982/2258/2930
f 4978/2254/2926 4977/2253/2925 4982/2258/2930
f 4978/2254/2926 4982/2258/2930 4983/2259/2931
f 4966/2242/2914 4059/1926/2651 4063/1930/2653
f 4966/2242/2914 4063/1930/2653 4984/2260/3229
f 4968/2244/3225 4978/2254/2926 4983/2259/2931
f 4968/2244/3225 4983/2259/2931 4985/2261/2933
f 4967/2243/2915 4966/2242/2914 4984/2260/3229
f 4967/2243/2915 4984/2260/3229 4986/2262/2934
f 4969/2245/2917 4968/2244/3225 4985/2261/2933
f 4969/2245/2917 4985/2261/2933 4987/2263/2935
f 4970/2246/2918 4967/2243/2915 4986/2262/2934
f 4970/2246/2918 4986/2262/2934 4988/2264/3230
f 4971/2247/3226 4969/2245/2917 4987/2263/2935
f 4971/2247/3226 4987/2263/2935 4989/2000/2937
f 4972/2248/3227 4970/2246/2918 4988/2264/3230
f 4972/2248/3227 4988/2264/3230 4990/2265/2938
f 4973/2249/2921 4971/2247/3226 4989/2000/2937
f 4973/2249/2921 4989/2000/2937 4991/2266/2939
f 4974/2250/2922 4972/2248/3227 4990/2265/2938
f 4974/2250/2922 4990/2265/2938 4979/2255/2927
f 4975/2251/2923 4973/2249/2921 4991/2266/2939
f 4975/2251/2923 4991/2266/2939 4981/2257/3228
f 4987/2263/2935 4985/2261/2933 4992/2267/3231
f 4987/2263/2935 4992/2267/3231 4993/2268/2941
f 4988/2264/3230 4986/2262/2934 4994/2269/3232
f 4988/2264/3230 4994/2269/3232 4995/2270/2943
f 4989/2000/2937 4987/2263/2935 4993/2268/2941
f 4989/2000/2937 4993/2268/2941 4996/2271/2944
f 4990/2265/2938 4988/2264/3230 4995/2270/2943
f 4990/2265/2938 4995/2270/2943 4997/2272/3233
f 4991/2266/2939 4989/2000/2937 4996/2271/2944
f 4991/2266/2939 4996/2271/2944 4998/2273/3234
f 4979/2255/2927 4990/2265/2938 4997/2272/3233
f 4979/2255/2927 4997/2272/3233 4999/2274/2947
f 4981/2257/3228 4991/2266/2939 4998/2273/3234
f 4981/2257/3228 4998/2273/3234 5000/2275/3235
f 4980/2256/2928 4979/2255/2927 4999/2274/2947
f 4980/2256/2928 4999/2274/2947 5001/2276/2949
f 4065/1932/2707 4981/2257/3228 5000/2275/3235
f 4065/1932/2707 5000/2275/3235 4069/1936/2656
f 4982/2258/2930 4980/2256/2928 5001/2276/2949
f 4982/2258/2930 5001/2276/2949 5002/2277/2950
f 4983/2259/2931 4982/2258/2930 5002/2277/2950
f 4983/2259/2931 5002/2277/2950 5003/2278/3236
f 4984/2260/3229 4063/1930/2653 4067/1934/2655
f 4984/2260/3229 4067/1934/2655 5004/2279/2952
f 4985/2261/2933 4983/2259/2931 5003/2278/3236
f 4985/2261/2933 5003/2278/3236 4992/2267/3231
f 4986/2262/2934 4984/2260/3229 5004/2279/2952
f 4986/2262/2934 5004/2279/2952 4994/2269/3232
f 4069/1936/2656 5000/2275/3235 5005/2280/3237
f 4069/1936/2656 5005/2280/3237 4073/1940/2658
f 5002/2277/2950 5001/2276/2949 5006/2281/2954
f 5002/2277/2950 5006/2281/2954 5007/2282/2955
f 5003/2278/3236 5002/2277/2950 5007/2282/2955
f 5003/2278/3236 5007/2282/2955 5008/2283/2956
f 5004/2279/2952 4067/1934/2655 4071/1938/2708
f 5004/2279/2952 4071/1938/2708 5009/2284/3238
f 4992/2267/3231 5003/2278/3236 5008/2283/2956
f 4992/2267/3231 5008/2283/2956 5010/2285/3239
f 4994/2269/3232 5004/2279/2952 5009/2284/3238
f 4994/2269/3232 5009/2284/3238 5011/2286/3240
f 4993/2268/2941 4992/2267/3231 5010/2285/3239
f 4993/2268/2941 5010/2285/3239 5012/2287/2960
f 4995/2270/2943 4994/2269/3232 5011/2286/3240
f 4995/2270/2943 5011/2286/3240 5013/2288/3241
f 4996/2271/2944 4993/2268/2941 5012/2287/2960
f 4996/2271/2944 5012/2287/2960 5014/2289/3242
f 4997/2272/3233 4995/2270/2943 5013/2288/3241
f 4997/2272/3233 5013/2288/3241 5015/2290/3243
f 4998/2273/3234 4996/2271/2944 5014/2289/3242
f 4998/2273/3234 5014/2289/3242 5016/2291/2964
f 4999/2274/2947 4997/2272/3233 5015/2290/3243
f 4999/2274/2947 5015/2290/3243 5017/2292/2965
f 5000/2275/3235 4998/2273/3234 5016/2291/2964
f 5000/2275/3235 5016/2291/2964 5005/2280/3237
f 5001/2276/2949 4999/2274/2947 5017/2292/2965
f 5001/2276/2949 5017/2292/2965 5006/2281/2954
f 5014/2289/3242 5012/2287/2960 5018/2293/2966
f 5014/2289/3242 5018/2293/2966 5019/2294/2967
f 5015/2290/3243 5013/2288/3241 5020/2295/3244
f 5015/2290/3243 5020/2295/3244 5021/2296/3245
f 5016/2291/2964 5014/2289/3242 5019/2294/2967
f 5016/2291/2964 5019/2294/2967 5022/2297/3246
f 5017/2292/2965 5015/2290/3243 5021/2296/3245
f 5017/2292/2965 5021/2296/3245 5023/2298/2971
f 5005/2280/3237 5016/2291/2964 5022/2297/3246
f 5005/2280/3237 5022/2297/3246 5024/2299/3247
f 5006/2281/2954 5017/2292/2965 5023/2298/2971
f 5006/2281/2954 5023/2298/2971 5025/2300/2973
f 4073/1940/2658 5005/2280/3237 5024/2299/3247
f 4073/1940/2658 5024/2299/3247 4077/1944/2709
f 5007/2282/2955 5006/2281/2954 5025/2300/2973
f 5007/2282/2955 5025/2300/2973 5026/2301/3248
f 5008/2283/2956 5007/2282/2955 5026/2301/3248
f 5008/2283/2956 5026/2301/3248 5027/2302/3249
f 5009/2284/3238 4071/1938/2708 4075/1942/2659
f 5009/2284/3238 4075/1942/2659 5028/2303/2976
f 5010/2285/3239 5008/2283/2956 5027/2302/3249
f 5010/2285/3239 5027/2302/3249 5029/2304/3250
f 5011/2286/3240 5009/2284/3238 5028/2303/2976
f 5011/2286/3240 5028/2303/2976 5030/2305/3251
f 5012/2287/2960 5010/2285/3239 5029/2304/3250
f 5012/2287/2960 5029/2304/3250 5018/2293/2966
f 5013/2288/3241 5011/2286/3240 5030/2305/3251
f 5013/2288/3241 5030/2305/3251 5020/2295/3244
f 5027/2302/3249 5026/2301/3248 5031/2306/2979
f 5027/2302/3249 5031/2306/2979 5032/2307/2980
f 5028/2303/2976 4075/1942/2659 4079/1946/2710
f 5028/2303/2976 4079/1946/2710 5033/2308/2981
f 5029/2304/3250 5027/2302/3249 5032/2307/2980
f 5029/2304/3250 5032/2307/2980 5034/2309/3252
f 5030/2305/3251 5028/2303/2976 5033/2308/2981
f 5030/2305/3251 5033/2308/2981 5035/2310/2983
f 5018/2293/2966 5029/2304/3250 5034/2309/3252
f 5018/2293/2966 5034/2309/3252 5036/2311/2984
f 5020/2295/3244 5030/2305/3251 5035/2310/2983
f 5020/2295/3244 5035/2310/2983 5037/2312/2985
f 5019/2294/2967 5018/2293/2966 5036/2311/2984
f 5019/2294/2967 5036/2311/2984 5038/2313/2986
f 5021/2296/3245 5020/2295/3244 5037/2312/2985
f 5021/2296/3245 5037/2312/2985 5039/2314/2987
f 5022/2297/3246 5019/2294/2967 5038/2313/2986
f 5022/2297/3246 5038/2313/2986 5040/2315/2988
f 5023/2298/2971 5021/2296/3245 5039/2314/2987
f 5023/2298/2971 5039/2314/2987 5041/2316/2989
f 5024/2299/3247 5022/2297/3246 5040/2315/2988
f 5024/2299/3247 5040/2315/2988 5042/2317/3253
f 5025/2300/2973 5023/2298/2971 5041/2316/2989
f 5025/2300/2973 5041/2316/2989 5043/2318/2991
f 4077/1944/2709 5024/2299/3247 5042/2317/3253
f 4077/1944/2709 5042/2317/3253 4081/1948/2711
f 5026/2301/3248 5025/2300/2973 5043/2318/2991
f 5026/2301/3248 5043/2318/2991 5031/2306/2979
f 5039/2314/2987 5037/2312/2985 5044/2319/2992
f 5039/2314/2987 5044/2319/2992 5045/2320/2993
f 5040/2315/2988 5038/2313/2986 5046/2321/3254
f 5040/2315/2988 5046/2321/3254 5047/2322/3255
f 5041/2316/2989 5039/2314/2987 5045/2320/2993
f 5041/2316/2989 5045/2320/2993 5048/2323/2996
f 5042/2317/3253 5040/2315/2988 5047/2322/3255
f 5042/2317/3253 5047/2322/3255 5049/2324/2997
f 5043/2318/2991 5041/2316/2989 5048/2323/2996
f 5043/2318/2991 5048/2323/2996 5050/2325/2998
f 4081/1948/2711 5042/2317/3253 5049/2324/2997
f 4081/1948/2711 5049/2324/2997 4085/1952/2713
f 5031/2306/2979 5043/2318/2991 5050/2325/2998
f 5031/2306/2979 5050/2325/2998 5051/2326/2999
f 5032/2307/2980 5031/2306/2979 5051/2326/2999
f 5032/2307/2980 5051/2326/2999 5052/2327/3256
f 5033/2308/2981 4079/1946/2710 4083/1950/2712
f 5033/2308/2981 4083/1950/2712 5053/2328/3001
f 5034/2309/3252 5032/2307/2980 5052/2327/3256
f 5034/2309/3252 5052/2327/3256 5054/2329/3002
f 5035/2310/2983 5033/2308/2981 5053/2328/3001
f 5035/2310/2983 5053/2328/3001 5055/2330/3257
f 5036/2311/2984 5034/2309/3252 5054/2329/3002
f 5036/2311/2984 5054/2329/3002 5056/2331/3004
f 5037/2312/2985 5035/2310/2983 5055/2330/3257
f 5037/2312/2985 5055/2330/3257 5044/2319/2992
f 5038/2313/2986 5036/2311/2984 5056/2331/3004
f 5038/2313/2986 5056/2331/3004 5046/2321/3254
f 5052/2327/3256 5051/2326/2999 5057/2332/3005
f 5052/2327/3256 5057/2332/3005 5058/2333/3006
f 5053/2328/3001 4083/1950/2712 4087/1954/2714
f 5053/2328/3001 4087/1954/2714 5059/2334/3007
f 5054/2329/3002 5052/2327/3256 5058/2333/3006
f 5054/2329/3002 5058/2333/3006 5060/2335/3008
f 5055/2330/3257 5053/2328/3001 5059/2334/3007
f 5055/2330/3257 5059/2334/3007 5061/2336/3009
f 5056/2331/3004 5054/2329/3002 5060/2335/3008
f 5056/2331/3004 5060/2335/3008 5062/2337/3010
f 5044/2319/2992 5055/2330/3257 5061/2336/3009
f 5044/2319/2992 5061/2336/3009 5063/2338/3011
f 5046/2321/3254 5056/2331/3004 5062/2337/3010
f 5046/2321/3254 5062/2337/3010 5064/2339/3012
f 5045/2320/2993 5044/2319/2992 5063/2338/3011
f 5045/2320/2993 5063/2338/3011 5065/2340/3258
f 5047/2322/3255 5046/2321/3254 5064/2339/3012
f 5047/2322/3255 5064/2339/3012 5066/2341/3259
f 5048/2323/2996 5045/2320/2993 5065/2340/3258
f 5048/2323/2996 5065/2340/3258 5067/2342/3015
f 5049/2324/2997 5047/2322/3255 5066/2341/3259
f 5049/2324/2997 5066/2341/3259 5068/2343/3260
f 5050/2325/2998 5048/2323/2996 5067/2342/3015
f 5050/2325/2998 5067/2342/3015 5069/2344/3017
f 4085/1952/2713 5049/2324/2997 5068/2343/3260
f 4085/1952/2713 5068/2343/3260 4089/1956/2667
f 5051/2326/2999 5050/2325/2998 5069/2344/3017
f 5051/2326/2999 5069/2344/3017 5057/2332/3005
f 5066/2341/3259 5064/2339/3012 5070/2345/3018
f 5066/2341/3259 5070/2345/3018 5071/2346/3261
f 5067/2342/3015 5065/2340/3258 5072/2347/3020
f 5067/2342/3015 5072/2347/3020 5073/2348/3021
f 5068/2343/3260 5066/2341/3259 5071/2346/3261
f 5068/2343/3260 5071/2346/3261 5074/2349/3022
f 5069/2344/3017 5067/2342/3015 5073/2348/3021
f 5069/2344/3017 5073/2348/3021 5075/2350/3023
f 4089/1956/2667 5068/2343/3260 5074/2349/3022
f 4089/1956/2667 5074/2349/3022 4093/1960/2715
f 5057/2332/3005 5069/2344/3017 5075/2350/3023
f 5057/2332/3005 5075/2350/3023 5076/2351/3024
f 5058/2333/3006 5057/2332/3005 5076/2351/3024
f 5058/2333/3006 5076/2351/3024 5077/2352/3025
f 5059/2334/3007 4087/1954/2714 4091/1958/2668
f 5059/2334/3007 4091/1958/2668 5078/2353/3026
f 5060/2335/3008 5058/2333/3006 5077/2352/3025
f 5060/2335/3008 5077/2352/3025 5079/2354/3027
f 5061/2336/3009 5059/2334/3007 5078/2353/3026
f 5061/2336/3009 5078/2353/3026 5080/2355/3028
f 5062/2337/3010 5060/2335/3008 5079/2354/3027
f 5062/2337/3010 5079/2354/3027 5081/2356/3029
f 5063/2338/3011 5061/2336/3009 5080/2355/3028
f 5063/2338/3011 5080/2355/3028 5082/2357/3030
f 5064/2339/3012 5062/2337/3010 5081/2356/3029
f 5064/2339/3012 5081/2356/3029 5070/2345/3018
f 5065/2340/3258 5063/2338/3011 5082/2357/3030
f 5065/2340/3258 5082/2357/3030 5072/2347/3020
f 5078/2353/3026 4091/1958/2668 4095/1962/2671
f 5078/2353/3026 4095/1962/2671 5083/2358/3031
f 5079/2354/3027 5077/2352/3025 5084/2359/3032
f 5079/2354/3027 5084/2359/3032 5085/2360/3033
f 5080/2355/3028 5078/2353/3026 5083/2358/3031
f 5080/2355/3028 5083/2358/3031 5086/2361/3034
f 5081/2356/3029 5079/2354/3027 5085/2360/3033
f 5081/2356/3029 5085/2360/3033 5087/2362/3035
f 5082/2357/3030 5080/2355/3028 5086/2361/3034
f 5082/2357/3030 5086/2361/3034 5088/2363/3036
f 5070/2345/3018 5081/2356/3029 5087/2362/3035
f 5070/2345/3018 5087/2362/3035 5089/2364/3037
f 5072/2347/3020 5082/2357/3030 5088/2363/3036
f 5072/2347/3020 5088/2363/3036 5090/2365/3038
f 5071/2346/3261 5070/2345/3018 5089/2364/3037
f 5071/2346/3261 5089/2364/3037 5091/2366/3039
f 5073/2348/3021 5072/2347/3020 5090/2365/3038
f 5073/2348/3021 5090/2365/3038 5092/2367/3040
f 5074/2349/3022 5071/2346/3261 5091/2366/3039
f 5074/2349/3022 5091/2366/3039 5093/2368/3041
f 5075/2350/3023 5073/2348/3021 5092/2367/3040
f 5075/2350/3023 5092/2367/3040 5094/2369/3042
f 4093/1960/2715 5074/2349/3022 5093/2368/3041
f 4093/1960/2715 5093/2368/3041 4097/1964/2672
f 5076/2351/3024 5075/2350/3023 5094/2369/3042
f 5076/2351/3024 5094/2369/3042 5095/2370/3043
f 5077/2352/3025 5076/2351/3024 5095/2370/3043
f 5077/2352/3025 5095/2370/3043 5084/2359/3032
f 5096/2371/3044 5097/2372/3038 5098/2373/3262
f 5096/2371/3044 5098/2373/3262 5099/2374/3046
f 5100/2375/3041 5101/2376/3047 5102/2377/3048
f 5100/2375/3041 5102/2377/3048 5103/2378/3049
f 5104/2379/3042 5096/2371/3044 5099/2374/3046
f 5104/2379/3042 5099/2374/3046 5105/2380/3050
f 4102/1969/2672 5100/2375/3041 5103/2378/3049
f 4102/1969/2672 5103/2378/3049 4103/1970/2675
f 5106/2381/3043 5104/2379/3042 5105/2380/3050
f 5106/2381/3043 5105/2380/3050 5107/2382/3051
f 5108/2383/3032 5106/2381/3043 5107/2382/3051
f 5108/2383/3032 5107/2382/3051 5109/2384/3052
f 5110/2385/3053 4098/1965/2673 4100/1967/2674
f 5110/2385/3053 4100/1967/2674 5111/2386/3054
f 5112/2387/3055 5108/2383/3032 5109/2384/3052
f 5112/2387/3055 5109/2384/3052 5113/2388/3056
f 5114/2389/3057 5110/2385/3053 5111/2386/3054
f 5114/2389/3057 5111/2386/3054 5115/2390/3058
f 5116/2391/3059 5112/2387/3055 5113/2388/3056
f 5116/2391/3059 5113/2388/3056 5117/2392/3060
f 5118/2393/3061 5114/2389/3057 5115/2390/3058
f 5118/2393/3061 5115/2390/3058 5119/2394/3062
f 5120/2395/3063 5116/2391/3059 5117/2392/3060
f 5120/2395/3063 5117/2392/3060 5121/2396/3064
f 5097/2372/3038 5118/2393/3061 5119/2394/3062
f 5097/2372/3038 5119/2394/3062 5098/2373/3262
f 5101/2376/3047 5120/2395/3063 5121/2396/3064
f 5101/2376/3047 5121/2396/3064 5102/2377/3048
f 5113/2388/3056 5109/2384/3052 5122/2397/3263
f 5113/2388/3056 5122/2397/3263 5123/2398/3264
f 5115/2390/3058 5111/2386/3054 5124/2399/3067
f 5115/2390/3058 5124/2399/3067 5125/2400/3068
f 5117/2392/3060 5113/2388/3056 5123/2398/3264
f 5117/2392/3060 5123/2398/3264 5126/2401/3265
f 5119/2394/3062 5115/2390/3058 5125/2400/3068
f 5119/2394/3062 5125/2400/3068 5127/2402/3266
f 5121/2396/3064 5117/2392/3060 5126/2401/3265
f 5121/2396/3064 5126/2401/3265 5128/2403/3071
f 5098/2373/3262 5119/2394/3062 5127/2402/3266
f 5098/2373/3262 5127/2402/3266 5129/2404/3072
f 5102/2377/3048 5121/2396/3064 5128/2403/3071
f 5102/2377/3048 5128/2403/3071 5130/2405/3073
f 5099/2374/3046 5098/2373/3262 5129/2404/3072
f 5099/2374/3046 5129/2404/3072 5131/2406/3074
f 5103/2378/3049 5102/2377/3048 5130/2405/3073
f 5103/2378/3049 5130/2405/3073 5132/2407/3075
f 5105/2380/3050 5099/2374/3046 5131/2406/3074
f 5105/2380/3050 5131/2406/3074 5133/2408/3076
f 4103/1970/2675 5103/2378/3049 5132/2407/3075
f 4103/1970/2675 5132/2407/3075 4107/1974/2677
f 5107/2382/3051 5105/2380/3050 5133/2408/3076
f 5107/2382/3051 5133/2408/3076 5134/2409/3077
f 5109/2384/3052 5107/2382/3051 5134/2409/3077
f 5109/2384/3052 5134/2409/3077 5122/2397/3263
f 5111/2386/3054 4100/1967/2674 4105/1972/2676
f 5111/2386/3054 4105/1972/2676 5124/2399/3067
f 5132/2407/3075 5130/2405/3073 5135/2410/3078
f 5132/2407/3075 5135/2410/3078 5136/2411/3267
f 5133/2408/3076 5131/2406/3074 5137/2412/3268
f 5133/2408/3076 5137/2412/3268 5138/2413/3081
f 4107/1974/2677 5132/2407/3075 5136/2411/3267
f 4107/1974/2677 5136/2411/3267 4111/1978/2716
f 5134/2409/3077 5133/2408/3076 5138/2413/3081
f 5134/2409/3077 5138/2413/3081 5139/2414/3082
f 5122/2397/3263 5134/2409/3077 5139/2414/3082
f 5122/2397/3263 5139/2414/3082 5140/2415/3083
f 5124/2399/3067 4105/1972/2676 4109/1976/2678
f 5124/2399/3067 4109/1976/2678 5141/2416/3084
f 5123/2398/3264 5122/2397/3263 5140/2415/3083
f 5123/2398/3264 5140/2415/3083 5142/2417/3085
f 5125/2400/3068 5124/2399/3067 5141/2416/3084
f 5125/2400/3068 5141/2416/3084 5143/2418/3086
f 5126/2401/3265 5123/2398/3264 5142/2417/3085
f 5126/2401/3265 5142/2417/3085 5144/2419/3087
f 5127/2402/3266 5125/2400/3068 5143/2418/3086
f 5127/2402/3266 5143/2418/3086 5145/2420/3088
f 5128/2403/3071 5126/2401/3265 5144/2419/3087
f 5128/2403/3071 5144/2419/3087 5146/2421/3089
f 5129/2404/3072 5127/2402/3266 5145/2420/3088
f 5129/2404/3072 5145/2420/3088 5147/2422/3269
f 5130/2405/3073 5128/2403/3071 5146/2421/3089
f 5130/2405/3073 5146/2421/3089 5135/2410/3078
f 5131/2406/3074 5129/2404/3072 5147/2422/3269
f 5131/2406/3074 5147/2422/3269 5137/2412/3268
f 5144/2419/3087 5142/2417/3085 5148/2423/3091
f 5144/2419/3087 5148/2423/3091 5149/2424/3270
f 5145/2420/3088 5143/2418/3086 5150/2425/3271
f 5145/2420/3088 5150/2425/3271 5151/2426/3272
f 5146/2421/3089 5144/2419/3087 5149/2424/3270
f 5146/2421/3089 5149/2424/3270 5152/2427/3095
f 5147/2422/3269 5145/2420/3088 5151/2426/3272
f 5147/2422/3269 5151/2426/3272 5153/2428/3096
f 5135/2410/3078 5146/2421/3089 5152/2427/3095
f 5135/2410/3078 5152/2427/3095 5154/2429/3097
f 5137/2412/3268 5147/2422/3269 5153/2428/3096
f 5137/2412/3268 5153/2428/3096 5155/2430/3098
f 5136/2411/3267 5135/2410/3078 5154/2429/3097
f 5136/2411/3267 5154/2429/3097 5156/2431/3273
f 5138/2413/3081 5137/2412/3268 5155/2430/3098
f 5138/2413/3081 5155/2430/3098 5157/2432/3100
f 4111/1978/2716 5136/2411/3267 5156/2431/3273
f 4111/1978/2716 5156/2431/3273 4115/1982/2681
f 5139/2414/3082 5138/2413/3081 5157/2432/3100
f 5139/2414/3082 5157/2432/3100 5158/2433/3101
f 5140/2415/3083 5139/2414/3082 5158/2433/3101
f 5140/2415/3083 5158/2433/3101 5159/2434/3102
f 5141/2416/3084 4109/1976/2678 4113/1980/2680
f 5141/2416/3084 4113/1980/2680 5160/2435/3103
f 5142/2417/3085 5140/2415/3083 5159/2434/3102
f 5142/2417/3085 5159/2434/3102 5148/2423/3091
f 5143/2418/3086 5141/2416/3084 5160/2435/3103
f 5143/2418/3086 5160/2435/3103 5150/2425/3271
f 4115/1982/2681 5156/2431/3273 5161/2436/3104
f 4115/1982/2681 5161/2436/3104 4119/1986/2683
f 5158/2433/3101 5157/2432/3100 5162/2437/3105
f 5158/2433/3101 5162/2437/3105 5163/2438/3106
f 5159/2434/3102 5158/2433/3101 5163/2438/3106
f 5159/2434/3102 5163/2438/3106 5164/2439/3274
f 5160/2435/3103 4113/1980/2680 4117/1984/2682
f 5160/2435/3103 4117/1984/2682 5165/2440/3108
f 5148/2423/3091 5159/2434/3102 5164/2439/3274
f 5148/2423/3091 5164/2439/3274 5166/2441/3275
f 5150/2425/3271 5160/2435/3103 5165/2440/3108
f 5150/2425/3271 5165/2440/3108 5167/2442/3110
f 5149/2424/3270 5148/2423/3091 5166/2441/3275
f 5149/2424/3270 5166/2441/3275 5168/2443/3111
f 5151/2426/3272 5150/2425/3271 5167/2442/3110
f 5151/2426/3272 5167/2442/3110 5169/2444/3112
f 5152/2427/3095 5149/2424/3270 5168/2443/3111
f 5152/2427/3095 5168/2443/3111 5170/2445/3276
f 5153/2428/3096 5151/2426/3272 5169/2444/3112
f 5153/2428/3096 5169/2444/3112 5171/2446/3277
f 5154/2429/3097 5152/2427/3095 5170/2445/3276
f 5154/2429/3097 5170/2445/3276 5172/2447/3115
f 5155/2430/3098 5153/2428/3096 5171/2446/3277
f 5155/2430/3098 5171/2446/3277 5173/2448/3116
f 5156/2431/3273 5154/2429/3097 5172/2447/3115
f 5156/2431/3273 5172/2447/3115 5161/2436/3104
f 5157/2432/3100 5155/2430/3098 5173/2448/3116
f 5157/2432/3100 5173/2448/3116 5162/2437/3105
f 5169/2444/3112 5167/2442/3110 5174/2449/3117
f 5169/2444/3112 5174/2449/3117 5175/2450/3118
f 5170/2445/3276 5168/2443/3111 5176/2451/3119
f 5170/2445/3276 5176/2451/3119 5177/2452/3278
f 5171/2446/3277 5169/2444/3112 5175/2450/3118
f 5171/2446/3277 5175/2450/3118 5178/2453/3121
f 5172/2447/3115 5170/2445/3276 5177/2452/3278
f 5172/2447/3115 5177/2452/3278 5179/2454/3122
f 5173/2448/3116 5171/2446/3277 5178/2453/3121
f 5173/2448/3116 5178/2453/3121 5180/2455/3123
f 5161/2436/3104 5172/2447/3115 5179/2454/3122
f 5161/2436/3104 5179/2454/3122 5181/2456/3279
f 5162/2437/3105 5173/2448/3116 5180/2455/3123
f 5162/2437/3105 5180/2455/3123 5182/2457/3125
f 4119/1986/2683 5161/2436/3104 5181/2456/3279
f 4119/1986/2683 5181/2456/3279 4123/1990/2685
f 5163/2438/3106 5162/2437/3105 5182/2457/3125
f 5163/2438/3106 5182/2457/3125 5183/2458/3280
f 5164/2439/3274 5163/2438/3106 5183/2458/3280
f 5164/2439/3274 5183/2458/3280 5184/2459/3127
f 5165/2440/3108 4117/1984/2682 4121/1988/2684
f 5165/2440/3108 4121/1988/2684 5185/2460/3281
f 5166/2441/3275 5164/2439/3274 5184/2459/3127
f 5166/2441/3275 5184/2459/3127 5186/2461/3129
f 5167/2442/3110 5165/2440/3108 5185/2460/3281
f 5167/2442/3110 5185/2460/3281 5174/2449/3117
f 5168/2443/3111 5166/2441/3275 5186/2461/3129
f 5168/2443/3111 5186/2461/3129 5176/2451/3119
f 5183/2458/3280 5182/2457/3125 5187/2462/3282
f 5183/2458/3280 5187/2462/3282 5188/2463/3131
f 5184/2459/3127 5183/2458/3280 5188/2463/3131
f 5184/2459/3127 5188/2463/3131 5189/2464/3132
f 5185/2460/3281 4121/1988/2684 4125/1992/2718
f 5185/2460/3281 4125/1992/2718 5190/2465/3133
f 5186/2461/3129 5184/2459/3127 5189/2464/3132
f 5186/2461/3129 5189/2464/3132 5191/2466/3134
f 5174/2449/3117 5185/2460/3281 5190/2465/3133
f 5174/2449/3117 5190/2465/3133 5192/2467/3135
f 5176/2451/3119 5186/2461/3129 5191/2466/3134
f 5176/2451/3119 5191/2466/3134 5193/2468/3283
f 5175/2450/3118 5174/2449/3117 5192/2467/3135
f 5175/2450/3118 5192/2467/3135 5194/2469/3137
f 5177/2452/3278 5176/2451/3119 5193/2468/3283
f 5177/2452/3278 5193/2468/3283 5195/2470/3284
f 5178/2453/3121 5175/2450/3118 5194/2469/3137
f 5178/2453/3121 5194/2469/3137 5196/2471/3139
f 5179/2454/3122 5177/2452/3278 5195/2470/3284
f 5179/2454/3122 5195/2470/3284 5197/2472/3140
f 5180/2455/3123 5178/2453/3121 5196/2471/3139
f 5180/2455/3123 5196/2471/3139 5198/2473/3141
f 5181/2456/3279 5179/2454/3122 5197/2472/3140
f 5181/2456/3279 5197/2472/3140 5199/2474/3142
f 5182/2457/3125 5180/2455/3123 5198/2473/3141
f 5182/2457/3125 5198/2473/3141 5187/2462/3282
f 4123/1990/2685 5181/2456/3279 5199/2474/3142
f 4123/1990/2685 5199/2474/3142 4127/1994/2687
f 5195/2470/3284 5193/2468/3283 4776/2052/2724
f 5195/2470/3284 4776/2052/2724 4775/2051/2723
f 5196/2471/3139 5194/2469/3137 4771/2047/2719
f 5196/2471/3139 4771/2047/2719 4779/2055/3164
f 5197/2472/3140 5195/2470/3284 4775/2051/2723
f 5197/2472/3140 4775/2051/2723 4781/2057/2729
f 5198/2473/3141 5196/2471/3139 4779/2055/3164
f 5198/2473/3141 4779/2055/3164 4783/2059/2731
f 5199/2474/3142 5197/2472/3140 4781/2057/2729
f 5199/2474/3142 4781/2057/2729 4785/2061/2733
f 5187/2462/3282 5198/2473/3141 4783/2059/2731
f 5187/2462/3282 4783/2059/2731 4787/2063/3167
f 4127/1994/2687 5199/2474/3142 4785/2061/2733
f 4127/1994/2687 4785/2061/2733 4004/1871/2619
f 5188/2463/3131 5187/2462/3282 4787/2063/3167
f 5188/2463/3131 4787/2063/3167 4789/2065/2737
f 5189/2464/3132 5188/2463/3131 4789/2065/2737
f 5189/2464/3132 4789/2065/2737 4791/2067/2739
f 5190/2465/3133 4125/1992/2718 4000/1867/2615
f 5190/2465/3133 4000/1867/2615 4793/2069/2741
f 5191/2466/3134 5189/2464/3132 4791/2067/2739
f 5191/2466/3134 4791/2067/2739 4795/2071/2743
f 5192/2467/3135 5190/2465/3133 4793/2069/2741
f 5192/2467/3135 4793/2069/2741 4772/2048/2720
f 5193/2468/3283 5191/2466/3134 4795/2071/2743
f 5193/2468/3283 4795/2071/2743 4776/2052/2724
f 5194/2469/3137 5192/2467/3135 4772/2048/2720
f 5194/2469/3137 4772/2048/2720 4771/2047/2719
s 0
f 5200/2518/3285 5201/2521/3285 5202/2522/3285
f 5200/2518/3285 5202/2522/3285 5203/2480/3285
f 5204/2480/3286 5205/2522/3286 5206/2477/3286
s 1
f 5204/2480/3286 5206/2477/3286 5207/2478/3286
s 0
f 5208/2478/3144 5209/2477/3144 5210/2481/3144
f 5208/2478/3144 5210/2481/3144 5211/2482/3144
f 5212/2482/3287 5213/2481/3287 5214/2483/3287
f 5212/2482/3145 5214/2483/3145 5215/2484/3145
f 5216/2484/3146 5217/2483/3146 5218/2485/3146
f 5216/2484/3146 5218/2485/3146 5219/2486/3146
f 5220/2486/3147 5221/2485/3147 5222/2487/3147
f 5220/2486/3147 5222/2487/3147 5223/2488/3147
f 5224/2488/3148 5225/2487/3148 5226/2489/3148
f 5224/2488/3148 5226/2489/3148 5227/2490/3148
f 5228/2490/3149 5229/2489/3149 5230/2491/3149
f 5228/2490/3149 5230/2491/3149 5231/2492/3149
f 5232/2492/3150 5233/2491/3150 5234/2493/3150
f 5232/2492/3288 5234/2493/3288 5235/2494/3288
f 5236/2494/3151 5237/2493/3151 5238/2476/3151
f 5236/2494/3151 5238/2476/3151 5239/2475/3151
f 5240/2501/2688 5241/2499/2688 5242/2520/2688
f 5240/2501/2688 5242/2520/2688 5243/2517/2688
f 5244/2500/3289 5245/2501/3289 5246/2517/3289
f 5244/2500/3289 5246/2517/3289 5247/2516/3289
f 5248/2026/2689 5249/2028/2689 5250/2044/2689
f 5248/2026/2689 5250/2044/2689 5251/2046/2689
f 5252/2024/2689 5253/2026/2689 5254/2046/2689
f 5252/2024/2689 5254/2046/2689 5255/2002/2689
f 5256/2501/3156 5257/2500/3156 5258/2502/3156
f 5256/2501/3156 5258/2502/3156 5259/2503/3156
f 5260/2503/3157 5261/2502/3157 5262/2504/3157
f 5260/2503/3290 5262/2504/3290 5263/2505/3290
f 5264/2505/3158 5265/2504/3158 5266/2506/3158
f 5264/2505/3158 5266/2506/3158 5267/2507/3158
f 5268/2507/3159 5269/2506/3159 5270/2508/3159
f 5268/2507/3159 5270/2508/3159 5271/2509/3159
f 5272/2509/3160 5273/2508/3160 5274/2510/3160
f 5272/2509/3160 5274/2510/3160 5275/2511/3160
f 5276/2511/3161 5277/2510/3161 5278/2512/3161
f 5276/2511/3161 5278/2512/3161 5279/2513/3161
f 5280/2513/3291 5281/2512/3291 5282/2514/3291
f 5280/2513/3162 5282/2514/3162 5283/2515/3162
f 5284/2515/3163 5285/2514/3163 5286/2516/3163
f 5284/2515/3163 5286/2516/3163 5287/2517/3163
f 5288/2517/3292 5289/2516/3292 5290/2523/3292
f 5288/2517/3292 5290/2523/3292 5291/2520/3292
f 5292/2520/3293 5293/2523/3293 5294/2524/3293
f 5292/2520/3293 5294/2524/3293 5295/2519/3293
f 5296/2525/3293 5297/2520/3293 5298/2519/3293
f 5296/2525/3293 5298/2519/3293 5299/2526/3293
f 5300/2527/3292 5301/2517/3292 5302/2520/3292
f 5300/2527/3292 5302/2520/3292 5303/2525/3292
f 5304/2528/3163 5305/2515/3163 5306/2517/3163
f 5304/2528/3163 5306/2517/3163 5307/2527/3163
f 5308/2529/3162 5309/2513/3162 5310/2515/3162
f 5308/2529/3162 5310/2515/3162 5311/2528/3162
s 1
f 5312/2530/3161 5313/2511/3161 5314/2513/3161
s 0
f 5312/2530/3161 5314/2513/3161 5315/2529/3161
f 5316/2531/3160 4747/2509/3160 4750/2511/3160
f 5316/2531/3160 4750/2511/3160 5317/2530/3160
f 5318/2532/3159 5319/2507/3159 5320/2509/3159
f 5318/2532/3159 5320/2509/3159 5321/2531/3159
s 1
f 5322/2533/3158 5323/2505/3158 5324/2507/3158
s 0
f 5322/2533/3158 5324/2507/3158 5325/2532/3158
f 5326/2534/3157 5327/2503/3157 5328/2505/3157
f 5326/2534/3290 5328/2505/3290 5329/2533/3290
f 5330/2535/3156 5331/2501/3156 5332/2503/3156
f 5330/2535/3156 5332/2503/3156 5333/2534/3156
f 5334/2536/3155 5335/2499/3155 5336/2501/3155
f 5334/2536/3155 5336/2501/3155 5337/2535/3155
f 5338/2537/3154 5339/2497/3154 5340/2499/3154
f 5338/2537/3154 5340/2499/3154 5341/2536/3154
f 5342/2538/3153 5343/2479/3153 5344/2497/3153
f 5342/2538/3153 5344/2497/3153 5345/2537/3153
f 5346/2539/3152 5347/2475/3152 5348/2479/3152
s 1
f 5346/2539/3152 5348/2479/3152 5349/2538/3152
s 0
f 5350/2540/3151 4711/2494/3151 4714/2475/3151
f 5350/2540/3151 4714/2475/3151 5351/2539/3151
f 5352/2541/3150 5353/2492/3150 5354/2494/3150
f 5352/2541/3150 5354/2494/3150 5355/2540/3150
f 5356/2542/3149 5357/2490/3149 5358/2492/3149
f 5356/2542/3149 5358/2492/3149 5359/2541/3149
f 5360/2543/3148 5361/2488/3148 5362/2490/3148
f 5360/2543/3148 5362/2490/3148 5363/2542/3148
f 5364/2544/3147 4695/2486/3147 4698/2488/3147
f 5364/2544/3147 4698/2488/3147 5365/2543/3147
f 5366/2545/3146 5367/2484/3146 5368/2486/3146
f 5366/2545/3146 5368/2486/3146 5369/2544/3146
f 5370/2546/3145 5371/2482/3145 5372/2484/3145
f 5370/2546/3145 5372/2484/3145 5373/2545/3145
f 5374/2547/3144 4683/2478/3144 4686/2482/3144
f 5374/2547/3144 4686/2482/3144 5375/2546/3144
s 1
f 5376/2548/3286 5377/2480/3286 5378/2478/3286
f 5376/2548/3286 5378/2478/3286 5379/2547/3286
s 0
f 5380/2381/3285 5381/2518/3285 5382/2480/3285
f 5380/2381/3285 5382/2480/3285 5383/2548/3285
f 5384/2525/3293 5385/2520/3293 5386/2519/3293
f 5384/2525/3293 5386/2519/3293 5387/2526/3293
f 5388/2527/3292 5389/2517/3292 5390/2520/3292
f 5388/2527/3292 5390/2520/3292 5391/2525/3292
f 5392/2528/3163 5393/2515/3163 5394/2517/3163
f 5392/2528/3163 5394/2517/3163 5395/2527/3163
f 5396/2529/3291 5397/2513/3291 5398/2515/3291
f 5396/2529/3291 5398/2515/3291 5399/2528/3291
f 5400/2530/3161 5401/2511/3161 5402/2513/3161
f 5400/2530/3161 5402/2513/3161 5403/2529/3161
f 5404/2531/3160 5272/2509/3160 5275/2511/3160
f 5404/2531/3160 5275/2511/3160 5405/2530/3160
f 5406/2532/3159 5407/2507/3159 5408/2509/3159
f 5406/2532/3159 5408/2509/3159 5409/2531/3159
f 5410/2533/3158 5411/2505/3158 5412/2507/3158
f 5410/2533/3158 5412/2507/3158 5413/2532/3158
f 5414/2534/3290 5415/2503/3290 5416/2505/3290
f 5414/2534/3290 5416/2505/3290 5417/2533/3290
f 5418/2535/3156 5419/2501/3156 5420/2503/3156
f 5418/2535/3156 5420/2503/3156 5421/2534/3156
f 5422/2536/3155 5423/2499/3155 5424/2501/3155
f 5422/2536/3155 5424/2501/3155 5425/2535/3155
f 5426/2537/3154 5427/2497/3154 5428/2499/3154
f 5426/2537/3154 5428/2499/3154 5429/2536/3154
f 5430/2538/3153 5431/2479/3153 5432/2497/3153
f 5430/2538/3153 5432/2497/3153 5433/2537/3153
f 5434/2539/3152 5435/2475/3152 5436/2479/3152
f 5434/2539/3152 5436/2479/3152 5437/2538/3152
f 5438/2540/3151 5236/2494/3151 5239/2475/3151
f 5438/2540/3151 5239/2475/3151 5439/2539/3151
f 5440/2541/3150 5441/2492/3150 5442/2494/3150
f 5440/2541/3150 5442/2494/3150 5443/2540/3150
f 5444/2542/3149 5445/2490/3149 5446/2492/3149
f 5444/2542/3149 5446/2492/3149 5447/2541/3149
f 5448/2543/3148 5449/2488/3148 5450/2490/3148
f 5448/2543/3148 5450/2490/3148 5451/2542/3148
f 5452/2544/3147 5220/2486/3147 5223/2488/3147
f 5452/2544/3147 5223/2488/3147 5453/2543/3147
f 5454/2545/3146 5455/2484/3146 5456/2486/3146
f 5454/2545/3146 5456/2486/3146 5457/2544/3146
f 5458/2546/3145 5459/2482/3145 5460/2484/3145
f 5458/2546/3145 5460/2484/3145 5461/2545/3145
f 5462/2547/3144 5208/2478/3144 5211/2482/3144
f 5462/2547/3144 5211/2482/3144 5463/2546/3144
f 5464/2548/3286 5465/2480/3286 5466/2478/3286
f 5464/2548/3286 5466/2478/3286 5467/2547/3286
f 5468/2381/3285 5469/2518/3285 5470/2480/3285
f 5468/2381/3285 5470/2480/3285 5471/2548/3285
f 5472/2020/2689 5473/2022/2689 5474/2001/2689
f 5472/2020/2689 5474/2001/2689 5475/2004/2689
f 5476/2022/2689 5477/2024/2689 5478/2002/2689
f 5476/2022/2689 5478/2002/2689 5479/2001/2689
o Note3_Note_0
v 0.000000 -0.569535 1.110971
v 0.000000 -0.561554 1.114114
v 0.001642 -0.569394 1.111055
v 0.000000 -0.627972 1.233165
v 0.000000 -0.634850 1.227287
v 0.001642 -0.634698 1.227383
v 0.000000 -0.561554 1.114114
v 0.003221 -0.568978 1.111302
v 0.000000 -0.627972 1.233165
v 0.003221 -0.634259 1.227653
v 0.000000 -0.561554 1.114114
v 0.004675 -0.568302 1.111705
v 0.000000 -0.627972 1.233165
v 0.004675 -0.633551 1.228085
v 0.000000 -0.561554 1.114114
v 0.005951 -0.567392 1.112247
v 0.000000 -0.627972 1.233165
v 0.005951 -0.632600 1.228664
v 0.000000 -0.561554 1.114114
v 0.006997 -0.566284 1.112908
v 0.000000 -0.627972 1.233165
v 0.006997 -0.631443 1.229368
v 0.000000 -0.561554 1.114114
v 0.007775 -0.565019 1.113664
v 0.000000 -0.627972 1.233165
v 0.007775 -0.630124 1.230170
v 0.000000 -0.561554 1.114114
v 0.008254 -0.563647 1.114486
v 0.000000 -0.627972 1.233165
v 0.008254 -0.628696 1.231040
v 0.000000 -0.561554 1.114114
v 0.008416 -0.562220 1.115342
v 0.000000 -0.627972 1.233165
v 0.008416 -0.627212 1.231944
v 0.000000 -0.627972 1.233165
v 0.008254 -0.625730 1.232847
v 0.000000 -0.561554 1.114114
v 0.008254 -0.560793 1.116199
v 0.000000 -0.561554 1.114114
v 0.007775 -0.559422 1.117024
v 0.000000 -0.627972 1.233165
v 0.007775 -0.624306 1.233715
v 0.000000 -0.561554 1.114114
v 0.006997 -0.558159 1.117785
v 0.000000 -0.627972 1.233165
v 0.006997 -0.622997 1.234513
v 0.000000 -0.561554 1.114114
v 0.005951 -0.557052 1.118452
v 0.000000 -0.627972 1.233165
v 0.005951 -0.621852 1.235210
v 0.000000 -0.561554 1.114114
v 0.004675 -0.556145 1.119000
v 0.000000 -0.627972 1.233165
v 0.004675 -0.620914 1.235780
v 0.000000 -0.561554 1.114114
v 0.003221 -0.555472 1.119406
v 0.000000 -0.627972 1.233165
v 0.003221 -0.620221 1.236200
v 0.000000 -0.561554 1.114114
v 0.001642 -0.555058 1.119654
v 0.000000 -0.627972 1.233165
v 0.001642 -0.619797 1.236453
v 0.000000 -0.561554 1.114114
v 0.000000 -0.554920 1.119735
v 0.000000 -0.627972 1.233165
v 0.000000 -0.619660 1.236530
v 0.000000 -0.561554 1.114114
v -0.001642 -0.555063 1.119647
v 0.000000 -0.627972 1.233165
v -0.001642 -0.619814 1.236428
v 0.000000 -0.561554 1.114114
v -0.003220 -0.555480 1.119392
v 0.000000 -0.627972 1.233165
v -0.003220 -0.620254 1.236152
v 0.000000 -0.561554 1.114114
v -0.004675 -0.556157 1.118981
v 0.000000 -0.627972 1.233165
v -0.004675 -0.620961 1.235712
v 0.000000 -0.561554 1.114114
v -0.005951 -0.557067 1.118431
v 0.000000 -0.627972 1.233165
v -0.005951 -0.621910 1.235125
v 0.000000 -0.561554 1.114114
v -0.006997 -0.558174 1.117762
v 0.000000 -0.627972 1.233165
v -0.006997 -0.623064 1.234415
v 0.000000 -0.561554 1.114114
v -0.007775 -0.559437 1.117001
v 0.000000 -0.627972 1.233165
v -0.007775 -0.624379 1.233610
v 0.000000 -0.561554 1.114114
v -0.008254 -0.560807 1.116178
v 0.000000 -0.627972 1.233165
v -0.008254 -0.625803 1.232740
v 0.000000 -0.561554 1.114114
v -0.008415 -0.562231 1.115324
v 0.000000 -0.627972 1.233165
v -0.008415 -0.627284 1.231839
v -0.008415 -0.562231 1.115324
v 0.000000 -0.561554 1.114114
v -0.008254 -0.563656 1.114472
v 0.000000 -0.627972 1.233165
v -0.008415 -0.627284 1.231839
v -0.008254 -0.628764 1.230941
v 0.000000 -0.561554 1.114114
v -0.007775 -0.565025 1.113654
v 0.000000 -0.627972 1.233165
v -0.007775 -0.630186 1.230080
v 0.000000 -0.561554 1.114114
v -0.006997 -0.566288 1.112902
v 0.000000 -0.627972 1.233165
v -0.006997 -0.631496 1.229290
v 0.000000 -0.561554 1.114114
v -0.005951 -0.567394 1.112243
v 0.000000 -0.627972 1.233165
v -0.005951 -0.632644 1.228600
v 0.000000 -0.561554 1.114114
v -0.004675 -0.568303 1.111703
v 0.000000 -0.627972 1.233165
v -0.004675 -0.633584 1.228036
v 0.000000 -0.561554 1.114114
v -0.003220 -0.568978 1.111302
v 0.000000 -0.627972 1.233165
v -0.003220 -0.634282 1.227619
v 0.000000 -0.561554 1.114114
v -0.001642 -0.569394 1.111055
v 0.000000 -0.627972 1.233165
v -0.001642 -0.634709 1.227366
v 0.000000 -0.561554 1.114114
v 0.000000 -0.627972 1.233165
v -0.000000 -0.569922 1.120464
v -0.000000 -0.569922 1.112945
v 0.001946 -0.569922 1.113201
v -0.000000 -0.222181 1.120464
v 0.001946 -0.222181 1.113201
v -0.000000 -0.222181 1.112945
v -0.000000 -0.569922 1.120464
v 0.001946 -0.569922 1.113201
v 0.003760 -0.569922 1.113952
v -0.000000 -0.222181 1.120464
v 0.003760 -0.222181 1.113952
v 0.001946 -0.222181 1.113201
v -0.000000 -0.569922 1.120464
v 0.003760 -0.569922 1.113952
v 0.005317 -0.569922 1.115147
v -0.000000 -0.222181 1.120464
v 0.005317 -0.222181 1.115147
v 0.003760 -0.222181 1.113952
v -0.000000 -0.569922 1.120464
v 0.005317 -0.569922 1.115147
v 0.006512 -0.569922 1.116705
v -0.000000 -0.222181 1.120464
v 0.006512 -0.222181 1.116704
v 0.005317 -0.222181 1.115147
v -0.000000 -0.569922 1.120464
v 0.006512 -0.569922 1.116705
v 0.007263 -0.569922 1.118518
v -0.000000 -0.222181 1.120464
v 0.007263 -0.222181 1.118518
v 0.006512 -0.222181 1.116704
v 0.007519 -0.569922 1.120464
v 0.007519 -0.222181 1.120464
v 0.007263 -0.222181 1.118518
v 0.007263 -0.569922 1.122410
v 0.007263 -0.222181 1.122410
v 0.006512 -0.569922 1.124224
v -0.000000 -0.222181 1.120464
v 0.006512 -0.222181 1.124224
v 0.007263 -0.222181 1.122410
v -0.000000 -0.569922 1.120464
v 0.006512 -0.569922 1.124224
v 0.005317 -0.569922 1.125781
v 0.005317 -0.222181 1.125781
v 0.006512 -0.222181 1.124224
v -0.000000 -0.569922 1.120464
v 0.005317 -0.569922 1.125781
v 0.003760 -0.569922 1.126976
v -0.000000 -0.222181 1.120464
v 0.003760 -0.222181 1.126976
v 0.005317 -0.222181 1.125781
v -0.000000 -0.569922 1.120464
v 0.003760 -0.569922 1.126976
v 0.001946 -0.569922 1.127727
v -0.000000 -0.222181 1.120464
v 0.001946 -0.222181 1.127727
v 0.003760 -0.222181 1.126976
v -0.000000 -0.569922 1.120464
v 0.001946 -0.569922 1.127727
v -0.000000 -0.569922 1.127984
v -0.000000 -0.222181 1.120464
v -0.000000 -0.222181 1.127983
v 0.001946 -0.222181 1.127727
v -0.000000 -0.569922 1.120464
v -0.000000 -0.569922 1.127984
v -0.001946 -0.569922 1.127727
v -0.000000 -0.222181 1.120464
v -0.001946 -0.222181 1.127727
v -0.000000 -0.222181 1.127983
v -0.000000 -0.569922 1.120464
v -0.001946 -0.569922 1.127727
v -0.003760 -0.569922 1.126976
v -0.000000 -0.222181 1.120464
v -0.003760 -0.222181 1.126976
v -0.001946 -0.222181 1.127727
v -0.000000 -0.569922 1.120464
v -0.003760 -0.569922 1.126976
v -0.005317 -0.569922 1.125781
v -0.000000 -0.222181 1.120464
v -0.005317 -0.222181 1.125781
v -0.003760 -0.222181 1.126976
v -0.000000 -0.569922 1.120464
v -0.005317 -0.569922 1.125781
v -0.006512 -0.569922 1.124224
v -0.006512 -0.222181 1.124224
v -0.005317 -0.222181 1.125781
v -0.006512 -0.569922 1.124224
v -0.007263 -0.569922 1.122410
v -0.000000 -0.222181 1.120464
v -0.007263 -0.222181 1.122410
v -0.006512 -0.222181 1.124224
v -0.007519 -0.569922 1.120464
v -0.007519 -0.222181 1.120464
v -0.007263 -0.222181 1.122410
v -0.007263 -0.569922 1.118518
v -0.007263 -0.222181 1.118518
v -0.006512 -0.569922 1.116705
v -0.000000 -0.222181 1.120464
v -0.006512 -0.222181 1.116704
v -0.007263 -0.222181 1.118518
v -0.000000 -0.569922 1.120464
v -0.006512 -0.569922 1.116705
v -0.005317 -0.569922 1.115147
v -0.005317 -0.222181 1.115147
v -0.006512 -0.222181 1.116704
v -0.000000 -0.569922 1.120464
v -0.005317 -0.569922 1.115147
v -0.003760 -0.569922 1.113952
v -0.000000 -0.222181 1.120464
v -0.003760 -0.222181 1.113952
v -0.005317 -0.222181 1.115147
v -0.000000 -0.569922 1.120464
v -0.003760 -0.569922 1.113952
v -0.001946 -0.569922 1.113201
v -0.000000 -0.222181 1.120464
v -0.001946 -0.222181 1.113201
v -0.003760 -0.222181 1.113952
v -0.000000 -0.569922 1.120464
v -0.001946 -0.569922 1.113201
v -0.000000 -0.569922 1.112945
v -0.000000 -0.222181 1.120464
v -0.000000 -0.222181 1.112945
v -0.001946 -0.222181 1.113201
v 0.000000 -0.598211 1.115349
v 0.000000 -0.588271 1.111778
v 0.004675 -0.587864 1.112017
v 0.005951 -0.597688 1.115654
v 0.000000 -0.645613 1.198043
v 0.000000 -0.645593 1.185920
v 0.006997 -0.644932 1.186319
v 0.005951 -0.645056 1.198384
v 0.000000 -0.608034 1.120881
v 0.006997 -0.607412 1.121242
v 0.000000 -0.643769 1.209290
v 0.004675 -0.643334 1.209559
v 0.000000 -0.617551 1.128567
v 0.007775 -0.616848 1.128975
v 0.000000 -0.640149 1.219189
v 0.003221 -0.639850 1.219376
v 0.000000 -0.626306 1.138107
v 0.008254 -0.625545 1.138550
v 0.000000 -0.633830 1.149072
v 0.008416 -0.633039 1.149536
v 0.000000 -0.639711 1.160992
v 0.008254 -0.638923 1.161457
v 0.000000 -0.578568 1.110247
v 0.003221 -0.578291 1.110411
v 0.000000 -0.643637 1.173406
v 0.007775 -0.642897 1.173848
v 0.006317 -0.577469 1.110897
v 0.009171 -0.586660 1.112724
v 0.015251 -0.640737 1.175119
v 0.013726 -0.643004 1.187464
v 0.011673 -0.596140 1.116557
v 0.011673 -0.643432 1.199356
v 0.013726 -0.605571 1.122312
v 0.009171 -0.642069 1.210322
v 0.015251 -0.614771 1.130182
v 0.006317 -0.638986 1.219902
v 0.016191 -0.623303 1.139853
v 0.016508 -0.630718 1.150886
v 0.016191 -0.636625 1.162799
v 0.022141 -0.611402 1.132152
v 0.023505 -0.619674 1.141975
v 0.009171 -0.637588 1.220749
v 0.023965 -0.626970 1.153081
v 0.023505 -0.632923 1.164974
v 0.009171 -0.576135 1.111685
v 0.022141 -0.637253 1.177176
v 0.013315 -0.584707 1.113872
v 0.019927 -0.639889 1.189314
v 0.016946 -0.593628 1.118026
v 0.016946 -0.640806 1.200926
v 0.019927 -0.602581 1.124060
v 0.013315 -0.640024 1.211553
v 0.028180 -0.632591 1.179948
v 0.025362 -0.635714 1.191807
v 0.016946 -0.582080 1.115423
v 0.021568 -0.590248 1.120015
v 0.021568 -0.637282 1.203039
v 0.025362 -0.598561 1.126426
v 0.016946 -0.637279 1.213207
v 0.028180 -0.606878 1.134818
v 0.011673 -0.635712 1.221885
v 0.029916 -0.614807 1.144845
v 0.030502 -0.621953 1.156044
v 0.029916 -0.627972 1.167907
v 0.011673 -0.574340 1.112749
v 0.013726 -0.633429 1.223268
v 0.035178 -0.608895 1.148366
v 0.035867 -0.615868 1.159676
v 0.035178 -0.621972 1.171496
v 0.013726 -0.572154 1.114050
v 0.033137 -0.626936 1.183338
v 0.019927 -0.578878 1.117323
v 0.029822 -0.630645 1.194853
v 0.025362 -0.586132 1.122453
v 0.025362 -0.633001 1.205619
v 0.029822 -0.593669 1.129329
v 0.019927 -0.633941 1.215223
v 0.033137 -0.601376 1.138089
v 0.022141 -0.575227 1.119501
v 0.028180 -0.581440 1.125253
v 0.033137 -0.624881 1.198343
v 0.028180 -0.628128 1.208571
v 0.033137 -0.588094 1.132666
v 0.022141 -0.630140 1.217529
v 0.036819 -0.595112 1.141852
v 0.015251 -0.630829 1.224847
v 0.039087 -0.602171 1.152415
v 0.039853 -0.608953 1.163849
v 0.039087 -0.615154 1.175616
v 0.015251 -0.569659 1.115539
v 0.036819 -0.620509 1.187225
v 0.041495 -0.594895 1.156849
v 0.042308 -0.601473 1.168416
v 0.041495 -0.607782 1.180119
v 0.016190 -0.566952 1.117161
v 0.039087 -0.613559 1.191470
v 0.023505 -0.571267 1.121878
v 0.035178 -0.618643 1.202149
v 0.029916 -0.576353 1.128312
v 0.029916 -0.622853 1.211788
v 0.035178 -0.582054 1.136317
v 0.023505 -0.626023 1.220037
v 0.039087 -0.588328 1.145972
v 0.016190 -0.628012 1.226562
v 0.035867 -0.612173 1.206130
v 0.030502 -0.617379 1.215146
v 0.030502 -0.571067 1.131515
v 0.035867 -0.575781 1.140144
v 0.023965 -0.621750 1.222651
v 0.039853 -0.581287 1.150295
v 0.016508 -0.625087 1.228347
v 0.042308 -0.587345 1.161503
v 0.043137 -0.593715 1.173209
v 0.042308 -0.600136 1.184840
v 0.016508 -0.564138 1.118853
v 0.039853 -0.606350 1.195914
v 0.023965 -0.567152 1.124362
v 0.042308 -0.585974 1.178047
v 0.041495 -0.592507 1.189601
v 0.016190 -0.561326 1.120551
v 0.039087 -0.599158 1.200391
v 0.023505 -0.563039 1.126858
v 0.035178 -0.605718 1.210133
v 0.029916 -0.565788 1.134739
v 0.029916 -0.611918 1.218518
v 0.035178 -0.569517 1.144002
v 0.023505 -0.617485 1.225271
v 0.039087 -0.574258 1.154658
v 0.016190 -0.622167 1.230134
v 0.041495 -0.579811 1.166202
v 0.028180 -0.606679 1.221770
v 0.022141 -0.613394 1.227795
v 0.033137 -0.563504 1.147739
v 0.036819 -0.567512 1.158887
v 0.015251 -0.619364 1.231851
v 0.039087 -0.572581 1.170761
v 0.039853 -0.578546 1.182740
v 0.039087 -0.585186 1.194216
v 0.015251 -0.558623 1.122187
v 0.036819 -0.592257 1.204725
v 0.022141 -0.559088 1.129269
v 0.033137 -0.599526 1.214002
v 0.028180 -0.560718 1.137856
v 0.013726 -0.556135 1.123699
v 0.035178 -0.578452 1.198498
v 0.033137 -0.585912 1.208742
v 0.019927 -0.555452 1.131498
v 0.029822 -0.593835 1.217581
v 0.025362 -0.556053 1.140742
v 0.025362 -0.601864 1.224773
v 0.029822 -0.557972 1.151201
v 0.019927 -0.609633 1.230121
v 0.033137 -0.561307 1.162810
v 0.013726 -0.616786 1.233433
v 0.035178 -0.565933 1.174993
v 0.035867 -0.571714 1.187099
v 0.025362 -0.553136 1.154244
v 0.028180 -0.555885 1.166261
v 0.016946 -0.606346 1.232157
v 0.011673 -0.614533 1.234817
v 0.029916 -0.560122 1.178719
v 0.030502 -0.565741 1.190938
v 0.029916 -0.572563 1.202270
v 0.011673 -0.553955 1.125025
v 0.028180 -0.580366 1.212275
v 0.016946 -0.552269 1.133454
v 0.025362 -0.588862 1.220722
v 0.021568 -0.551972 1.143276
v 0.021568 -0.597658 1.227404
v 0.023505 -0.567749 1.205364
v 0.022141 -0.575836 1.215169
v 0.009171 -0.552170 1.126112
v 0.013314 -0.549663 1.135058
v 0.019927 -0.584802 1.223289
v 0.016946 -0.548633 1.145354
v 0.016946 -0.594223 1.229552
v 0.019927 -0.549181 1.156739
v 0.013314 -0.603661 1.233819
v 0.022141 -0.551453 1.169089
v 0.009171 -0.612691 1.235946
v 0.023505 -0.555375 1.181773
v 0.023965 -0.560859 1.194088
v 0.009171 -0.601679 1.235039
v 0.006317 -0.611329 1.236777
v 0.015251 -0.548182 1.171168
v 0.016190 -0.551875 1.184016
v 0.016508 -0.557261 1.196401
v 0.016190 -0.564200 1.207638
v 0.006317 -0.550846 1.126918
v 0.015251 -0.572498 1.217292
v 0.009171 -0.547732 1.136243
v 0.013726 -0.581811 1.225170
v 0.011673 -0.546162 1.146887
v 0.011673 -0.591690 1.231127
v 0.013726 -0.546259 1.158576
v 0.003221 -0.550034 1.127408
v 0.004675 -0.546552 1.136962
v 0.007775 -0.570486 1.218540
v 0.006997 -0.580005 1.226281
v 0.005951 -0.544656 1.147810
v 0.005951 -0.590157 1.232063
v 0.006997 -0.544481 1.159676
v 0.004675 -0.600475 1.235768
v 0.007775 -0.546199 1.172405
v 0.003221 -0.610500 1.237276
v 0.008254 -0.549758 1.185341
v 0.008416 -0.555091 1.197762
v 0.008254 -0.562062 1.208975
v 0.000000 -0.545576 1.172748
v 0.000000 -0.549105 1.185692
v 0.000000 -0.610234 1.237424
v 0.000000 -0.554434 1.198106
v 0.000000 -0.561423 1.209303
v 0.000000 -0.549765 1.127566
v 0.000000 -0.569879 1.218855
v 0.000000 -0.546165 1.137185
v 0.000000 -0.579450 1.226575
v 0.000000 -0.544168 1.148088
v 0.000000 -0.589679 1.232321
v 0.000000 -0.543914 1.159994
v 0.000000 -0.600094 1.235977
v -0.007775 -0.570688 1.218239
v -0.006997 -0.580163 1.226048
v -0.004675 -0.546586 1.136906
v -0.005951 -0.544717 1.147710
v -0.005951 -0.590271 1.231896
v -0.006997 -0.544576 1.159521
v -0.004675 -0.600549 1.235660
v -0.007775 -0.546332 1.172188
v -0.003220 -0.610541 1.237216
v -0.008254 -0.549932 1.185063
v -0.008415 -0.555303 1.197434
v -0.008254 -0.562291 1.208632
v -0.003220 -0.550050 1.127383
v -0.006317 -0.611409 1.236661
v -0.016190 -0.552199 1.183499
v -0.016508 -0.557649 1.195801
v -0.016190 -0.564614 1.207020
v -0.006317 -0.550875 1.126870
v -0.015251 -0.572871 1.216739
v -0.009171 -0.547798 1.136137
v -0.013726 -0.582109 1.224732
v -0.011673 -0.546278 1.146698
v -0.011673 -0.591907 1.230810
v -0.013726 -0.546437 1.158284
v -0.009171 -0.601821 1.234832
v -0.015251 -0.548433 1.170762
v -0.019926 -0.585208 1.222694
v -0.016946 -0.594522 1.229116
v -0.016946 -0.548790 1.145097
v -0.019926 -0.549423 1.156344
v -0.013314 -0.603859 1.233531
v -0.022141 -0.551792 1.168542
v -0.009171 -0.612803 1.235783
v -0.023505 -0.555812 1.181082
v -0.023965 -0.561374 1.193296
v -0.023505 -0.568292 1.204556
v -0.009171 -0.552210 1.126048
v -0.022141 -0.576333 1.214434
v -0.013314 -0.549752 1.134913
v -0.030502 -0.566328 1.190040
v -0.029916 -0.573180 1.201354
v -0.011673 -0.554003 1.124950
v -0.028180 -0.580939 1.211433
v -0.016946 -0.552373 1.133286
v -0.025362 -0.589338 1.220027
v -0.021568 -0.552156 1.142980
v -0.021568 -0.598014 1.226886
v -0.025362 -0.553418 1.153789
v -0.016946 -0.606585 1.231810
v -0.028180 -0.556279 1.165632
v -0.011673 -0.614671 1.234617
v -0.029916 -0.560626 1.177929
v -0.025362 -0.556245 1.140434
v -0.029822 -0.558268 1.150729
v -0.025362 -0.602249 1.224214
v -0.019926 -0.609895 1.229741
v -0.033136 -0.561720 1.162158
v -0.013726 -0.616941 1.233210
v -0.035177 -0.566458 1.174177
v -0.035867 -0.572322 1.186173
v -0.035177 -0.579091 1.197552
v -0.013726 -0.556185 1.123621
v -0.033136 -0.586511 1.207864
v -0.019926 -0.555561 1.131324
v -0.029822 -0.594340 1.216844
v -0.039853 -0.579133 1.181853
v -0.039087 -0.585804 1.193303
v -0.015251 -0.558671 1.122113
v -0.036819 -0.592843 1.203869
v -0.022141 -0.559193 1.129104
v -0.033136 -0.600027 1.213273
v -0.028180 -0.560903 1.137563
v -0.028180 -0.607067 1.221207
v -0.033136 -0.563789 1.147289
v -0.022141 -0.613663 1.227404
v -0.036819 -0.567910 1.158265
v -0.015251 -0.619525 1.231617
v -0.039087 -0.573088 1.169980
v -0.029916 -0.612286 1.217983
v -0.023505 -0.617746 1.224893
v -0.035177 -0.569772 1.143605
v -0.039087 -0.574615 1.154105
v -0.016190 -0.622327 1.229901
v -0.041495 -0.580268 1.165504
v -0.042308 -0.586505 1.177248
v -0.041495 -0.593069 1.188772
v -0.016190 -0.561368 1.120485
v -0.039087 -0.599696 1.199605
v -0.023505 -0.563132 1.126714
v -0.035177 -0.606186 1.209453
v -0.029916 -0.565953 1.134482
v -0.016508 -0.564173 1.118801
v -0.042308 -0.600619 1.184127
v -0.039853 -0.606818 1.195229
v -0.023965 -0.567227 1.124247
v -0.035867 -0.612587 1.205528
v -0.030502 -0.571202 1.131307
v -0.030502 -0.617711 1.214664
v -0.035867 -0.575992 1.139819
v -0.023965 -0.621990 1.222302
v -0.039853 -0.581586 1.149836
v -0.016508 -0.625239 1.228126
v -0.042308 -0.587731 1.160917
v -0.043136 -0.594167 1.172530
v -0.039853 -0.581586 1.149836
v -0.035867 -0.575992 1.139819
v -0.035177 -0.582214 1.136071
v -0.039087 -0.588561 1.145617
v -0.016508 -0.625239 1.228126
v -0.023965 -0.621990 1.222302
v -0.023505 -0.626235 1.219728
v -0.016190 -0.628150 1.226361
v -0.042308 -0.587731 1.160917
v -0.041495 -0.595200 1.156387
v -0.043136 -0.594167 1.172530
v -0.042308 -0.601835 1.167872
v -0.042308 -0.600619 1.184127
v -0.041495 -0.608174 1.179538
v -0.016508 -0.564173 1.118801
v -0.016190 -0.566977 1.117123
v -0.039853 -0.606818 1.195229
v -0.039087 -0.613945 1.190902
v -0.023965 -0.567227 1.124247
v -0.023505 -0.571322 1.121794
v -0.035867 -0.612587 1.205528
v -0.035177 -0.618991 1.201641
v -0.030502 -0.571202 1.131307
v -0.029916 -0.576453 1.128159
v -0.030502 -0.617711 1.214664
v -0.029916 -0.623137 1.211372
v -0.039087 -0.615455 1.175167
v -0.036819 -0.620811 1.186779
v -0.015251 -0.569674 1.115515
v -0.022141 -0.575262 1.119449
v -0.033136 -0.625158 1.197935
v -0.028180 -0.581506 1.125152
v -0.028180 -0.628361 1.208230
v -0.033136 -0.588205 1.132498
v -0.022141 -0.630318 1.217268
v -0.036819 -0.595278 1.141600
v -0.015251 -0.630949 1.224672
v -0.039087 -0.602396 1.152076
v -0.039853 -0.609225 1.163439
v -0.019926 -0.634085 1.215013
v -0.013726 -0.633529 1.223122
v -0.033136 -0.601484 1.137925
v -0.035177 -0.609048 1.148134
v -0.035867 -0.616060 1.159385
v -0.035177 -0.622189 1.171170
v -0.013726 -0.572161 1.114038
v -0.033136 -0.627159 1.183005
v -0.019926 -0.578896 1.117296
v -0.029822 -0.630856 1.194541
v -0.025362 -0.586169 1.122397
v -0.025362 -0.633183 1.205351
v -0.029822 -0.593736 1.129226
v -0.028180 -0.632747 1.179714
v -0.025361 -0.635866 1.191581
v -0.016946 -0.582085 1.115415
v -0.021568 -0.590263 1.119992
v -0.021568 -0.637417 1.202839
v -0.025361 -0.598595 1.126374
v -0.016946 -0.637389 1.213045
v -0.028180 -0.606940 1.134723
v -0.011673 -0.635791 1.221768
v -0.029916 -0.614902 1.144700
v -0.030502 -0.622078 1.155853
v -0.029916 -0.628119 1.167684
v -0.011673 -0.574343 1.112746
v -0.009171 -0.637647 1.220662
v -0.023505 -0.619727 1.141894
v -0.023965 -0.627045 1.152965
v -0.023505 -0.633015 1.164833
v -0.009171 -0.576135 1.111685
v -0.022141 -0.637355 1.177022
v -0.013314 -0.584708 1.113871
v -0.019926 -0.639991 1.189162
v -0.016946 -0.593631 1.118021
v -0.016946 -0.640899 1.200787
v -0.019926 -0.602593 1.124041
v -0.013314 -0.640103 1.211437
v -0.022141 -0.611433 1.132105
v -0.009171 -0.586660 1.112724
v -0.011673 -0.596140 1.116557
v -0.013726 -0.643066 1.187371
v -0.011673 -0.643490 1.199269
v -0.013726 -0.605573 1.122309
v -0.009171 -0.642119 1.210248
v -0.015251 -0.614783 1.130164
v -0.006317 -0.639024 1.219845
v -0.016190 -0.623329 1.139813
v -0.016508 -0.630758 1.150824
v -0.016190 -0.636677 1.162719
v -0.006317 -0.577469 1.110897
v -0.015251 -0.640797 1.175028
v -0.008254 -0.625555 1.138534
v -0.008415 -0.633056 1.149509
v -0.008254 -0.638946 1.161421
v -0.003220 -0.578291 1.110411
v -0.007775 -0.642924 1.173806
v -0.004675 -0.587864 1.112017
v -0.006997 -0.644961 1.186276
v -0.005951 -0.597688 1.115654
v -0.005951 -0.645083 1.198342
v -0.006997 -0.607412 1.121242
v -0.004675 -0.643358 1.209523
v -0.007775 -0.616852 1.128970
v -0.003220 -0.639870 1.219348
v -0.000000 -0.340396 1.048638
v 0.001946 -0.340350 1.048820
v 0.001945 -0.355003 1.037449
v -0.000000 -0.355086 1.037300
v 0.001946 -0.295806 1.084615
v 0.003760 -0.296022 1.085139
v 0.003760 -0.315031 1.069587
v 0.001946 -0.315345 1.068705
v 0.003760 -0.342693 1.113952
v 0.003760 -0.222181 1.113952
v 0.005317 -0.222181 1.115147
v 0.005317 -0.342693 1.115147
v 0.005317 -0.342693 1.115147
v 0.005317 -0.222181 1.115147
v 0.006512 -0.222181 1.116704
v 0.006512 -0.342693 1.116704
v 0.006512 -0.342693 1.116704
v 0.006512 -0.222181 1.116704
v 0.007263 -0.222181 1.118518
v 0.007263 -0.342693 1.118518
v 0.007263 -0.342693 1.118518
v 0.007263 -0.222181 1.118518
v 0.007519 -0.222181 1.120464
v 0.007519 -0.342693 1.120464
v 0.007519 -0.342693 1.120464
v 0.007519 -0.222181 1.120464
v 0.007263 -0.222181 1.122410
v 0.007263 -0.342693 1.122410
v 0.007263 -0.342693 1.122410
v 0.007263 -0.222181 1.122410
v 0.006512 -0.222181 1.124224
v 0.006512 -0.342693 1.124224
v 0.006512 -0.342693 1.124224
v 0.006512 -0.222181 1.124224
v 0.005317 -0.222181 1.125781
v 0.005317 -0.342693 1.125781
v 0.005317 -0.342693 1.125781
v 0.005317 -0.222181 1.125781
v 0.003760 -0.222181 1.126976
v 0.003760 -0.342693 1.126976
v 0.003760 -0.342693 1.126976
v 0.003760 -0.222181 1.126976
v 0.001946 -0.222181 1.127727
v 0.001946 -0.342693 1.127727
v 0.001946 -0.342693 1.127727
v 0.001946 -0.222181 1.127727
v -0.000000 -0.222181 1.127983
v -0.000000 -0.342693 1.127984
v -0.000000 -0.342693 1.127984
v -0.000000 -0.222181 1.127983
v -0.001946 -0.222181 1.127727
v -0.001946 -0.342693 1.127727
v -0.001946 -0.342693 1.127727
v -0.001946 -0.222181 1.127727
v -0.003760 -0.222181 1.126976
v -0.003760 -0.342693 1.126976
v -0.003760 -0.342693 1.126976
v -0.003760 -0.222181 1.126976
v -0.005317 -0.222181 1.125781
v -0.005317 -0.342693 1.125781
v -0.005317 -0.342693 1.125781
v -0.005317 -0.222181 1.125781
v -0.006512 -0.222181 1.124224
v -0.006512 -0.342693 1.124224
v -0.006512 -0.342693 1.124224
v -0.006512 -0.222181 1.124224
v -0.007263 -0.222181 1.122410
v -0.007263 -0.342693 1.122410
v -0.007263 -0.342693 1.122410
v -0.007263 -0.222181 1.122410
v -0.007519 -0.222181 1.120464
v -0.007519 -0.342693 1.120464
v -0.007519 -0.342693 1.120464
v -0.007519 -0.222181 1.120464
v -0.007263 -0.222181 1.118518
v -0.007263 -0.342693 1.118518
v -0.007263 -0.342693 1.118518
v -0.007263 -0.222181 1.118518
v -0.006512 -0.222181 1.116704
v -0.006512 -0.342693 1.116704
v -0.006512 -0.342693 1.116704
v -0.006512 -0.222181 1.116704
v -0.005317 -0.222181 1.115147
v -0.005317 -0.342693 1.115147
v -0.005317 -0.342693 1.115147
v -0.005317 -0.222181 1.115147
v -0.003760 -0.222181 1.113952
v -0.003760 -0.342693 1.113952
v 0.001946 -0.349384 1.083704
v -0.000000 -0.349433 1.083395
v -0.000000 -0.351658 1.078218
v 0.001946 -0.351631 1.078449
v -0.000000 -0.222181 1.112945
v 0.001946 -0.222181 1.113201
v 0.001946 -0.265801 1.100320
v -0.000000 -0.265919 1.100029
v -0.001946 -0.569922 1.113201
v -0.001946 -0.342693 1.113201
v -0.000000 -0.342693 1.112945
v -0.000000 -0.569922 1.112945
v -0.003760 -0.569922 1.113952
v -0.003760 -0.342693 1.113952
v -0.001946 -0.342693 1.113201
v -0.001946 -0.569922 1.113201
v -0.005317 -0.569922 1.115147
v -0.005317 -0.342693 1.115147
v -0.003760 -0.342693 1.113952
v -0.003760 -0.569922 1.113952
v -0.006512 -0.569922 1.116705
v -0.006512 -0.342693 1.116704
v -0.005317 -0.342693 1.115147
v -0.005317 -0.569922 1.115147
v -0.007263 -0.569922 1.118518
v -0.007263 -0.342693 1.118518
v -0.006512 -0.342693 1.116704
v -0.006512 -0.569922 1.116705
v -0.007519 -0.569922 1.120464
v -0.007519 -0.342693 1.120464
v -0.007263 -0.342693 1.118518
v -0.007263 -0.569922 1.118518
v -0.007263 -0.569922 1.122410
v -0.007263 -0.342693 1.122410
v -0.007519 -0.342693 1.120464
v -0.007519 -0.569922 1.120464
v -0.006512 -0.569922 1.124224
v -0.006512 -0.342693 1.124224
v -0.007263 -0.342693 1.122410
v -0.007263 -0.569922 1.122410
v -0.005317 -0.569922 1.125781
v -0.005317 -0.342693 1.125781
v -0.006512 -0.342693 1.124224
v -0.006512 -0.569922 1.124224
v -0.003760 -0.569922 1.126976
v -0.003760 -0.342693 1.126976
v -0.005317 -0.342693 1.125781
v -0.005317 -0.569922 1.125781
v -0.001946 -0.569922 1.127727
v -0.001946 -0.342693 1.127727
v -0.003760 -0.342693 1.126976
v -0.003760 -0.569922 1.126976
v -0.000000 -0.569922 1.127984
v -0.000000 -0.342693 1.127984
v -0.001946 -0.342693 1.127727
v -0.001946 -0.569922 1.127727
v 0.001946 -0.569922 1.127727
v 0.001946 -0.342693 1.127727
v -0.000000 -0.342693 1.127984
v -0.000000 -0.569922 1.127984
v 0.003760 -0.569922 1.126976
v 0.003760 -0.342693 1.126976
v 0.001946 -0.342693 1.127727
v 0.001946 -0.569922 1.127727
v 0.005317 -0.569922 1.125781
v 0.005317 -0.342693 1.125781
v 0.003760 -0.342693 1.126976
v 0.003760 -0.569922 1.126976
v 0.006512 -0.569922 1.124224
v 0.006512 -0.342693 1.124224
v 0.005317 -0.342693 1.125781
v 0.005317 -0.569922 1.125781
v 0.007263 -0.569922 1.122410
v 0.007263 -0.342693 1.122410
v 0.006512 -0.342693 1.124224
v 0.006512 -0.569922 1.124224
v 0.007519 -0.569922 1.120464
v 0.007519 -0.342693 1.120464
v 0.007263 -0.342693 1.122410
v 0.007263 -0.569922 1.122410
v 0.007263 -0.569922 1.118518
v 0.007263 -0.342693 1.118518
v 0.007519 -0.342693 1.120464
v 0.007519 -0.569922 1.120464
v 0.006512 -0.569922 1.116705
v 0.006512 -0.342693 1.116704
v 0.007263 -0.342693 1.118518
v 0.007263 -0.569922 1.118518
v 0.005317 -0.569922 1.115147
v 0.005317 -0.342693 1.115147
v 0.006512 -0.342693 1.116704
v 0.006512 -0.569922 1.116705
v 0.003760 -0.569922 1.113952
v 0.003760 -0.342693 1.113952
v 0.005317 -0.342693 1.115147
v 0.005317 -0.569922 1.115147
v 0.001946 -0.569922 1.113201
v 0.001946 -0.342693 1.113201
v 0.003760 -0.342693 1.113952
v 0.003760 -0.569922 1.113952
v -0.000000 -0.569922 1.112945
v -0.000000 -0.342693 1.112945
v 0.001946 -0.342693 1.113201
v 0.001946 -0.569922 1.113201
v -0.003760 -0.342693 1.113952
v -0.003760 -0.222181 1.113952
v -0.003760 -0.265439 1.101179
v -0.003760 -0.343780 1.102614
v -0.001946 -0.295806 1.084615
v -0.000000 -0.295736 1.084432
v -0.000000 -0.315452 1.068404
v -0.001946 -0.315345 1.068705
v -0.001946 -0.342693 1.113201
v -0.003760 -0.342693 1.113952
v -0.003760 -0.343780 1.102614
v -0.001946 -0.343689 1.102808
v -0.003760 -0.349220 1.084665
v -0.003760 -0.296022 1.085139
v -0.003760 -0.315031 1.069587
v -0.003760 -0.351571 1.079077
v 0.003760 -0.349220 1.084665
v 0.001946 -0.349384 1.083704
v 0.001946 -0.351631 1.078449
v 0.003760 -0.351571 1.079077
v -0.001946 -0.349384 1.083704
v -0.003760 -0.349220 1.084665
v -0.003760 -0.351571 1.079077
v -0.001946 -0.351631 1.078449
v 0.003760 -0.296022 1.085139
v 0.003760 -0.349220 1.084665
v 0.003760 -0.351571 1.079077
v 0.003760 -0.315031 1.069587
v -0.000000 -0.349433 1.083395
v -0.001946 -0.349384 1.083704
v -0.001946 -0.351631 1.078449
v -0.000000 -0.351658 1.078218
v -0.000000 -0.342693 1.112945
v -0.001946 -0.342693 1.113201
v -0.001946 -0.343689 1.102808
v -0.000000 -0.343664 1.102818
v -0.003760 -0.296022 1.085139
v -0.001946 -0.295806 1.084615
v -0.001946 -0.315345 1.068705
v -0.003760 -0.315031 1.069587
v -0.000000 -0.366552 1.054888
v -0.001946 -0.366450 1.055107
v -0.001945 -0.370120 1.050920
v -0.000000 -0.370183 1.050775
v 0.003759 -0.366134 1.055769
v 0.001946 -0.366450 1.055107
v 0.001945 -0.370120 1.050920
v 0.003758 -0.369944 1.051336
v 0.001946 -0.340350 1.048820
v 0.003759 -0.340214 1.049354
v 0.003758 -0.354769 1.037876
v 0.001945 -0.355003 1.037449
v -0.000000 -0.380445 1.022709
v 0.001945 -0.380358 1.022793
v 0.001945 -0.393063 1.017555
v -0.000000 -0.393155 1.017490
v -0.001946 -0.222181 1.113201
v -0.000000 -0.222181 1.112945
v -0.000000 -0.265919 1.100029
v -0.001946 -0.265801 1.100320
v 0.003760 -0.342693 1.113952
v 0.001946 -0.342693 1.113201
v 0.001946 -0.343689 1.102808
v 0.003760 -0.343780 1.102614
v 0.003760 -0.222181 1.113952
v 0.003760 -0.342693 1.113952
v 0.003760 -0.343780 1.102614
v 0.003760 -0.265439 1.101179
v -0.000000 -0.295736 1.084432
v 0.001946 -0.295806 1.084615
v 0.001946 -0.315345 1.068705
v -0.000000 -0.315452 1.068404
v 0.001946 -0.342693 1.113201
v -0.000000 -0.342693 1.112945
v -0.000000 -0.343664 1.102818
v 0.001946 -0.343689 1.102808
v -0.003760 -0.222181 1.113952
v -0.001946 -0.222181 1.113201
v -0.001946 -0.265801 1.100320
v -0.003760 -0.265439 1.101179
v -0.003757 -0.380100 1.023042
v -0.001945 -0.380358 1.022793
v -0.001945 -0.393063 1.017555
v -0.003757 -0.392802 1.017745
v 0.003757 -0.380100 1.023042
v 0.003757 -0.392150 1.033659
v 0.003757 -0.398767 1.030178
v 0.003757 -0.392802 1.017745
v -0.001945 -0.380358 1.022793
v -0.000000 -0.380445 1.022709
v -0.000000 -0.393155 1.017490
v -0.001945 -0.393063 1.017555
v -0.000000 -0.392575 1.033302
v -0.001945 -0.392470 1.033391
v -0.001945 -0.399018 1.029984
v -0.000000 -0.399107 1.029917
v -0.001946 -0.366450 1.055107
v -0.003759 -0.366134 1.055769
v -0.003758 -0.369944 1.051336
v -0.001945 -0.370120 1.050920
v 0.003759 -0.340214 1.049354
v 0.003759 -0.366134 1.055769
v 0.003758 -0.369944 1.051336
v 0.003758 -0.354769 1.037876
v -0.001946 -0.340350 1.048820
v -0.000000 -0.340396 1.048638
v -0.000000 -0.355086 1.037300
v -0.001945 -0.355003 1.037449
v 0.001946 -0.366450 1.055107
v -0.000000 -0.366552 1.054888
v -0.000000 -0.370183 1.050775
v 0.001945 -0.370120 1.050920
v -0.003759 -0.340214 1.049354
v -0.001946 -0.340350 1.048820
v -0.001945 -0.355003 1.037449
v -0.003758 -0.354769 1.037876
v -0.003759 -0.366134 1.055769
v -0.003759 -0.340214 1.049354
v -0.003758 -0.354769 1.037876
v -0.003758 -0.369944 1.051336
v -0.000000 -0.461761 1.011122
v 0.001945 -0.461687 1.011115
v 0.001945 -0.474805 1.014053
v -0.000000 -0.474856 1.014064
v -0.003757 -0.425815 1.021247
v -0.003757 -0.420727 1.010682
v -0.003757 -0.432942 1.009420
v -0.003757 -0.433261 1.020091
v -0.003757 -0.420727 1.010682
v -0.001945 -0.420983 1.010593
v -0.001945 -0.433184 1.009370
v -0.003757 -0.432942 1.009420
v 0.003757 -0.420727 1.010682
v 0.003757 -0.425815 1.021247
v 0.003757 -0.433261 1.020091
v 0.003757 -0.432942 1.009420
v -0.003757 -0.392150 1.033659
v -0.003757 -0.380100 1.023042
v -0.003757 -0.392802 1.017745
v -0.003757 -0.398767 1.030178
v -0.000000 -0.421069 1.010563
v 0.001945 -0.420983 1.010593
v 0.001945 -0.433184 1.009370
v -0.000000 -0.433269 1.009352
v 0.001945 -0.380358 1.022793
v 0.003757 -0.380100 1.023042
v 0.003757 -0.392802 1.017745
v 0.001945 -0.393063 1.017555
v 0.003757 -0.392150 1.033659
v 0.001945 -0.392470 1.033391
v 0.001945 -0.399018 1.029984
v 0.003757 -0.398767 1.030178
v 0.001945 -0.392470 1.033391
v -0.000000 -0.392575 1.033302
v -0.000000 -0.399107 1.029917
v 0.001945 -0.399018 1.029984
v -0.001945 -0.392470 1.033391
v -0.003757 -0.392150 1.033659
v -0.003757 -0.398767 1.030178
v -0.001945 -0.399018 1.029984
v 0.001945 -0.461687 1.011115
v 0.003757 -0.461465 1.011097
v 0.003757 -0.474655 1.014021
v 0.001945 -0.474805 1.014053
v -0.000000 -0.501806 1.023317
v 0.001945 -0.501756 1.023296
v 0.001945 -0.539514 1.041075
v -0.000000 -0.539530 1.041082
v -0.003757 -0.461739 1.019779
v -0.003757 -0.461465 1.011097
v -0.003757 -0.474655 1.014021
v -0.003757 -0.471670 1.021108
v -0.003757 -0.461465 1.011097
v -0.001945 -0.461686 1.011115
v -0.001945 -0.474805 1.014053
v -0.003757 -0.474655 1.014021
v 0.001945 -0.420983 1.010593
v 0.003757 -0.420727 1.010682
v 0.003757 -0.432942 1.009420
v 0.001945 -0.433184 1.009370
v 0.003757 -0.425815 1.021247
v 0.001945 -0.426099 1.021160
v 0.001945 -0.433508 1.020036
v 0.003757 -0.433261 1.020091
v 0.001945 -0.426099 1.021160
v -0.000000 -0.426194 1.021131
v -0.000000 -0.433594 1.020016
v 0.001945 -0.433508 1.020036
v -0.001945 -0.426099 1.021160
v -0.003757 -0.425815 1.021247
v -0.003757 -0.433261 1.020091
v -0.001945 -0.433508 1.020036
v -0.000000 -0.426194 1.021131
v -0.001945 -0.426099 1.021160
v -0.001945 -0.433508 1.020036
v -0.000000 -0.433594 1.020016
v -0.001945 -0.420983 1.010593
v -0.000000 -0.421069 1.010563
v -0.000000 -0.433269 1.009352
v -0.001945 -0.433184 1.009370
v 0.003757 -0.499532 1.028129
v 0.001945 -0.499680 1.028191
v 0.001945 -0.538705 1.042982
v 0.003757 -0.538658 1.042961
v 0.001945 -0.501756 1.023296
v 0.003757 -0.501609 1.023232
v 0.003757 -0.539467 1.041055
v 0.001945 -0.539514 1.041075
v -0.003757 -0.499532 1.028129
v -0.003757 -0.501609 1.023232
v -0.003757 -0.539467 1.041055
v -0.003757 -0.538658 1.042961
v 0.003757 -0.461739 1.019779
v 0.001945 -0.461988 1.019803
v 0.001945 -0.471845 1.021143
v 0.003757 -0.471670 1.021108
v -0.000000 -0.462071 1.019811
v -0.001945 -0.461988 1.019803
v -0.001945 -0.471845 1.021143
v -0.000000 -0.471904 1.021155
v -0.001945 -0.461988 1.019803
v -0.003757 -0.461739 1.019779
v -0.003757 -0.471670 1.021108
v -0.001945 -0.471845 1.021143
v 0.003757 -0.461465 1.011097
v 0.003757 -0.461739 1.019779
v 0.003757 -0.471670 1.021108
v 0.003757 -0.474655 1.014021
v -0.001945 -0.461686 1.011115
v -0.000000 -0.461761 1.011122
v -0.000000 -0.474856 1.014064
v -0.001945 -0.474805 1.014053
v 0.001945 -0.461988 1.019803
v -0.000000 -0.462071 1.019811
v -0.000000 -0.471904 1.021155
v 0.001945 -0.471845 1.021143
v -0.000000 -0.538722 1.042989
v -0.000000 -0.539530 1.041082
v 0.001945 -0.539514 1.041075
v 0.001945 -0.538705 1.042982
v 0.001945 -0.538705 1.042982
v 0.001945 -0.539514 1.041075
v 0.003757 -0.539467 1.041055
v 0.003757 -0.538658 1.042961
v -0.003757 -0.538658 1.042961
v -0.003757 -0.539467 1.041055
v -0.001945 -0.539514 1.041075
v -0.001945 -0.538705 1.042982
v -0.001945 -0.538705 1.042982
v -0.001945 -0.539514 1.041075
v -0.000000 -0.539530 1.041082
v -0.000000 -0.538722 1.042989
v -0.000000 -0.499730 1.028212
v -0.001945 -0.499680 1.028191
v -0.001945 -0.538705 1.042982
v -0.000000 -0.538722 1.042989
v -0.001945 -0.499680 1.028191
v -0.003757 -0.499532 1.028129
v -0.003757 -0.538658 1.042961
v -0.001945 -0.538705 1.042982
v 0.003757 -0.501609 1.023232
v 0.003757 -0.499532 1.028129
v 0.003757 -0.538658 1.042961
v 0.003757 -0.539467 1.041055
v -0.001945 -0.501756 1.023296
v -0.000000 -0.501806 1.023317
v -0.000000 -0.539530 1.041082
v -0.001945 -0.539514 1.041075
v 0.001945 -0.499680 1.028191
v -0.000000 -0.499730 1.028212
v -0.000000 -0.538722 1.042989
v 0.001945 -0.538705 1.042982
v -0.003757 -0.501609 1.023232
v -0.001945 -0.501756 1.023296
v -0.001945 -0.539514 1.041075
v -0.003757 -0.539467 1.041055
v 0.001946 -0.295806 1.084615
v -0.000000 -0.295736 1.084432
v -0.000000 -0.281568 1.093419
v 0.001946 -0.281554 1.093664
v 0.001946 -0.281554 1.093664
v -0.000000 -0.281568 1.093419
v -0.000000 -0.265919 1.100029
v 0.001946 -0.265801 1.100320
v 0.003760 -0.296022 1.085139
v 0.001946 -0.295806 1.084615
v 0.001946 -0.281554 1.093664
v 0.003760 -0.281511 1.094380
v 0.003760 -0.281511 1.094380
v 0.001946 -0.281554 1.093664
v 0.001946 -0.265801 1.100320
v 0.003760 -0.265439 1.101179
v -0.001946 -0.295806 1.084615
v -0.003760 -0.296022 1.085139
v -0.003760 -0.281511 1.094380
v -0.001946 -0.281554 1.093664
v -0.001946 -0.281554 1.093664
v -0.003760 -0.281511 1.094380
v -0.003760 -0.265439 1.101179
v -0.001946 -0.265801 1.100320
v -0.000000 -0.295736 1.084432
v -0.001946 -0.295806 1.084615
v -0.001946 -0.281554 1.093664
v -0.000000 -0.281568 1.093419
v -0.000000 -0.281568 1.093419
v -0.001946 -0.281554 1.093664
v -0.001946 -0.265801 1.100320
v -0.000000 -0.265919 1.100029
v 0.003760 -0.265439 1.101179
v 0.003760 -0.343780 1.102614
v 0.003760 -0.345632 1.094661
v 0.003760 -0.281511 1.094380
v 0.003760 -0.281511 1.094380
v 0.003760 -0.345632 1.094661
v 0.003760 -0.349220 1.084665
v 0.003760 -0.296022 1.085139
v -0.003760 -0.296022 1.085139
v -0.003760 -0.349220 1.084665
v -0.003760 -0.345632 1.094661
v -0.003760 -0.281511 1.094380
v -0.003760 -0.281511 1.094380
v -0.003760 -0.345632 1.094661
v -0.003760 -0.343780 1.102614
v -0.003760 -0.265439 1.101179
v -0.001946 -0.349384 1.083704
v -0.000000 -0.349433 1.083395
v -0.000000 -0.345660 1.093932
v -0.001946 -0.345653 1.094126
v -0.001946 -0.345653 1.094126
v -0.000000 -0.345660 1.093932
v -0.000000 -0.343664 1.102818
v -0.001946 -0.343689 1.102808
v -0.003760 -0.349220 1.084665
v -0.001946 -0.349384 1.083704
v -0.001946 -0.345653 1.094126
v -0.003760 -0.345632 1.094661
v -0.003760 -0.345632 1.094661
v -0.001946 -0.345653 1.094126
v -0.001946 -0.343689 1.102808
v -0.003760 -0.343780 1.102614
v 0.001946 -0.349384 1.083704
v 0.003760 -0.349220 1.084665
v 0.003760 -0.345632 1.094661
v 0.001946 -0.345653 1.094126
v 0.001946 -0.345653 1.094126
v 0.003760 -0.345632 1.094661
v 0.003760 -0.343780 1.102614
v 0.001946 -0.343689 1.102808
v -0.000000 -0.349433 1.083395
v 0.001946 -0.349384 1.083704
v 0.001946 -0.345653 1.094126
v -0.000000 -0.345660 1.093932
v -0.000000 -0.345660 1.093932
v 0.001946 -0.345653 1.094126
v 0.001946 -0.343689 1.102808
v -0.000000 -0.343664 1.102818
v 0.001946 -0.340350 1.048820
v -0.000000 -0.340396 1.048638
v -0.000000 -0.327924 1.058521
v 0.001946 -0.327847 1.058763
v 0.001946 -0.327847 1.058763
v -0.000000 -0.327924 1.058521
v -0.000000 -0.315452 1.068404
v 0.001946 -0.315345 1.068705
v 0.003759 -0.340214 1.049354
v 0.001946 -0.340350 1.048820
v 0.001946 -0.327847 1.058763
v 0.003759 -0.327623 1.059470
v 0.003759 -0.327623 1.059470
v 0.001946 -0.327847 1.058763
v 0.001946 -0.315345 1.068705
v 0.003760 -0.315031 1.069587
v -0.001946 -0.340350 1.048820
v -0.003759 -0.340214 1.049354
v -0.003759 -0.327623 1.059470
v -0.001946 -0.327847 1.058763
v -0.001946 -0.327847 1.058763
v -0.003759 -0.327623 1.059470
v -0.003760 -0.315031 1.069587
v -0.001946 -0.315345 1.068705
v -0.000000 -0.340396 1.048638
v -0.001946 -0.340350 1.048820
v -0.001946 -0.327847 1.058763
v -0.000000 -0.327924 1.058521
v -0.000000 -0.327924 1.058521
v -0.001946 -0.327847 1.058763
v -0.001946 -0.315345 1.068705
v -0.000000 -0.315452 1.068404
v 0.003760 -0.315031 1.069587
v 0.003760 -0.351571 1.079077
v 0.003759 -0.358011 1.067085
v 0.003759 -0.327623 1.059470
v 0.003759 -0.327623 1.059470
v 0.003759 -0.358011 1.067085
v 0.003759 -0.366134 1.055769
v 0.003759 -0.340214 1.049354
v -0.003759 -0.340214 1.049354
v -0.003759 -0.366134 1.055769
v -0.003759 -0.358011 1.067085
v -0.003759 -0.327623 1.059470
v -0.003759 -0.327623 1.059470
v -0.003759 -0.358011 1.067085
v -0.003760 -0.351571 1.079077
v -0.003760 -0.315031 1.069587
v -0.001946 -0.366450 1.055107
v -0.000000 -0.366552 1.054888
v -0.000000 -0.358261 1.066171
v -0.001946 -0.358197 1.066405
v -0.001946 -0.358197 1.066405
v -0.000000 -0.358261 1.066171
v -0.000000 -0.351658 1.078218
v -0.001946 -0.351631 1.078449
v -0.003759 -0.366134 1.055769
v -0.001946 -0.366450 1.055107
v -0.001946 -0.358197 1.066405
v -0.003759 -0.358011 1.067085
v -0.003759 -0.358011 1.067085
v -0.001946 -0.358197 1.066405
v -0.001946 -0.351631 1.078449
v -0.003760 -0.351571 1.079077
v 0.001946 -0.366450 1.055107
v 0.003759 -0.366134 1.055769
v 0.003759 -0.358011 1.067085
v 0.001946 -0.358197 1.066405
v 0.001946 -0.358197 1.066405
v 0.003759 -0.358011 1.067085
v 0.003760 -0.351571 1.079077
v 0.001946 -0.351631 1.078449
v -0.000000 -0.366552 1.054888
v 0.001946 -0.366450 1.055107
v 0.001946 -0.358197 1.066405
v -0.000000 -0.358261 1.066171
v -0.000000 -0.358261 1.066171
v 0.001946 -0.358197 1.066405
v 0.001946 -0.351631 1.078449
v -0.000000 -0.351658 1.078218
v 0.001945 -0.380358 1.022793
v -0.000000 -0.380445 1.022709
v -0.000000 -0.367304 1.029329
v 0.001945 -0.367214 1.029443
v 0.001945 -0.367214 1.029443
v -0.000000 -0.367304 1.029329
v -0.000000 -0.355086 1.037300
v 0.001945 -0.355003 1.037449
v 0.003757 -0.380100 1.023042
v 0.001945 -0.380358 1.022793
v 0.001945 -0.367214 1.029443
v 0.003758 -0.366950 1.029776
v 0.003758 -0.366950 1.029776
v 0.001945 -0.367214 1.029443
v 0.001945 -0.355003 1.037449
v 0.003758 -0.354769 1.037876
v -0.001945 -0.380358 1.022793
v -0.003757 -0.380100 1.023042
v -0.003758 -0.366950 1.029776
v -0.001945 -0.367214 1.029443
v -0.001945 -0.367214 1.029443
v -0.003758 -0.366950 1.029776
v -0.003758 -0.354769 1.037876
v -0.001945 -0.355003 1.037449
v -0.000000 -0.380445 1.022709
v -0.001945 -0.380358 1.022793
v -0.001945 -0.367214 1.029443
v -0.000000 -0.367304 1.029329
v -0.000000 -0.367304 1.029329
v -0.001945 -0.367214 1.029443
v -0.001945 -0.355003 1.037449
v -0.000000 -0.355086 1.037300
v 0.003758 -0.354769 1.037876
v 0.003758 -0.369944 1.051336
v 0.003758 -0.380342 1.041627
v 0.003758 -0.366950 1.029776
v 0.003758 -0.366950 1.029776
v 0.003758 -0.380342 1.041627
v 0.003757 -0.392150 1.033659
v 0.003757 -0.380100 1.023042
v -0.003757 -0.380100 1.023042
v -0.003757 -0.392150 1.033659
v -0.003758 -0.380342 1.041627
v -0.003758 -0.366950 1.029776
v -0.003758 -0.366950 1.029776
v -0.003758 -0.380342 1.041627
v -0.003758 -0.369944 1.051336
v -0.003758 -0.354769 1.037876
v -0.001945 -0.392470 1.033391
v -0.000000 -0.392575 1.033302
v -0.000000 -0.380698 1.041177
v -0.001945 -0.380607 1.041292
v -0.001945 -0.380607 1.041292
v -0.000000 -0.380698 1.041177
v -0.000000 -0.370183 1.050775
v -0.001945 -0.370120 1.050920
v -0.003757 -0.392150 1.033659
v -0.001945 -0.392470 1.033391
v -0.001945 -0.380607 1.041292
v -0.003758 -0.380342 1.041627
v -0.003758 -0.380342 1.041627
v -0.001945 -0.380607 1.041292
v -0.001945 -0.370120 1.050920
v -0.003758 -0.369944 1.051336
v 0.001945 -0.392470 1.033391
v 0.003757 -0.392150 1.033659
v 0.003758 -0.380342 1.041627
v 0.001945 -0.380607 1.041292
v 0.001945 -0.380607 1.041292
v 0.003758 -0.380342 1.041627
v 0.003758 -0.369944 1.051336
v 0.001945 -0.370120 1.050920
v -0.000000 -0.392575 1.033302
v 0.001945 -0.392470 1.033391
v 0.001945 -0.380607 1.041292
v -0.000000 -0.380698 1.041177
v -0.000000 -0.380698 1.041177
v 0.001945 -0.380607 1.041292
v 0.001945 -0.370120 1.050920
v -0.000000 -0.370183 1.050775
v 0.001945 -0.420983 1.010593
v -0.000000 -0.421069 1.010563
v -0.000000 -0.406858 1.013191
v 0.001945 -0.406767 1.013238
v 0.001945 -0.406767 1.013238
v -0.000000 -0.406858 1.013191
v -0.000000 -0.393155 1.017490
v 0.001945 -0.393063 1.017555
v 0.003757 -0.420727 1.010682
v 0.001945 -0.420983 1.010593
v 0.001945 -0.406767 1.013238
v 0.003757 -0.406498 1.013376
v 0.003757 -0.406498 1.013376
v 0.001945 -0.406767 1.013238
v 0.001945 -0.393063 1.017555
v 0.003757 -0.392802 1.017745
v -0.001945 -0.420983 1.010593
v -0.003757 -0.420727 1.010682
v -0.003757 -0.406498 1.013376
v -0.001945 -0.406767 1.013238
v -0.001945 -0.406767 1.013238
v -0.003757 -0.406498 1.013376
v -0.003757 -0.392802 1.017745
v -0.001945 -0.393063 1.017555
v -0.000000 -0.421069 1.010563
v -0.001945 -0.420983 1.010593
v -0.001945 -0.406767 1.013238
v -0.000000 -0.406858 1.013191
v -0.000000 -0.406858 1.013191
v -0.001945 -0.406767 1.013238
v -0.001945 -0.393063 1.017555
v -0.000000 -0.393155 1.017490
v 0.003757 -0.392802 1.017745
v 0.003757 -0.398767 1.030178
v 0.003757 -0.411976 1.024781
v 0.003757 -0.406498 1.013376
v 0.003757 -0.406498 1.013376
v 0.003757 -0.411976 1.024781
v 0.003757 -0.425815 1.021247
v 0.003757 -0.420727 1.010682
v -0.003757 -0.420727 1.010682
v -0.003757 -0.425815 1.021247
v -0.003757 -0.411976 1.024781
v -0.003757 -0.406498 1.013376
v -0.003757 -0.406498 1.013376
v -0.003757 -0.411976 1.024781
v -0.003757 -0.398767 1.030178
v -0.003757 -0.392802 1.017745
v -0.001945 -0.426099 1.021160
v -0.000000 -0.426194 1.021131
v -0.000000 -0.412343 1.024595
v -0.001945 -0.412249 1.024642
v -0.001945 -0.412249 1.024642
v -0.000000 -0.412343 1.024595
v -0.000000 -0.399107 1.029917
v -0.001945 -0.399018 1.029984
v -0.003757 -0.425815 1.021247
v -0.001945 -0.426099 1.021160
v -0.001945 -0.412249 1.024642
v -0.003757 -0.411976 1.024781
v -0.003757 -0.411976 1.024781
v -0.001945 -0.412249 1.024642
v -0.001945 -0.399018 1.029984
v -0.003757 -0.398767 1.030178
v 0.001945 -0.426099 1.021160
v 0.003757 -0.425815 1.021247
v 0.003757 -0.411976 1.024781
v 0.001945 -0.412249 1.024642
v 0.001945 -0.412249 1.024642
v 0.003757 -0.411976 1.024781
v 0.003757 -0.398767 1.030178
v 0.001945 -0.399018 1.029984
v -0.000000 -0.426194 1.021131
v 0.001945 -0.426099 1.021160
v 0.001945 -0.412249 1.024642
v -0.000000 -0.412343 1.024595
v -0.000000 -0.412343 1.024595
v 0.001945 -0.412249 1.024642
v 0.001945 -0.399018 1.029984
v -0.000000 -0.399107 1.029917
v 0.001945 -0.461687 1.011115
v -0.000000 -0.461761 1.011122
v -0.000000 -0.447538 1.009283
v 0.001945 -0.447456 1.009287
v 0.001945 -0.447456 1.009287
v -0.000000 -0.447538 1.009283
v -0.000000 -0.433269 1.009352
v 0.001945 -0.433184 1.009370
v 0.003757 -0.461465 1.011097
v 0.001945 -0.461687 1.011115
v 0.001945 -0.447456 1.009287
v 0.003757 -0.447217 1.009299
v 0.003757 -0.447217 1.009299
v 0.001945 -0.447456 1.009287
v 0.001945 -0.433184 1.009370
v 0.003757 -0.432942 1.009420
v -0.001945 -0.461686 1.011115
v -0.003757 -0.461465 1.011097
v -0.003757 -0.447217 1.009299
v -0.001945 -0.447456 1.009287
v -0.001945 -0.447456 1.009287
v -0.003757 -0.447217 1.009299
v -0.003757 -0.432942 1.009420
v -0.001945 -0.433184 1.009370
v -0.000000 -0.461761 1.011122
v -0.001945 -0.461686 1.011115
v -0.001945 -0.447456 1.009287
v -0.000000 -0.447538 1.009283
v -0.000000 -0.447538 1.009283
v -0.001945 -0.447456 1.009287
v -0.001945 -0.433184 1.009370
v -0.000000 -0.433269 1.009352
v 0.003757 -0.432942 1.009420
v 0.003757 -0.433261 1.020091
v 0.003757 -0.447512 1.019083
v 0.003757 -0.447217 1.009299
v 0.003757 -0.447217 1.009299
v 0.003757 -0.447512 1.019083
v 0.003757 -0.461739 1.019779
v 0.003757 -0.461465 1.011097
v -0.003757 -0.461465 1.011097
v -0.003757 -0.461739 1.019779
v -0.003757 -0.447512 1.019083
v -0.003757 -0.447217 1.009299
v -0.003757 -0.447217 1.009299
v -0.003757 -0.447512 1.019083
v -0.003757 -0.433261 1.020091
v -0.003757 -0.432942 1.009420
v -0.001945 -0.461988 1.019803
v -0.000000 -0.462071 1.019811
v -0.000000 -0.447845 1.019066
v -0.001945 -0.447761 1.019071
v -0.001945 -0.447761 1.019071
v -0.000000 -0.447845 1.019066
v -0.000000 -0.433594 1.020016
v -0.001945 -0.433508 1.020036
v -0.003757 -0.461739 1.019779
v -0.001945 -0.461988 1.019803
v -0.001945 -0.447761 1.019071
v -0.003757 -0.447512 1.019083
v -0.003757 -0.447512 1.019083
v -0.001945 -0.447761 1.019071
v -0.001945 -0.433508 1.020036
v -0.003757 -0.433261 1.020091
v 0.001945 -0.461988 1.019803
v 0.003757 -0.461739 1.019779
v 0.003757 -0.447512 1.019083
v 0.001945 -0.447761 1.019071
v 0.001945 -0.447761 1.019071
v 0.003757 -0.447512 1.019083
v 0.003757 -0.433261 1.020091
v 0.001945 -0.433508 1.020036
v -0.000000 -0.462071 1.019811
v 0.001945 -0.461988 1.019803
v 0.001945 -0.447761 1.019071
v -0.000000 -0.447845 1.019066
v -0.000000 -0.447845 1.019066
v 0.001945 -0.447761 1.019071
v 0.001945 -0.433508 1.020036
v -0.000000 -0.433594 1.020016
v 0.001945 -0.501756 1.023296
v -0.000000 -0.501806 1.023317
v -0.000000 -0.488532 1.018074
v 0.001945 -0.488482 1.018055
v 0.001945 -0.488482 1.018055
v -0.000000 -0.488532 1.018074
v -0.000000 -0.474856 1.014064
v 0.001945 -0.474805 1.014053
v 0.003757 -0.501609 1.023232
v 0.001945 -0.501756 1.023296
v 0.001945 -0.488482 1.018055
v 0.003757 -0.488334 1.018001
v 0.003757 -0.488334 1.018001
v 0.001945 -0.488482 1.018055
v 0.001945 -0.474805 1.014053
v 0.003757 -0.474655 1.014021
v -0.001945 -0.501756 1.023296
v -0.003757 -0.501609 1.023232
v -0.003757 -0.488334 1.018001
v -0.001945 -0.488482 1.018055
v -0.001945 -0.488482 1.018055
v -0.003757 -0.488334 1.018001
v -0.003757 -0.474655 1.014021
v -0.001945 -0.474805 1.014053
v -0.000000 -0.501806 1.023317
v -0.001945 -0.501756 1.023296
v -0.001945 -0.488482 1.018055
v -0.000000 -0.488532 1.018074
v -0.000000 -0.488532 1.018074
v -0.001945 -0.488482 1.018055
v -0.001945 -0.474805 1.014053
v -0.000000 -0.474856 1.014064
v 0.003757 -0.474655 1.014021
v 0.003757 -0.471670 1.021108
v 0.003757 -0.485810 1.023965
v 0.003757 -0.488334 1.018001
v 0.003757 -0.488334 1.018001
v 0.003757 -0.485810 1.023965
v 0.003757 -0.499532 1.028129
v 0.003757 -0.501609 1.023232
v -0.003757 -0.501609 1.023232
v -0.003757 -0.499532 1.028129
v -0.003757 -0.485810 1.023965
v -0.003757 -0.488334 1.018001
v -0.003757 -0.488334 1.018001
v -0.003757 -0.485810 1.023965
v -0.003757 -0.471670 1.021108
v -0.003757 -0.474655 1.014021
v -0.001945 -0.499680 1.028191
v -0.000000 -0.499730 1.028212
v -0.000000 -0.486019 1.024038
v -0.001945 -0.485966 1.024019
v -0.001945 -0.485966 1.024019
v -0.000000 -0.486019 1.024038
v -0.000000 -0.471904 1.021155
v -0.001945 -0.471845 1.021143
v -0.003757 -0.499532 1.028129
v -0.001945 -0.499680 1.028191
v -0.001945 -0.485966 1.024019
v -0.003757 -0.485810 1.023965
v -0.003757 -0.485810 1.023965
v -0.001945 -0.485966 1.024019
v -0.001945 -0.471845 1.021143
v -0.003757 -0.471670 1.021108
v 0.001945 -0.499680 1.028191
v 0.003757 -0.499532 1.028129
v 0.003757 -0.485810 1.023965
v 0.001945 -0.485966 1.024019
v 0.001945 -0.485966 1.024019
v 0.003757 -0.485810 1.023965
v 0.003757 -0.471670 1.021108
v 0.001945 -0.471845 1.021143
v -0.000000 -0.499730 1.028212
v 0.001945 -0.499680 1.028191
v 0.001945 -0.485966 1.024019
v -0.000000 -0.486019 1.024038
v -0.000000 -0.486019 1.024038
v 0.001945 -0.485966 1.024019
v 0.001945 -0.471845 1.021143
v -0.000000 -0.471904 1.021155
v 0.001946 -0.222181 1.113201
v 0.003760 -0.222181 1.113952
v 0.003760 -0.265439 1.101179
v 0.001946 -0.265801 1.100320
vn -0.0000 0.2170 -0.9762
vn 0.0005 0.5133 -0.8582
vn 0.0616 0.2222 -0.9731
vn -0.0031 -0.5192 0.8546
vn -0.0006 -0.7566 0.6538
vn 0.0640 -0.7513 0.6569
vn 0.1209 0.2376 -0.9638
vn 0.1255 -0.7358 0.6654
vn 0.1755 0.2628 -0.9488
vn 0.1820 -0.7108 0.6794
vn 0.2234 0.2966 -0.9285
vn 0.2311 -0.6775 0.6982
vn 0.2626 0.3379 -0.9038
vn 0.2713 -0.6371 0.7214
vn 0.2918 0.3852 -0.8755
vn -0.0030 -0.5192 0.8546
vn 0.3008 -0.5920 0.7477
vn 0.3091 0.4358 -0.8453
vn 0.3191 -0.5429 0.7768
vn 0.3147 0.4889 -0.8136
vn 0.3253 -0.4920 0.8075
vn 0.3193 -0.4416 0.8384
vn 0.3079 0.5413 -0.7824
vn 0.0005 0.5134 -0.8582
vn 0.2893 0.5915 -0.7526
vn 0.3010 -0.3928 0.8690
vn 0.2597 0.6374 -0.7255
vn 0.2711 -0.3476 0.8976
vn 0.2205 0.6772 -0.7020
vn 0.2302 -0.3075 0.9233
vn 0.1730 0.7100 -0.6827
vn -0.0031 -0.5192 0.8547
vn 0.1800 -0.2743 0.9446
vn 0.1191 0.7342 -0.6684
vn 0.1216 -0.2494 0.9607
vn 0.0608 0.7491 -0.6597
vn 0.0590 -0.2339 0.9705
vn 0.0003 0.7541 -0.6567
vn -0.0067 -0.2284 0.9735
vn -0.0601 0.7491 -0.6597
vn -0.0721 -0.2334 0.9697
vn -0.1179 0.7343 -0.6685
vn -0.1345 -0.2485 0.9593
vn -0.1722 0.7100 -0.6829
vn -0.1911 -0.2728 0.9429
vn -0.2197 0.6771 -0.7023
vn -0.2401 -0.3055 0.9214
vn -0.2586 0.6372 -0.7260
vn -0.2796 -0.3452 0.8959
vn 0.0004 0.5134 -0.8582
vn -0.2881 0.5911 -0.7534
vn -0.3084 -0.3902 0.8675
vn -0.3066 0.5408 -0.7833
vn -0.3257 -0.4387 0.8375
vn 0.0004 0.5133 -0.8582
vn -0.3134 0.4879 -0.8147
vn -0.3309 -0.4899 0.8065
vn -0.3134 0.4878 -0.8148
vn -0.3078 0.4350 -0.8462
vn -0.3238 -0.5412 0.7761
vn -0.2903 0.3842 -0.8764
vn -0.3046 -0.5907 0.7472
vn -0.2614 0.3369 -0.9045
vn -0.2746 -0.6363 0.7210
vn -0.2225 0.2961 -0.9289
vn -0.0031 -0.5193 0.8546
vn -0.2337 -0.6769 0.6980
vn -0.1749 0.2625 -0.9490
vn -0.1840 -0.7106 0.6792
vn -0.1205 0.2375 -0.9639
vn -0.1271 -0.7357 0.6652
vn -0.0615 0.2222 -0.9731
vn -0.0648 -0.7514 0.6567
vn -0.0000 -1.0000 -0.0000
vn -0.0000 1.0000 -0.0000
vn -0.0001 -0.4188 -0.9081
vn -0.0001 -0.2523 -0.9677
vn 0.1416 -0.2406 -0.9602
vn 0.1652 -0.4053 -0.8991
vn 0.0022 -0.9970 0.0771
vn 0.0020 -0.9967 -0.0809
vn 0.1922 -0.9787 -0.0727
vn 0.1739 -0.9812 0.0841
vn -0.0001 -0.5635 -0.8261
vn 0.1833 -0.5484 -0.8158
vn 0.0017 -0.9684 0.2494
vn 0.1485 -0.9554 0.2553
vn 0.0002 -0.6856 -0.7280
vn 0.1974 -0.6692 -0.7163
vn 0.0008 -0.8967 0.4427
vn 0.1131 -0.8872 0.4474
vn 0.0008 -0.7832 -0.6217
vn 0.2071 -0.7654 -0.6093
vn 0.0014 -0.8630 -0.5051
vn 0.2124 -0.8440 -0.4925
vn 0.0020 -0.9276 -0.3737
vn 0.2125 -0.9076 -0.3620
vn -0.0000 -0.0445 -0.9990
vn 0.1087 -0.0355 -0.9934
vn 0.0024 -0.9731 -0.2302
vn 0.2055 -0.9535 -0.2205
vn 0.2124 -0.0086 -0.9771
vn 0.2769 -0.2059 -0.9386
vn 0.3962 -0.8977 -0.1927
vn 0.3722 -0.9269 -0.0485
vn 0.3237 -0.3652 -0.8728
vn 0.3373 -0.9356 0.1049
vn 0.3597 -0.5039 -0.7853
vn 0.2888 -0.9176 0.2730
vn 0.3857 -0.6206 -0.6827
vn 0.2207 -0.8593 0.4614
vn 0.4025 -0.7131 -0.5740
vn 0.4108 -0.7886 -0.4576
vn 0.4089 -0.8507 -0.3303
vn 0.5564 -0.5422 -0.6297
vn 0.5776 -0.6298 -0.5194
vn 0.3193 -0.8145 0.4843
vn 0.5867 -0.7017 -0.4041
vn 0.5829 -0.7624 -0.2810
vn 0.3087 0.0352 -0.9505
vn 0.5653 -0.8113 -0.1490
vn 0.4019 -0.1496 -0.9034
vn 0.5330 -0.8461 -0.0101
vn 0.4696 -0.3000 -0.8304
vn 0.4850 -0.8634 0.1388
vn 0.5205 -0.4316 -0.7367
vn 0.4167 -0.8573 0.3022
vn 0.7074 -0.7008 -0.0920
vn 0.6692 -0.7420 0.0409
vn 0.5121 -0.0733 -0.8558
vn 0.5963 -0.2121 -0.7742
vn 0.6111 -0.7699 0.1840
vn 0.6598 -0.3345 -0.6728
vn 0.5270 -0.7784 0.3413
vn 0.7019 -0.4381 -0.5616
vn 0.4051 -0.7551 0.5155
vn 0.7256 -0.5206 -0.4499
vn 0.7341 -0.5895 -0.3369
vn 0.7287 -0.6493 -0.2177
vn 0.3931 0.0944 -0.9146
vn 0.4752 -0.6832 0.5544
vn 0.8427 -0.3911 -0.3700
vn 0.8503 -0.4579 -0.2593
vn 0.8430 -0.5180 -0.1449
vn 0.4619 0.1666 -0.8711
vn 0.8195 -0.5726 -0.0244
vn 0.6013 0.0196 -0.7988
vn 0.7774 -0.6206 0.1026
vn 0.6997 -0.1050 -0.7066
vn 0.7124 -0.6596 0.2396
vn 0.7716 -0.2170 -0.5980
vn 0.6164 -0.6842 0.3898
vn 0.8181 -0.3131 -0.4824
vn 0.6673 0.1259 -0.7341
vn 0.7753 0.0171 -0.6314
vn 0.8559 -0.4875 0.1729
vn 0.7864 -0.5378 0.3038
vn 0.8529 -0.0836 -0.5154
vn 0.6822 -0.5793 0.4461
vn 0.9017 -0.1724 -0.3964
vn 0.5268 -0.6033 0.5987
vn 0.9265 -0.2468 -0.2840
vn 0.9337 -0.3124 -0.1750
vn 0.9253 -0.3737 -0.0643
vn 0.5127 0.2489 -0.8217
vn 0.9002 -0.4324 0.0508
vn 0.9764 -0.0927 -0.1953
vn 0.9835 -0.1583 -0.0878
vn 0.9749 -0.2218 0.0203
vn 0.5432 0.3379 -0.7686
vn 0.9494 -0.2848 0.1322
vn 0.7064 0.2408 -0.6656
vn 0.9039 -0.3473 0.2497
vn 0.8203 0.1495 -0.5521
vn 0.8320 -0.4090 0.3749
vn 0.9011 0.0606 -0.4294
vn 0.7228 -0.4676 0.5088
vn 0.9513 -0.0213 -0.3077
vn 0.5588 -0.5172 0.6483
vn 0.9211 -0.2044 0.3313
vn 0.8482 -0.2774 0.4511
vn 0.8335 0.2869 -0.4722
vn 0.9153 0.2103 -0.3436
vn 0.7371 -0.3531 0.5761
vn 0.9661 0.1352 -0.2199
vn 0.5699 -0.4284 0.7013
vn 0.9920 0.0664 -0.1070
vn 1.0000 0.0003 -0.0000
vn 0.9921 -0.0661 0.1070
vn 0.5523 0.4300 -0.7142
vn 0.9669 -0.1341 0.2171
vn 0.7180 0.3602 -0.5956
vn 0.9834 0.1595 0.0864
vn 0.9768 0.0899 0.1944
vn 0.5400 0.5218 -0.6604
vn 0.9525 0.0163 0.3042
vn 0.7017 0.4791 -0.5273
vn 0.9073 -0.0623 0.4159
vn 0.8149 0.4243 -0.3949
vn 0.8349 -0.1469 0.5305
vn 0.8956 0.3603 -0.2611
vn 0.7247 -0.2394 0.6461
vn 0.9466 0.2927 -0.1350
vn 0.5596 -0.3400 0.7558
vn 0.9738 0.2263 -0.0214
vn 0.7915 -0.0209 0.6108
vn 0.6855 -0.1300 0.7164
vn 0.8429 0.5054 -0.1847
vn 0.8933 0.4459 -0.0560
vn 0.5281 -0.2551 0.8100
vn 0.9219 0.3829 0.0594
vn 0.9336 0.3156 0.1696
vn 0.9290 0.2423 0.2796
vn 0.5069 0.6096 -0.6094
vn 0.9060 0.1625 0.3908
vn 0.6585 0.5931 -0.4632
vn 0.8618 0.0755 0.5016
vn 0.7655 0.5566 -0.3228
vn 0.4546 0.6901 -0.5632
vn 0.8478 0.3877 0.3617
vn 0.8266 0.3013 0.4754
vn 0.5904 0.6978 -0.4055
vn 0.7847 0.2050 0.5850
vn 0.6874 0.6788 -0.2585
vn 0.7181 0.0967 0.6892
vn 0.7588 0.6408 -0.1162
vn 0.6198 -0.0284 0.7843
vn 0.8070 0.5903 0.0153
vn 0.4767 -0.1768 0.8611
vn 0.8364 0.5316 0.1336
vn 0.8502 0.4645 0.2476
vn 0.6456 0.7615 -0.0571
vn 0.6893 0.7203 0.0772
vn 0.5289 0.0617 0.8464
vn 0.4055 -0.1072 0.9078
vn 0.7178 0.6672 0.1992
vn 0.7326 0.6015 0.3185
vn 0.7321 0.5216 0.4382
vn 0.3852 0.7601 -0.5233
vn 0.7135 0.4281 0.5547
vn 0.5002 0.7893 -0.3560
vn 0.6751 0.3222 0.6636
vn 0.5831 0.7867 -0.2030
vn 0.6153 0.2021 0.7620
vn 0.5824 0.6375 0.5044
vn 0.5670 0.5372 0.6244
vn 0.3016 0.8173 -0.4910
vn 0.3915 0.8642 -0.3161
vn 0.5343 0.4220 0.7324
vn 0.4567 0.8754 -0.1583
vn 0.4849 0.2907 0.8248
vn 0.5066 0.8622 -0.0089
vn 0.4157 0.1369 0.8991
vn 0.5428 0.8300 0.1279
vn 0.3179 -0.0497 0.9468
vn 0.5676 0.7832 0.2540
vn 0.5819 0.7198 0.3785
vn 0.2832 0.1938 0.9393
vn 0.2159 -0.0064 0.9764
vn 0.3723 0.9132 0.1660
vn 0.3899 0.8722 0.2955
vn 0.4001 0.8118 0.4253
vn 0.4009 0.7279 0.5563
vn 0.2071 0.8596 -0.4672
vn 0.3894 0.6218 0.6795
vn 0.2684 0.9197 -0.2867
vn 0.3659 0.4987 0.7858
vn 0.3129 0.9415 -0.1255
vn 0.3312 0.3583 0.8729
vn 0.3471 0.9375 0.0266
vn 0.1051 0.8855 -0.4526
vn 0.1355 0.9537 -0.2686
vn 0.1884 0.6749 0.7134
vn 0.1772 0.5468 0.8183
vn 0.1572 0.9820 -0.1051
vn 0.1613 0.4007 0.9019
vn 0.1733 0.9837 0.0486
vn 0.1384 0.2295 0.9634
vn 0.1846 0.9643 0.1898
vn 0.1053 0.0207 0.9942
vn 0.1917 0.9272 0.3218
vn 0.1956 0.8691 0.4544
vn 0.1946 0.7845 0.5888
vn -0.0112 0.9800 0.1985
vn -0.0151 0.9436 0.3308
vn -0.0097 0.0304 0.9995
vn -0.0196 0.8856 0.4640
vn -0.0223 0.8013 0.5978
vn -0.0005 0.8942 -0.4477
vn -0.0226 0.6915 0.7220
vn -0.0020 0.9650 -0.2624
vn -0.0202 0.5627 0.8264
vn -0.0046 0.9952 -0.0977
vn -0.0169 0.4152 0.9096
vn -0.0072 0.9984 0.0566
vn -0.0133 0.2420 0.9702
vn -0.2279 0.6711 0.7054
vn -0.2139 0.5455 0.8103
vn -0.1393 0.9533 -0.2681
vn -0.1651 0.9808 -0.1040
vn -0.1924 0.4012 0.8956
vn -0.1871 0.9811 0.0504
vn -0.1636 0.2306 0.9592
vn -0.2048 0.9599 0.1916
vn -0.1245 0.0219 0.9920
vn -0.2193 0.9207 0.3227
vn -0.2299 0.8612 0.4533
vn -0.2333 0.7778 0.5836
vn -0.1065 0.8854 -0.4524
vn -0.2337 -0.0041 0.9723
vn -0.4093 0.8625 0.2975
vn -0.4232 0.8009 0.4236
vn -0.4269 0.7185 0.5491
vn -0.2077 0.8595 -0.4671
vn -0.4169 0.6167 0.6677
vn -0.2713 0.9191 -0.2858
vn -0.3935 0.4974 0.7731
vn -0.3192 0.9396 -0.1234
vn -0.3567 0.3599 0.8621
vn -0.3580 0.9333 0.0297
vn -0.3054 0.1963 0.9318
vn -0.3872 0.9064 0.1691
vn -0.5517 0.4225 0.7191
vn -0.5030 0.2940 0.8127
vn -0.4614 0.8734 -0.1556
vn -0.5137 0.8579 -0.0050
vn -0.4329 0.1409 0.8903
vn -0.5519 0.8233 0.1323
vn -0.3324 -0.0463 0.9420
vn -0.5786 0.7740 0.2572
vn -0.5942 0.7098 0.3784
vn -0.5960 0.6298 0.4981
vn -0.3018 0.8172 -0.4910
vn -0.5825 0.5334 0.6133
vn -0.3934 0.8637 -0.3150
vn -0.7370 0.5955 0.3196
vn -0.7370 0.5178 0.4344
vn -0.3849 0.7600 -0.5236
vn -0.7201 0.4276 0.5464
vn -0.5016 0.7888 -0.3553
vn -0.6842 0.3251 0.6528
vn -0.5855 0.7855 -0.2005
vn -0.6268 0.2071 0.7512
vn -0.6490 0.7589 -0.0528
vn -0.5418 0.0671 0.8379
vn -0.6937 0.7156 0.0820
vn -0.4176 -0.1030 0.9028
vn -0.7223 0.6610 0.2034
vn -0.6884 0.6784 -0.2567
vn -0.7602 0.6398 -0.1126
vn -0.7250 0.1025 0.6811
vn -0.6288 -0.0228 0.7772
vn -0.8086 0.5880 0.0196
vn -0.4861 -0.1721 0.8568
vn -0.8374 0.5289 0.1379
vn -0.8505 0.4627 0.2502
vn -0.8482 0.3876 0.3611
vn -0.4539 0.6899 -0.5639
vn -0.8284 0.3037 0.4707
vn -0.5906 0.6977 -0.4055
vn -0.7887 0.2099 0.5778
vn -0.9328 0.3164 0.1723
vn -0.9282 0.2442 0.2806
vn -0.5059 0.6093 -0.6106
vn -0.9061 0.1663 0.3890
vn -0.6580 0.5929 -0.4642
vn -0.8637 0.0810 0.4975
vn -0.7657 0.5564 -0.3227
vn -0.7955 -0.0145 0.6058
vn -0.8436 0.5049 -0.1830
vn -0.6917 -0.1243 0.7114
vn -0.8938 0.4453 -0.0532
vn -0.5358 -0.2505 0.8063
vn -0.9218 0.3824 0.0628
vn -0.8374 -0.1415 0.5280
vn -0.7291 -0.2341 0.6432
vn -0.8955 0.3599 -0.2618
vn -0.9468 0.2924 -0.1345
vn -0.5655 -0.3357 0.7533
vn -0.9738 0.2264 -0.0200
vn -0.9831 0.1603 0.0881
vn -0.9765 0.0918 0.1952
vn -0.5386 0.5212 -0.6620
vn -0.9526 0.0195 0.3038
vn -0.7006 0.4786 -0.5293
vn -0.9083 -0.0576 0.4144
vn -0.8144 0.4239 -0.3964
vn -0.5506 0.4291 -0.7160
vn -0.9921 -0.0655 0.1072
vn -0.9671 -0.1325 0.2172
vn -0.7162 0.3592 -0.5983
vn -0.9218 -0.2017 0.3310
vn -0.8321 0.2861 -0.4752
vn -0.8499 -0.2740 0.4502
vn -0.9144 0.2093 -0.3465
vn -0.7400 -0.3494 0.5747
vn -0.9658 0.1345 -0.2217
vn -0.5742 -0.4251 0.6997
vn -0.9920 0.0657 -0.1081
vn -1.0000 0.0001 -0.0003
vn -0.9658 0.1344 -0.2217
vn -0.8990 0.0586 -0.4339
vn -0.9498 -0.0234 -0.3120
vn -0.7400 -0.3495 0.5747
vn -0.7245 -0.4656 0.5083
vn -0.5618 -0.5148 0.6475
vn -0.9754 -0.0950 -0.1988
vn -0.9829 -0.1604 -0.0903
vn -0.9745 -0.2234 0.0189
vn -0.5506 0.4291 -0.7161
vn -0.5412 0.3364 -0.7707
vn -0.9671 -0.1326 0.2172
vn -0.9493 -0.2856 0.1317
vn -0.7162 0.3592 -0.5984
vn -0.7040 0.2393 -0.6687
vn -0.9218 -0.2018 0.3310
vn -0.9040 -0.3471 0.2495
vn -0.8321 0.2860 -0.4753
vn -0.8179 0.1480 -0.5561
vn -0.8499 -0.2741 0.4501
vn -0.8327 -0.4077 0.3747
vn -0.9235 -0.3776 -0.0671
vn -0.8990 -0.4351 0.0495
vn -0.5106 0.2477 -0.8234
vn -0.6642 0.1240 -0.7372
vn -0.8547 -0.4896 0.1724
vn -0.7720 0.0149 -0.6355
vn -0.7860 -0.5384 0.3038
vn -0.8495 -0.0857 -0.5205
vn -0.6826 -0.5788 0.4461
vn -0.8987 -0.1753 -0.4019
vn -0.5289 -0.6017 0.5985
vn -0.9240 -0.2501 -0.2891
vn -0.9317 -0.3160 -0.1791
vn -0.6156 -0.6848 0.3899
vn -0.4762 -0.6828 0.5540
vn -0.8137 -0.3159 -0.4879
vn -0.8386 -0.3946 -0.3756
vn -0.8469 -0.4617 -0.2639
vn -0.8399 -0.5220 -0.1483
vn -0.4599 0.1651 -0.8725
vn -0.8167 -0.5764 -0.0267
vn -0.5985 0.0179 -0.8009
vn -0.7750 -0.6237 0.1016
vn -0.6961 -0.1067 -0.7100
vn -0.7107 -0.6615 0.2395
vn -0.7673 -0.2193 -0.6026
vn -0.7033 -0.7045 -0.0946
vn -0.6653 -0.7455 0.0398
vn -0.5097 -0.0745 -0.8571
vn -0.5932 -0.2134 -0.7763
vn -0.6082 -0.7722 0.1837
vn -0.6554 -0.3358 -0.6765
vn -0.5251 -0.7795 0.3415
vn -0.6971 -0.4400 -0.5661
vn -0.4049 -0.7551 0.5156
vn -0.7206 -0.5232 -0.4549
vn -0.7293 -0.5930 -0.3412
vn -0.7240 -0.6533 -0.2216
vn -0.3916 0.0934 -0.9154
vn -0.3184 -0.8148 0.4845
vn -0.5728 -0.6311 -0.5230
vn -0.5817 -0.7037 -0.4080
vn -0.5776 -0.7653 -0.2840
vn -0.3081 0.0348 -0.9507
vn -0.5605 -0.8142 -0.1514
vn -0.4013 -0.1500 -0.9036
vn -0.5286 -0.8488 -0.0113
vn -0.4674 -0.3005 -0.8314
vn -0.4814 -0.8655 0.1382
vn -0.5172 -0.4321 -0.7387
vn -0.4144 -0.8585 0.3021
vn -0.5521 -0.5429 -0.6328
vn -0.2769 -0.2061 -0.9385
vn -0.3229 -0.3653 -0.8731
vn -0.3674 -0.9287 -0.0494
vn -0.3331 -0.9371 0.1047
vn -0.3580 -0.5039 -0.7861
vn -0.2857 -0.9186 0.2732
vn -0.3832 -0.6205 -0.6842
vn -0.2199 -0.8595 0.4615
vn -0.3989 -0.7134 -0.5761
vn -0.4060 -0.7897 -0.4600
vn -0.4040 -0.8523 -0.3324
vn -0.2125 -0.0087 -0.9771
vn -0.3913 -0.8995 -0.1945
vn -0.2049 -0.7653 -0.6102
vn -0.2088 -0.8443 -0.4936
vn -0.2077 -0.9083 -0.3632
vn -0.1084 -0.0355 -0.9935
vn -0.2007 -0.9543 -0.2213
vn -0.1414 -0.2406 -0.9603
vn -0.1877 -0.9795 -0.0729
vn -0.1650 -0.4053 -0.8992
vn -0.1696 -0.9819 0.0840
vn -0.1833 -0.5484 -0.8159
vn -0.1458 -0.9558 0.2552
vn -0.1965 -0.6690 -0.7168
vn -0.1122 -0.8873 0.4473
vn 0.0469 0.6114 -0.7900
vn 0.0469 0.6114 -0.7899
vn 0.2725 0.6084 -0.7454
vn 0.6088 -0.0000 -0.7934
vn 0.7933 -0.0000 -0.6088
vn 0.9239 -0.0000 -0.3827
vn 0.9914 -0.0000 -0.1305
vn 0.9914 -0.0000 0.1305
vn 0.9239 -0.0000 0.3827
vn 0.7933 -0.0000 0.6088
vn 0.6088 -0.0000 0.7934
vn 0.3827 -0.0000 0.9239
vn 0.1305 -0.0000 0.9914
vn -0.1305 -0.0000 0.9914
vn -0.3827 -0.0000 0.9239
vn -0.6088 -0.0000 0.7934
vn -0.7934 -0.0000 0.6088
vn -0.9239 -0.0000 0.3827
vn -0.9914 -0.0000 0.1305
vn -0.9914 -0.0000 -0.1305
vn -0.9239 -0.0000 -0.3827
vn -0.7934 -0.0000 -0.6088
vn -0.6088 -0.0000 -0.7934
vn -0.0367 -0.9185 0.3937
vn 0.1253 0.2810 -0.9515
vn -0.1305 -0.0000 -0.9914
vn -0.3827 -0.0000 -0.9239
vn 0.3827 -0.0000 -0.9239
vn 0.1305 -0.0000 -0.9914
vn -1.0000 -0.0000 -0.0000
vn -0.0898 0.6286 -0.7726
vn -0.0899 0.6286 -0.7726
vn 0.0395 -0.9947 0.0954
vn -0.1133 -0.9147 0.3879
vn 0.1133 -0.9147 0.3879
vn 1.0000 -0.0000 -0.0000
vn 0.0367 -0.9185 0.3936
vn 0.0367 -0.9185 0.3937
vn 0.0366 -0.9185 0.3937
vn 0.0126 -0.9954 0.0954
vn -0.2725 0.6084 -0.7454
vn 0.0300 -0.7504 0.6603
vn 0.0299 -0.7504 0.6603
vn -0.0919 -0.7520 0.6527
vn 0.1445 0.6097 -0.7794
vn 0.1444 0.6097 -0.7794
vn 0.0182 0.3804 -0.9246
vn -0.1253 0.2810 -0.9515
vn -0.0395 -0.9947 0.0954
vn 0.0898 0.6286 -0.7725
vn 0.0899 0.6286 -0.7725
vn 0.0898 0.6286 -0.7726
vn -0.0126 -0.9954 0.0954
vn -0.3692 0.2632 -0.8913
vn -0.0567 0.3824 -0.9223
vn -0.0568 0.3824 -0.9223
vn -0.0183 0.3804 -0.9246
vn -0.0182 0.3805 -0.9246
vn 0.0128 -0.4608 0.8874
vn 0.0129 -0.4608 0.8874
vn 0.0920 -0.7520 0.6527
vn 0.0919 -0.7520 0.6527
vn 1.0000 -0.0000 -0.0001
vn -0.0469 0.6114 -0.7900
vn -0.0300 -0.7504 0.6603
vn -0.0299 -0.7504 0.6603
vn -0.1445 0.6097 -0.7794
vn -0.1444 0.6097 -0.7794
vn -1.0000 -0.0000 -0.0001
vn 0.0028 -0.2189 -0.9757
vn -0.0241 0.1012 -0.9946
vn -0.0240 0.1013 -0.9946
vn -0.0241 0.1013 -0.9946
vn 0.0078 0.0993 -0.9950
vn 0.0077 0.0993 -0.9950
vn 0.0567 0.3824 -0.9223
vn -0.0398 -0.4632 0.8853
vn -0.0129 -0.4608 0.8874
vn 0.0398 -0.4632 0.8853
vn 0.0087 -0.2175 -0.9760
vn 0.0009 -0.4260 -0.9047
vn 0.0004 -0.4260 -0.9047
vn -0.0087 -0.2175 -0.9760
vn 0.0240 0.1012 -0.9946
vn 0.0241 0.1013 -0.9946
vn -0.0167 -0.1516 0.9883
vn -0.0166 -0.1516 0.9883
vn -0.0054 -0.1494 0.9888
vn -0.0053 -0.1495 0.9888
vn -0.0054 -0.1495 0.9888
vn 0.0167 -0.1516 0.9883
vn 0.0166 -0.1516 0.9883
vn 0.0054 -0.1495 0.9888
vn 0.0054 -0.1494 0.9888
vn -0.0077 0.0993 -0.9950
vn -0.0078 0.0993 -0.9950
vn 0.0020 0.3544 0.9351
vn 0.0021 0.3544 0.9351
vn 0.0019 -0.4260 -0.9047
vn 0.0020 -0.4260 -0.9047
vn 0.0004 0.1337 0.9910
vn -0.0001 0.1351 0.9908
vn -0.0004 0.1337 0.9910
vn -0.0005 0.1337 0.9910
vn -0.0028 -0.2189 -0.9758
vn -0.0028 -0.2189 -0.9757
vn 0.0001 0.1351 0.9908
vn -0.0000 0.1351 0.9908
vn 0.0091 -0.9206 0.3905
vn 0.0285 -0.9202 0.3903
vn 0.0286 -0.9202 0.3903
vn -0.0285 -0.9202 0.3903
vn -0.0286 -0.9202 0.3903
vn -0.0091 -0.9206 0.3905
vn -0.0004 0.3544 0.9351
vn -0.0019 0.3544 0.9351
vn -0.0021 0.3544 0.9351
vn -0.0020 0.3544 0.9351
vn -0.0009 -0.4260 -0.9047
vn -0.0004 -0.4260 -0.9047
vn 0.0009 0.3544 0.9351
vn 0.0007 0.3544 0.9351
vn -0.0019 -0.4260 -0.9047
vn -0.0020 -0.4260 -0.9047
vn 0.0998 0.5331 -0.8401
vn 0.1128 0.3867 -0.9153
vn 0.1130 0.3867 -0.9153
vn 0.2996 0.5119 -0.8051
vn 0.3356 0.3668 -0.8676
vn 0.3355 0.3668 -0.8677
vn -0.2996 0.5119 -0.8051
vn -0.3356 0.3668 -0.8677
vn -0.3356 0.3668 -0.8676
vn -0.3355 0.3669 -0.8677
vn -0.0998 0.5331 -0.8401
vn -0.0997 0.5332 -0.8401
vn -0.1129 0.3867 -0.9153
vn -0.1128 0.3867 -0.9153
vn -0.1127 0.3867 -0.9153
vn 0.0299 -0.9410 0.3370
vn 0.0150 -0.9754 0.2199
vn 0.0904 -0.9375 0.3361
vn 0.0904 -0.9375 0.3360
vn 0.0395 -0.9739 0.2234
vn 0.0396 -0.9739 0.2234
vn -0.0904 -0.9375 0.3361
vn -0.0904 -0.9375 0.3360
vn -0.0395 -0.9739 0.2234
vn -0.0396 -0.9739 0.2234
vn -0.0299 -0.9411 0.3369
vn -0.0302 -0.9410 0.3370
vn -0.0151 -0.9754 0.2199
vn -0.0150 -0.9754 0.2199
vn 0.0656 0.6204 -0.7815
vn 0.0655 0.6204 -0.7815
vn 0.0795 0.6198 -0.7807
vn 0.2011 0.6116 -0.7652
vn 0.2012 0.6116 -0.7652
vn 0.2012 0.6116 -0.7651
vn 0.2423 0.6058 -0.7578
vn 0.2423 0.6058 -0.7579
vn -0.2012 0.6116 -0.7652
vn -0.2011 0.6116 -0.7652
vn -0.2423 0.6058 -0.7578
vn -0.2423 0.6058 -0.7579
vn -0.0655 0.6204 -0.7815
vn -0.0656 0.6204 -0.7815
vn -0.0795 0.6198 -0.7807
vn 0.0344 -0.8062 0.5906
vn 0.0368 -0.8769 0.4793
vn 0.0369 -0.8769 0.4793
vn 0.1043 -0.8055 0.5833
vn 0.1044 -0.8055 0.5833
vn 0.1113 -0.8740 0.4729
vn -0.1043 -0.8055 0.5833
vn -0.1044 -0.8055 0.5833
vn -0.1113 -0.8740 0.4729
vn -0.0344 -0.8062 0.5906
vn -0.0368 -0.8769 0.4793
vn 0.0251 0.4505 -0.8924
vn 0.0250 0.4505 -0.8924
vn 0.0321 0.5471 -0.8365
vn 0.0775 0.4523 -0.8885
vn 0.0990 0.5483 -0.8304
vn -0.0775 0.4523 -0.8885
vn -0.0990 0.5483 -0.8304
vn -0.0250 0.4505 -0.8924
vn -0.0321 0.5471 -0.8365
vn 0.0159 -0.5534 0.8328
vn 0.0228 -0.6751 0.7374
vn 0.0484 -0.5562 0.8297
vn 0.0484 -0.5562 0.8296
vn 0.0691 -0.6778 0.7320
vn 0.0690 -0.6778 0.7320
vn -0.0484 -0.5562 0.8296
vn -0.0484 -0.5562 0.8297
vn -0.0691 -0.6778 0.7320
vn -0.0159 -0.5534 0.8328
vn -0.0160 -0.5534 0.8328
vn -0.0228 -0.6751 0.7374
vn 0.0112 0.1824 -0.9832
vn 0.0112 0.1823 -0.9832
vn 0.0136 0.2999 -0.9539
vn 0.0135 0.2999 -0.9539
vn 0.0345 0.1843 -0.9823
vn 0.0345 0.1844 -0.9823
vn 0.0419 0.3019 -0.9524
vn 0.0419 0.3020 -0.9524
vn -0.0345 0.1844 -0.9823
vn -0.0346 0.1843 -0.9823
vn -0.0419 0.3019 -0.9524
vn -0.0112 0.1823 -0.9832
vn -0.0111 0.1824 -0.9832
vn -0.0136 0.2999 -0.9539
vn -0.0135 0.2999 -0.9539
vn 0.0073 -0.2432 0.9699
vn 0.0074 -0.2432 0.9699
vn 0.0099 -0.3737 0.9275
vn 0.0100 -0.3737 0.9275
vn 0.0224 -0.2456 0.9691
vn 0.0304 -0.3761 0.9261
vn -0.0224 -0.2456 0.9691
vn -0.0303 -0.3762 0.9261
vn -0.0304 -0.3761 0.9261
vn -0.0073 -0.2432 0.9699
vn -0.0074 -0.2432 0.9699
vn -0.0099 -0.3737 0.9275
vn 0.0047 -0.1278 -0.9918
vn 0.0053 0.0053 -1.0000
vn 0.0053 0.0054 -1.0000
vn 0.0143 -0.1263 -0.9919
vn 0.0144 -0.1263 -0.9919
vn 0.0162 0.0071 -0.9998
vn 0.0163 0.0071 -0.9998
vn -0.0143 -0.1263 -0.9919
vn -0.0144 -0.1263 -0.9919
vn -0.0162 0.0071 -0.9998
vn -0.0163 0.0071 -0.9998
vn -0.0047 -0.1278 -0.9918
vn -0.0053 0.0053 -1.0000
vn 0.0013 0.0518 0.9987
vn 0.0031 -0.0670 0.9977
vn 0.0038 0.0501 0.9987
vn 0.0038 0.0502 0.9987
vn 0.0093 -0.0691 0.9976
vn 0.0093 -0.0690 0.9976
vn -0.0038 0.0501 0.9987
vn -0.0093 -0.0691 0.9976
vn -0.0094 -0.0691 0.9976
vn -0.0013 0.0518 0.9987
vn -0.0014 0.0518 0.9987
vn -0.0031 -0.0670 0.9977
vn -0.0002 -0.3673 -0.9301
vn -0.0001 -0.3673 -0.9301
vn -0.0000 -0.3673 -0.9301
vn 0.0001 -0.2811 -0.9597
vn -0.0003 -0.3669 -0.9303
vn -0.0002 -0.3669 -0.9303
vn 0.0002 -0.2801 -0.9600
vn 0.0003 -0.2801 -0.9600
vn 0.0002 -0.3669 -0.9303
vn 0.0003 -0.3669 -0.9303
vn -0.0002 -0.2801 -0.9600
vn -0.0003 -0.2801 -0.9600
vn 0.0002 -0.3673 -0.9301
vn -0.0001 -0.2811 -0.9597
vn -0.0002 -0.2811 -0.9597
vn -0.0022 0.2912 0.9567
vn -0.0021 0.2912 0.9567
vn -0.0019 0.2911 0.9567
vn -0.0018 0.2911 0.9567
vn -0.0019 0.1998 0.9798
vn -0.0063 0.2907 0.9568
vn -0.0062 0.2907 0.9568
vn -0.0061 0.1988 0.9800
vn -0.0060 0.1988 0.9800
vn 0.0063 0.2907 0.9568
vn 0.0062 0.2907 0.9568
vn 0.0061 0.1988 0.9800
vn 0.0060 0.1988 0.9800
vn 0.0020 0.2911 0.9567
vn 0.0021 0.2911 0.9567
vn 0.0019 0.2912 0.9567
vn 0.0018 0.2912 0.9567
vn 0.0019 0.1998 0.9798
vn 0.3692 0.2632 -0.8913
vt 0.750000 0.062500
vt 0.734375 0.000000
vt 0.718750 0.062500
vt 0.734375 1.000000
vt 0.750000 0.937500
vt 0.718750 0.937500
vt 0.703125 0.000000
vt 0.687500 0.062500
vt 0.703125 1.000000
vt 0.687500 0.937500
vt 0.671875 0.000000
vt 0.656250 0.062500
vt 0.671875 1.000000
vt 0.656250 0.937500
vt 0.640625 0.000000
vt 0.625000 0.062500
vt 0.640625 1.000000
vt 0.625000 0.937500
vt 0.609375 0.000000
vt 0.593750 0.062500
vt 0.609375 1.000000
vt 0.593750 0.937500
vt 0.578125 0.000000
vt 0.562500 0.062500
vt 0.578125 1.000000
vt 0.562500 0.937500
vt 0.546875 0.000000
vt 0.531250 0.062500
vt 0.546875 1.000000
vt 0.531250 0.937500
vt 0.515625 0.000000
vt 0.500000 0.062500
vt 0.515625 1.000000
vt 0.500000 0.937500
vt 0.484375 1.000000
vt 0.468750 0.937500
vt 0.484375 0.000000
vt 0.468750 0.062500
vt 0.453125 0.000000
vt 0.437500 0.062500
vt 0.453125 1.000000
vt 0.437500 0.937500
vt 0.421875 0.000000
vt 0.406250 0.062500
vt 0.421875 1.000000
vt 0.406250 0.937500
vt 0.390625 0.000000
vt 0.375000 0.062500
vt 0.390625 1.000000
vt 0.375000 0.937500
vt 0.359375 0.000000
vt 0.343750 0.062500
vt 0.359375 1.000000
vt 0.343750 0.937500
vt 0.328125 0.000000
vt 0.312500 0.062500
vt 0.328125 1.000000
vt 0.312500 0.937500
vt 0.296875 0.000000
vt 0.281250 0.062500
vt 0.296875 1.000000
vt 0.281250 0.937500
vt 0.265625 0.000000
vt 0.250000 0.062500
vt 0.265625 1.000000
vt 0.250000 0.937500
vt 0.234375 0.000000
vt 0.218750 0.062500
vt 0.234375 1.000000
vt 0.218750 0.937500
vt 0.203125 0.000000
vt 0.187500 0.062500
vt 0.203125 1.000000
vt 0.187500 0.937500
vt 0.171875 0.000000
vt 0.156250 0.062500
vt 0.171875 1.000000
vt 0.156250 0.937500
vt 0.140625 0.000000
vt 0.125000 0.062500
vt 0.140625 1.000000
vt 0.125000 0.937500
vt 0.109375 0.000000
vt 0.093750 0.062500
vt 0.109375 1.000000
vt 0.093750 0.937500
vt 0.078125 0.000000
vt 0.062500 0.062500
vt 0.078125 1.000000
vt 0.062500 0.937500
vt 0.046875 0.000000
vt 0.031250 0.062500
vt 0.046875 1.000000
vt 0.031250 0.937500
vt 0.015625 0.000000
vt 0.000000 0.062500
vt 0.015625 1.000000
vt 0.000000 0.937500
vt 1.000000 0.062500
vt 0.984375 0.000000
vt 0.968750 0.062500
vt 0.984375 1.000000
vt 1.000000 0.937500
vt 0.968750 0.937500
vt 0.953125 0.000000
vt 0.937500 0.062500
vt 0.953125 1.000000
vt 0.937500 0.937500
vt 0.921875 0.000000
vt 0.906250 0.062500
vt 0.921875 1.000000
vt 0.906250 0.937500
vt 0.890625 0.000000
vt 0.875000 0.062500
vt 0.890625 1.000000
vt 0.875000 0.937500
vt 0.859375 0.000000
vt 0.843750 0.062500
vt 0.859375 1.000000
vt 0.843750 0.937500
vt 0.828125 0.000000
vt 0.812500 0.062500
vt 0.828125 1.000000
vt 0.812500 0.937500
vt 0.796875 0.000000
vt 0.781250 0.062500
vt 0.796875 1.000000
vt 0.781250 0.937500
vt 0.765625 0.000000
vt 0.765625 1.000000
vt 0.750000 0.750000
vt 0.750000 0.510000
vt 0.812117 0.518178
vt 0.250000 0.750000
vt 0.312117 0.518178
vt 0.250000 0.510000
vt 0.870000 0.542154
vt 0.370000 0.542154
vt 0.919706 0.580294
vt 0.419706 0.580294
vt 0.957846 0.630000
vt 0.457846 0.630000
vt 0.981822 0.687883
vt 0.481822 0.687883
vt 0.990000 0.750000
vt 0.490000 0.750000
vt 0.981822 0.812117
vt 0.481822 0.812117
vt 0.957846 0.870000
vt 0.457846 0.870000
vt 0.919706 0.919706
vt 0.419706 0.919706
vt 0.870000 0.957846
vt 0.370000 0.957846
vt 0.812117 0.981822
vt 0.312117 0.981822
vt 0.750000 0.990000
vt 0.250000 0.990000
vt 0.687883 0.981822
vt 0.187883 0.981822
vt 0.630000 0.957846
vt 0.130000 0.957846
vt 0.580294 0.919706
vt 0.080294 0.919706
vt 0.542154 0.870000
vt 0.042154 0.870000
vt 0.518178 0.812117
vt 0.018178 0.812117
vt 0.510000 0.750000
vt 0.010000 0.750000
vt 0.518178 0.687883
vt 0.018178 0.687883
vt 0.542154 0.630000
vt 0.042154 0.630000
vt 0.580294 0.580294
vt 0.080294 0.580294
vt 0.630000 0.542154
vt 0.130000 0.542154
vt 0.687883 0.518178
vt 0.187883 0.518178
vt 0.750000 0.250000
vt 0.750000 0.187500
vt 0.718750 0.187500
vt 0.718750 0.250000
vt 0.750000 0.750000
vt 0.750000 0.687500
vt 0.718750 0.687500
vt 0.718750 0.750000
vt 0.750000 0.312500
vt 0.718750 0.312500
vt 0.750000 0.812500
vt 0.718750 0.812500
vt 0.750000 0.375000
vt 0.718750 0.375000
vt 0.750000 0.875000
vt 0.718750 0.875000
vt 0.750000 0.437500
vt 0.718750 0.437500
vt 0.750000 0.500000
vt 0.718750 0.500000
vt 0.750000 0.562500
vt 0.718750 0.562500
vt 0.750000 0.125000
vt 0.718750 0.125000
vt 0.750000 0.625000
vt 0.718750 0.625000
vt 0.687500 0.125000
vt 0.687500 0.187500
vt 0.687500 0.625000
vt 0.687500 0.687500
vt 0.687500 0.250000
vt 0.687500 0.750000
vt 0.687500 0.312500
vt 0.687500 0.812500
vt 0.687500 0.375000
vt 0.687500 0.875000
vt 0.687500 0.437500
vt 0.687500 0.500000
vt 0.687500 0.562500
vt 0.656250 0.375000
vt 0.656250 0.437500
vt 0.656250 0.875000
vt 0.656250 0.500000
vt 0.656250 0.562500
vt 0.656250 0.125000
vt 0.656250 0.625000
vt 0.656250 0.187500
vt 0.656250 0.687500
vt 0.656250 0.250000
vt 0.656250 0.750000
vt 0.656250 0.312500
vt 0.656250 0.812500
vt 0.625000 0.625000
vt 0.625000 0.687500
vt 0.625000 0.187500
vt 0.625000 0.250000
vt 0.625000 0.750000
vt 0.625000 0.312500
vt 0.625000 0.812500
vt 0.625000 0.375000
vt 0.625000 0.875000
vt 0.625000 0.437500
vt 0.625000 0.500000
vt 0.625000 0.562500
vt 0.625000 0.125000
vt 0.593750 0.875000
vt 0.593750 0.437500
vt 0.593750 0.500000
vt 0.593750 0.562500
vt 0.593750 0.125000
vt 0.593750 0.625000
vt 0.593750 0.187500
vt 0.593750 0.687500
vt 0.593750 0.250000
vt 0.593750 0.750000
vt 0.593750 0.312500
vt 0.593750 0.812500
vt 0.593750 0.375000
vt 0.562500 0.187500
vt 0.562500 0.250000
vt 0.562500 0.687500
vt 0.562500 0.750000
vt 0.562500 0.312500
vt 0.562500 0.812500
vt 0.562500 0.375000
vt 0.562500 0.875000
vt 0.562500 0.437500
vt 0.562500 0.500000
vt 0.562500 0.562500
vt 0.562500 0.125000
vt 0.562500 0.625000
vt 0.531250 0.437500
vt 0.531250 0.500000
vt 0.531250 0.562500
vt 0.531250 0.125000
vt 0.531250 0.625000
vt 0.531250 0.187500
vt 0.531250 0.687500
vt 0.531250 0.250000
vt 0.531250 0.750000
vt 0.531250 0.312500
vt 0.531250 0.812500
vt 0.531250 0.375000
vt 0.531250 0.875000
vt 0.500000 0.687500
vt 0.500000 0.750000
vt 0.500000 0.250000
vt 0.500000 0.312500
vt 0.500000 0.812500
vt 0.500000 0.375000
vt 0.500000 0.875000
vt 0.500000 0.437500
vt 0.500000 0.500000
vt 0.500000 0.562500
vt 0.500000 0.125000
vt 0.500000 0.625000
vt 0.500000 0.187500
vt 0.468750 0.500000
vt 0.468750 0.562500
vt 0.468750 0.125000
vt 0.468750 0.625000
vt 0.468750 0.187500
vt 0.468750 0.687500
vt 0.468750 0.250000
vt 0.468750 0.750000
vt 0.468750 0.312500
vt 0.468750 0.812500
vt 0.468750 0.375000
vt 0.468750 0.875000
vt 0.468750 0.437500
vt 0.437500 0.750000
vt 0.437500 0.812500
vt 0.437500 0.312500
vt 0.437500 0.375000
vt 0.437500 0.875000
vt 0.437500 0.437500
vt 0.437500 0.500000
vt 0.437500 0.562500
vt 0.437500 0.125000
vt 0.437500 0.625000
vt 0.437500 0.187500
vt 0.437500 0.687500
vt 0.437500 0.250000
vt 0.406250 0.125000
vt 0.406250 0.562500
vt 0.406250 0.625000
vt 0.406250 0.187500
vt 0.406250 0.687500
vt 0.406250 0.250000
vt 0.406250 0.750000
vt 0.406250 0.312500
vt 0.406250 0.812500
vt 0.406250 0.375000
vt 0.406250 0.875000
vt 0.406250 0.437500
vt 0.406250 0.500000
vt 0.375000 0.312500
vt 0.375000 0.375000
vt 0.375000 0.812500
vt 0.375000 0.875000
vt 0.375000 0.437500
vt 0.375000 0.500000
vt 0.375000 0.562500
vt 0.375000 0.125000
vt 0.375000 0.625000
vt 0.375000 0.187500
vt 0.375000 0.687500
vt 0.375000 0.250000
vt 0.375000 0.750000
vt 0.343750 0.562500
vt 0.343750 0.625000
vt 0.343750 0.125000
vt 0.343750 0.187500
vt 0.343750 0.687500
vt 0.343750 0.250000
vt 0.343750 0.750000
vt 0.343750 0.312500
vt 0.343750 0.812500
vt 0.343750 0.375000
vt 0.343750 0.875000
vt 0.343750 0.437500
vt 0.343750 0.500000
vt 0.312500 0.812500
vt 0.312500 0.875000
vt 0.312500 0.375000
vt 0.312500 0.437500
vt 0.312500 0.500000
vt 0.312500 0.562500
vt 0.312500 0.125000
vt 0.312500 0.625000
vt 0.312500 0.187500
vt 0.312500 0.687500
vt 0.312500 0.250000
vt 0.312500 0.750000
vt 0.312500 0.312500
vt 0.281250 0.125000
vt 0.281250 0.187500
vt 0.281250 0.625000
vt 0.281250 0.687500
vt 0.281250 0.250000
vt 0.281250 0.750000
vt 0.281250 0.312500
vt 0.281250 0.812500
vt 0.281250 0.375000
vt 0.281250 0.875000
vt 0.281250 0.437500
vt 0.281250 0.500000
vt 0.281250 0.562500
vt 0.250000 0.375000
vt 0.250000 0.437500
vt 0.250000 0.875000
vt 0.250000 0.500000
vt 0.250000 0.562500
vt 0.250000 0.125000
vt 0.250000 0.625000
vt 0.250000 0.187500
vt 0.250000 0.687500
vt 0.250000 0.250000
vt 0.250000 0.312500
vt 0.250000 0.812500
vt 0.218750 0.625000
vt 0.218750 0.687500
vt 0.218750 0.187500
vt 0.218750 0.250000
vt 0.218750 0.750000
vt 0.218750 0.312500
vt 0.218750 0.812500
vt 0.218750 0.375000
vt 0.218750 0.875000
vt 0.218750 0.437500
vt 0.218750 0.500000
vt 0.218750 0.562500
vt 0.218750 0.125000
vt 0.187500 0.875000
vt 0.187500 0.437500
vt 0.187500 0.500000
vt 0.187500 0.562500
vt 0.187500 0.125000
vt 0.187500 0.625000
vt 0.187500 0.187500
vt 0.187500 0.687500
vt 0.187500 0.250000
vt 0.187500 0.750000
vt 0.187500 0.312500
vt 0.187500 0.812500
vt 0.187500 0.375000
vt 0.156250 0.687500
vt 0.156250 0.750000
vt 0.156250 0.250000
vt 0.156250 0.312500
vt 0.156250 0.812500
vt 0.156250 0.375000
vt 0.156250 0.875000
vt 0.156250 0.437500
vt 0.156250 0.500000
vt 0.156250 0.562500
vt 0.156250 0.125000
vt 0.156250 0.625000
vt 0.156250 0.187500
vt 0.125000 0.500000
vt 0.125000 0.562500
vt 0.125000 0.125000
vt 0.125000 0.625000
vt 0.125000 0.187500
vt 0.125000 0.687500
vt 0.125000 0.250000
vt 0.125000 0.750000
vt 0.125000 0.312500
vt 0.125000 0.812500
vt 0.125000 0.375000
vt 0.125000 0.875000
vt 0.125000 0.437500
vt 0.093750 0.250000
vt 0.093750 0.312500
vt 0.093750 0.750000
vt 0.093750 0.812500
vt 0.093750 0.375000
vt 0.093750 0.875000
vt 0.093750 0.437500
vt 0.093750 0.500000
vt 0.093750 0.562500
vt 0.093750 0.125000
vt 0.093750 0.625000
vt 0.093750 0.187500
vt 0.093750 0.687500
vt 0.062500 0.500000
vt 0.062500 0.562500
vt 0.062500 0.125000
vt 0.062500 0.625000
vt 0.062500 0.187500
vt 0.062500 0.687500
vt 0.062500 0.250000
vt 0.062500 0.750000
vt 0.062500 0.312500
vt 0.062500 0.812500
vt 0.062500 0.375000
vt 0.062500 0.875000
vt 0.062500 0.437500
vt 0.031250 0.750000
vt 0.031250 0.812500
vt 0.031250 0.312500
vt 0.031250 0.375000
vt 0.031250 0.875000
vt 0.031250 0.437500
vt 0.031250 0.500000
vt 0.031250 0.562500
vt 0.031250 0.125000
vt 0.031250 0.625000
vt 0.031250 0.187500
vt 0.031250 0.687500
vt 0.031250 0.250000
vt 0.000000 0.125000
vt 0.000000 0.562500
vt 0.000000 0.625000
vt 0.000000 0.187500
vt 0.000000 0.687500
vt 0.000000 0.250000
vt 0.000000 0.750000
vt 0.000000 0.312500
vt 0.000000 0.812500
vt 0.000000 0.375000
vt 0.000000 0.875000
vt 0.000000 0.437500
vt 0.000000 0.500000
vt 1.000000 0.375000
vt 1.000000 0.312500
vt 0.968750 0.312500
vt 0.968750 0.375000
vt 1.000000 0.875000
vt 1.000000 0.812500
vt 0.968750 0.812500
vt 0.968750 0.875000
vt 1.000000 0.437500
vt 0.968750 0.437500
vt 1.000000 0.500000
vt 0.968750 0.500000
vt 1.000000 0.562500
vt 0.968750 0.562500
vt 1.000000 0.125000
vt 0.968750 0.125000
vt 1.000000 0.625000
vt 0.968750 0.625000
vt 1.000000 0.187500
vt 0.968750 0.187500
vt 1.000000 0.687500
vt 0.968750 0.687500
vt 1.000000 0.250000
vt 0.968750 0.250000
vt 1.000000 0.750000
vt 0.968750 0.750000
vt 0.937500 0.562500
vt 0.937500 0.625000
vt 0.937500 0.125000
vt 0.937500 0.187500
vt 0.937500 0.687500
vt 0.937500 0.250000
vt 0.937500 0.750000
vt 0.937500 0.312500
vt 0.937500 0.812500
vt 0.937500 0.375000
vt 0.937500 0.875000
vt 0.937500 0.437500
vt 0.937500 0.500000
vt 0.906250 0.812500
vt 0.906250 0.875000
vt 0.906250 0.375000
vt 0.906250 0.437500
vt 0.906250 0.500000
vt 0.906250 0.562500
vt 0.906250 0.125000
vt 0.906250 0.625000
vt 0.906250 0.187500
vt 0.906250 0.687500
vt 0.906250 0.250000
vt 0.906250 0.750000
vt 0.906250 0.312500
vt 0.875000 0.625000
vt 0.875000 0.687500
vt 0.875000 0.187500
vt 0.875000 0.250000
vt 0.875000 0.750000
vt 0.875000 0.312500
vt 0.875000 0.812500
vt 0.875000 0.375000
vt 0.875000 0.875000
vt 0.875000 0.437500
vt 0.875000 0.500000
vt 0.875000 0.562500
vt 0.875000 0.125000
vt 0.843750 0.875000
vt 0.843750 0.437500
vt 0.843750 0.500000
vt 0.843750 0.562500
vt 0.843750 0.125000
vt 0.843750 0.625000
vt 0.843750 0.187500
vt 0.843750 0.687500
vt 0.843750 0.250000
vt 0.843750 0.750000
vt 0.843750 0.312500
vt 0.843750 0.812500
vt 0.843750 0.375000
vt 0.812500 0.187500
vt 0.812500 0.250000
vt 0.812500 0.687500
vt 0.812500 0.750000
vt 0.812500 0.312500
vt 0.812500 0.812500
vt 0.812500 0.375000
vt 0.812500 0.875000
vt 0.812500 0.437500
vt 0.812500 0.500000
vt 0.812500 0.562500
vt 0.812500 0.125000
vt 0.812500 0.625000
vt 0.781250 0.437500
vt 0.781250 0.500000
vt 0.781250 0.562500
vt 0.781250 0.125000
vt 0.781250 0.625000
vt 0.781250 0.187500
vt 0.781250 0.687500
vt 0.781250 0.250000
vt 0.781250 0.750000
vt 0.781250 0.312500
vt 0.781250 0.812500
vt 0.781250 0.375000
vt 0.781250 0.875000
vt 0.312117 0.518178
vt 0.916667 0.173278
vt 0.916667 0.000000
vt 0.875000 0.000000
vt 0.875000 0.173278
vt 0.833333 0.000000
vt 0.833333 0.173278
vt 0.791667 0.000000
vt 0.791667 0.173278
vt 0.750000 0.000000
vt 0.750000 0.173278
vt 0.708333 0.000000
vt 0.708333 0.173278
vt 0.666667 0.000000
vt 0.666667 0.173278
vt 0.625000 0.000000
vt 0.625000 0.173278
vt 0.583333 0.000000
vt 0.583333 0.173278
vt 0.541666 0.000000
vt 0.541667 0.173278
vt 0.500000 0.000000
vt 0.500000 0.173278
vt 0.458333 0.000000
vt 0.458333 0.173278
vt 0.416666 0.000000
vt 0.416666 0.173278
vt 0.375000 0.000000
vt 0.375000 0.173278
vt 0.333333 0.000000
vt 0.333333 0.173278
vt 0.291667 0.000000
vt 0.291667 0.173278
vt 0.250000 0.000000
vt 0.250000 0.173278
vt 0.208333 0.000000
vt 0.208333 0.173278
vt 0.166666 0.000000
vt 0.166666 0.173278
vt 0.125000 0.000000
vt 0.125000 0.173278
vt 0.083333 0.000000
vt 0.083333 0.173278
vt 0.958333 0.173278
vt 1.000000 0.173278
vt 0.958333 0.173278
vt 0.041666 0.500000
vt 0.041666 0.173278
vt -0.000000 0.173278
vt -0.000000 0.500000
vt 0.083333 0.500000
vt 0.125000 0.500000
vt 0.166666 0.500000
vt 0.208333 0.500000
vt 0.250000 0.500000
vt 0.291667 0.500000
vt 0.333333 0.500000
vt 0.375000 0.500000
vt 0.416666 0.500000
vt 0.458333 0.500000
vt 0.500000 0.500000
vt 0.541666 0.500000
vt 0.583333 0.500000
vt 0.625000 0.500000
vt 0.666667 0.500000
vt 0.708333 0.500000
vt 0.750000 0.500000
vt 0.791667 0.500000
vt 0.833333 0.500000
vt 0.875000 0.500000
vt 0.916667 0.500000
vt 0.958333 0.500000
vt 0.041666 0.173278
vt 0.916667 0.173278
vt 0.187883 0.518178
vt 0.130000 0.542154
vt 0.041666 0.173278
vt 0.312117 0.518178
vt 0.958333 0.173278
vt 0.130000 0.542154
vt 0.370000 0.542154
vt 1.000000 0.000000
vt 0.958333 0.000000
vt 0.041666 0.000000
vt -0.000000 0.000000
vt 1.000000 0.173278
vt 0.308623 0.517718
vt 0.350516 0.534083
vt 0.149484 0.534084
vt 0.191377 0.517718
vt 0.922535 0.173278
vt 0.077465 0.173278
vt 0.039963 0.173278
vt 0.960037 0.173278
vt 0.250000 0.510143
vt 0.313579 0.518784
vt 0.186421 0.518784
vt 0.000639 0.173278
vt 0.042550 0.173278
vt 0.957450 0.173278
vt 0.999360 0.173278
vt 0.250000 0.510091
vt 0.313137 0.518600
vt 0.186863 0.518600
vt 0.916667 0.011435
vt 0.083333 0.011435
vt 0.000445 0.173278
vt 0.042375 0.173278
vt 0.957624 0.173278
vt 0.999555 0.173278
vt 0.250000 0.510043
vt 0.312610 0.518382
vt 0.187390 0.518382
vt 0.916667 0.017063
vt 0.083333 0.017063
vt 0.000206 0.173278
vt 0.042002 0.173278
vt 0.957998 0.173278
vt 0.999794 0.173278
vt 0.250000 0.510013
vt 0.312265 0.518239
vt 0.187735 0.518239
vt 0.916667 0.023628
vt 0.083333 0.023628
vt 0.000049 0.173278
vt 0.041749 0.173278
vt 0.958251 0.173278
vt 0.999951 0.173278
vt 0.312081 0.518173
vt 0.369767 0.542057
vt 0.130233 0.542057
vt 0.187919 0.518173
vt 0.916756 0.173278
vt 0.916667 0.024927
vt 0.083243 0.173278
vt 0.083333 0.024927
vt 0.041639 0.173278
vt 0.958361 0.173278
s 1
usemtl Note
f 5480/2549/3294 5481/2550/3295 5482/2551/3296
f 5483/2552/3297 5484/2553/3298 5485/2554/3299
f 5482/2551/3296 5486/2555/3295 5487/2556/3300
f 5488/2557/3297 5485/2554/3299 5489/2558/3301
f 5487/2556/3300 5490/2559/3295 5491/2560/3302
f 5492/2561/3297 5489/2558/3301 5493/2562/3303
f 5491/2560/3302 5494/2563/3295 5495/2564/3304
f 5496/2565/3297 5493/2562/3303 5497/2566/3305
f 5495/2564/3304 5498/2567/3295 5499/2568/3306
f 5500/2569/3297 5497/2566/3305 5501/2570/3307
f 5499/2568/3306 5502/2571/3295 5503/2572/3308
f 5504/2573/3309 5501/2570/3307 5505/2574/3310
f 5503/2572/3308 5506/2575/3295 5507/2576/3311
f 5508/2577/3297 5505/2574/3310 5509/2578/3312
f 5507/2576/3311 5510/2579/3295 5511/2580/3313
f 5512/2581/3309 5509/2578/3312 5513/2582/3314
f 5514/2583/3309 5513/2582/3314 5515/2584/3315
f 5511/2580/3313 5516/2585/3295 5517/2586/3316
f 5517/2586/3316 5518/2587/3317 5519/2588/3318
f 5520/2589/3309 5515/2584/3315 5521/2590/3319
f 5519/2588/3318 5522/2591/3317 5523/2592/3320
f 5524/2593/3309 5521/2590/3319 5525/2594/3321
f 5523/2592/3320 5526/2595/3317 5527/2596/3322
f 5528/2597/3297 5525/2594/3321 5529/2598/3323
f 5527/2596/3322 5530/2599/3317 5531/2600/3324
f 5532/2601/3325 5529/2598/3323 5533/2602/3326
f 5531/2600/3324 5534/2603/3317 5535/2604/3327
f 5536/2605/3325 5533/2602/3326 5537/2606/3328
f 5535/2604/3327 5538/2607/3317 5539/2608/3329
f 5540/2609/3325 5537/2606/3328 5541/2610/3330
f 5539/2608/3329 5542/2611/3317 5543/2612/3331
f 5544/2613/3325 5541/2610/3330 5545/2614/3332
f 5543/2612/3331 5546/2615/3317 5547/2616/3333
f 5548/2617/3325 5545/2614/3332 5549/2618/3334
f 5547/2616/3333 5550/2619/3317 5551/2620/3335
f 5552/2621/3325 5549/2618/3334 5553/2622/3336
f 5551/2620/3335 5554/2623/3317 5555/2624/3337
f 5556/2625/3325 5553/2622/3336 5557/2626/3338
f 5555/2624/3337 5558/2627/3317 5559/2628/3339
f 5560/2629/3297 5557/2626/3338 5561/2630/3340
f 5559/2628/3339 5562/2631/3317 5563/2632/3341
f 5564/2633/3297 5561/2630/3340 5565/2634/3342
f 5563/2632/3341 5566/2635/3343 5567/2636/3344
f 5568/2637/3297 5565/2634/3342 5569/2638/3345
f 5567/2636/3344 5570/2639/3295 5571/2640/3346
f 5572/2641/3297 5569/2638/3345 5573/2642/3347
f 5571/2640/3346 5574/2643/3348 5575/2644/3349
f 5576/2645/3297 5573/2642/3347 5577/2646/3350
f 5578/2647/3351 5579/2648/3348 5580/2649/3352
f 5581/2650/3297 5582/2651/3350 5583/2652/3353
f 5580/2649/3352 5584/2653/3295 5585/2654/3354
f 5586/2655/3297 5583/2652/3353 5587/2656/3355
f 5585/2654/3354 5588/2657/3295 5589/2658/3356
f 5590/2659/3297 5587/2656/3355 5591/2660/3357
f 5589/2658/3356 5592/2661/3348 5593/2662/3358
f 5594/2663/3359 5591/2660/3357 5595/2664/3360
f 5593/2662/3358 5596/2665/3295 5597/2666/3361
f 5598/2667/3297 5595/2664/3360 5599/2668/3362
f 5597/2666/3361 5600/2669/3295 5601/2670/3363
f 5602/2671/3359 5599/2668/3362 5603/2672/3364
f 5601/2670/3363 5604/2673/3295 5605/2674/3365
f 5606/2675/3297 5603/2672/3364 5607/2676/3366
f 5605/2674/3365 5608/2677/3295 5480/2549/3294
f 5609/2678/3297 5607/2676/3366 5484/2553/3298
s 0
f 5610/2679/3367 5611/2680/3367 5612/2681/3367
f 5613/2682/3368 5614/2683/3368 5615/2684/3368
f 5616/2679/3367 5617/2681/3367 5618/2685/3367
f 5619/2682/3368 5620/2686/3368 5621/2683/3368
f 5622/2679/3367 5623/2685/3367 5624/2687/3367
f 5625/2682/3368 5626/2688/3368 5627/2686/3368
f 5628/2679/3367 5629/2687/3367 5630/2689/3367
f 5631/2682/3368 5632/2690/3368 5633/2688/3368
f 5634/2679/3367 5635/2689/3367 5636/2691/3367
f 5637/2682/3368 5638/2692/3368 5639/2690/3368
f 5634/2679/3367 5636/2691/3367 5640/2693/3367
f 5631/2682/3368 5641/2694/3368 5642/2692/3368
f 5634/2679/3367 5640/2693/3367 5643/2695/3367
f 5631/2682/3368 5644/2696/3368 5641/2694/3368
f 5634/2679/3367 5643/2695/3367 5645/2697/3367
f 5646/2682/3368 5647/2698/3368 5648/2696/3368
f 5649/2679/3367 5650/2697/3367 5651/2699/3367
f 5631/2682/3368 5652/2700/3368 5653/2698/3368
f 5654/2679/3367 5655/2699/3367 5656/2701/3367
f 5657/2682/3368 5658/2702/3368 5659/2700/3368
f 5660/2679/3367 5661/2701/3367 5662/2703/3367
f 5663/2682/3368 5664/2704/3368 5665/2702/3368
f 5666/2679/3367 5667/2703/3367 5668/2705/3367
f 5669/2682/3368 5670/2706/3368 5671/2704/3368
f 5672/2679/3367 5673/2705/3367 5674/2707/3367
f 5675/2682/3368 5676/2708/3368 5677/2706/3368
f 5678/2679/3367 5679/2707/3367 5680/2709/3367
f 5681/2682/3368 5682/2710/3368 5683/2708/3368
f 5684/2679/3367 5685/2709/3367 5686/2711/3367
f 5687/2682/3368 5688/2712/3368 5689/2710/3368
f 5690/2679/3367 5691/2711/3367 5692/2713/3367
f 5631/2682/3368 5693/2714/3368 5694/2712/3368
f 5634/2679/3367 5695/2713/3367 5696/2715/3367
f 5697/2682/3368 5698/2716/3368 5699/2714/3368
f 5634/2679/3367 5696/2715/3367 5700/2717/3367
f 5631/2682/3368 5701/2718/3368 5702/2716/3368
f 5634/2679/3367 5700/2717/3367 5703/2719/3367
f 5631/2682/3368 5704/2720/3368 5701/2718/3368
f 5634/2679/3367 5703/2719/3367 5705/2721/3367
f 5706/2682/3368 5707/2722/3368 5708/2720/3368
f 5709/2679/3367 5710/2721/3367 5711/2723/3367
f 5631/2682/3368 5712/2724/3368 5713/2722/3368
f 5714/2679/3367 5715/2723/3367 5716/2725/3367
f 5717/2682/3368 5718/2726/3368 5719/2724/3368
f 5720/2679/3367 5721/2725/3367 5722/2727/3367
f 5723/2682/3368 5724/2728/3368 5725/2726/3368
f 5726/2679/3367 5727/2727/3367 5728/2680/3367
f 5729/2682/3368 5730/2684/3368 5731/2728/3368
s 1
f 5732/2729/3369 5733/2730/3370 5734/2731/3371
f 5732/2729/3369 5734/2731/3371 5735/2732/3372
f 5736/2733/3373 5737/2734/3374 5738/2735/3375
f 5736/2733/3373 5738/2735/3375 5739/2736/3376
f 5740/2737/3377 5732/2729/3369 5735/2732/3372
f 5740/2737/3377 5735/2732/3372 5741/2738/3378
f 5742/2739/3379 5736/2733/3373 5739/2736/3376
f 5742/2739/3379 5739/2736/3376 5743/2740/3380
f 5744/2741/3381 5740/2737/3377 5741/2738/3378
f 5744/2741/3381 5741/2738/3378 5745/2742/3382
f 5746/2743/3383 5742/2739/3379 5743/2740/3380
f 5746/2743/3383 5743/2740/3380 5747/2744/3384
f 5748/2745/3385 5744/2741/3381 5745/2742/3382
f 5748/2745/3385 5745/2742/3382 5749/2746/3386
f 5484/2553/3298 5746/2743/3383 5747/2744/3384
f 5484/2553/3298 5747/2744/3384 5485/2554/3299
f 5750/2747/3387 5748/2745/3385 5749/2746/3386
f 5750/2747/3387 5749/2746/3386 5751/2748/3388
f 5752/2749/3389 5750/2747/3387 5751/2748/3388
f 5752/2749/3389 5751/2748/3388 5753/2750/3390
f 5754/2751/3391 5480/2549/3294 5482/2551/3296
f 5754/2751/3391 5482/2551/3296 5755/2752/3392
f 5756/2753/3393 5752/2749/3389 5753/2750/3390
f 5756/2753/3393 5753/2750/3390 5757/2754/3394
f 5733/2730/3370 5754/2751/3391 5755/2752/3392
f 5733/2730/3370 5755/2752/3392 5734/2731/3371
f 5737/2734/3374 5756/2753/3393 5757/2754/3394
f 5737/2734/3374 5757/2754/3394 5738/2735/3375
f 5734/2731/3371 5755/2752/3392 5758/2755/3395
f 5734/2731/3371 5758/2755/3395 5759/2756/3396
f 5738/2735/3375 5757/2754/3394 5760/2757/3397
f 5738/2735/3375 5760/2757/3397 5761/2758/3398
f 5735/2732/3372 5734/2731/3371 5759/2756/3396
f 5735/2732/3372 5759/2756/3396 5762/2759/3399
f 5739/2736/3376 5738/2735/3375 5761/2758/3398
f 5739/2736/3376 5761/2758/3398 5763/2760/3400
f 5741/2738/3378 5735/2732/3372 5762/2759/3399
f 5741/2738/3378 5762/2759/3399 5764/2761/3401
f 5743/2740/3380 5739/2736/3376 5763/2760/3400
f 5743/2740/3380 5763/2760/3400 5765/2762/3402
f 5745/2742/3382 5741/2738/3378 5764/2761/3401
f 5745/2742/3382 5764/2761/3401 5766/2763/3403
f 5747/2744/3384 5743/2740/3380 5765/2762/3402
f 5747/2744/3384 5765/2762/3402 5767/2764/3404
f 5749/2746/3386 5745/2742/3382 5766/2763/3403
f 5749/2746/3386 5766/2763/3403 5768/2765/3405
f 5485/2554/3299 5747/2744/3384 5767/2764/3404
f 5485/2554/3299 5767/2764/3404 5489/2558/3301
f 5751/2748/3388 5749/2746/3386 5768/2765/3405
f 5751/2748/3388 5768/2765/3405 5769/2766/3406
f 5753/2750/3390 5751/2748/3388 5769/2766/3406
f 5753/2750/3390 5769/2766/3406 5770/2767/3407
f 5755/2752/3392 5482/2551/3296 5487/2556/3300
f 5755/2752/3392 5487/2556/3300 5758/2755/3395
f 5757/2754/3394 5753/2750/3390 5770/2767/3407
f 5757/2754/3394 5770/2767/3407 5760/2757/3397
f 5768/2765/3405 5766/2763/3403 5771/2768/3408
f 5768/2765/3405 5771/2768/3408 5772/2769/3409
f 5489/2558/3301 5767/2764/3404 5773/2770/3410
f 5489/2558/3301 5773/2770/3410 5493/2562/3303
f 5769/2766/3406 5768/2765/3405 5772/2769/3409
f 5769/2766/3406 5772/2769/3409 5774/2771/3411
f 5770/2767/3407 5769/2766/3406 5774/2771/3411
f 5770/2767/3407 5774/2771/3411 5775/2772/3412
f 5758/2755/3395 5487/2556/3300 5491/2560/3302
f 5758/2755/3395 5491/2560/3302 5776/2773/3413
f 5760/2757/3397 5770/2767/3407 5775/2772/3412
f 5760/2757/3397 5775/2772/3412 5777/2774/3414
f 5759/2756/3396 5758/2755/3395 5776/2773/3413
f 5759/2756/3396 5776/2773/3413 5778/2775/3415
f 5761/2758/3398 5760/2757/3397 5777/2774/3414
f 5761/2758/3398 5777/2774/3414 5779/2776/3416
f 5762/2759/3399 5759/2756/3396 5778/2775/3415
f 5762/2759/3399 5778/2775/3415 5780/2777/3417
f 5763/2760/3400 5761/2758/3398 5779/2776/3416
f 5763/2760/3400 5779/2776/3416 5781/2778/3418
f 5764/2761/3401 5762/2759/3399 5780/2777/3417
f 5764/2761/3401 5780/2777/3417 5782/2779/3419
f 5765/2762/3402 5763/2760/3400 5781/2778/3418
f 5765/2762/3402 5781/2778/3418 5783/2780/3420
f 5766/2763/3403 5764/2761/3401 5782/2779/3419
f 5766/2763/3403 5782/2779/3419 5771/2768/3408
f 5767/2764/3404 5765/2762/3402 5783/2780/3420
f 5767/2764/3404 5783/2780/3420 5773/2770/3410
f 5779/2776/3416 5777/2774/3414 5784/2781/3421
f 5779/2776/3416 5784/2781/3421 5785/2782/3422
f 5780/2777/3417 5778/2775/3415 5786/2783/3423
f 5780/2777/3417 5786/2783/3423 5787/2784/3424
f 5781/2778/3418 5779/2776/3416 5785/2782/3422
f 5781/2778/3418 5785/2782/3422 5788/2785/3425
f 5782/2779/3419 5780/2777/3417 5787/2784/3424
f 5782/2779/3419 5787/2784/3424 5789/2786/3426
f 5783/2780/3420 5781/2778/3418 5788/2785/3425
f 5783/2780/3420 5788/2785/3425 5790/2787/3427
f 5771/2768/3408 5782/2779/3419 5789/2786/3426
f 5771/2768/3408 5789/2786/3426 5791/2788/3428
f 5773/2770/3410 5783/2780/3420 5790/2787/3427
f 5773/2770/3410 5790/2787/3427 5792/2789/3429
f 5772/2769/3409 5771/2768/3408 5791/2788/3428
f 5772/2769/3409 5791/2788/3428 5793/2790/3430
f 5493/2562/3303 5773/2770/3410 5792/2789/3429
f 5493/2562/3303 5792/2789/3429 5497/2566/3305
f 5774/2771/3411 5772/2769/3409 5793/2790/3430
f 5774/2771/3411 5793/2790/3430 5794/2791/3431
f 5775/2772/3412 5774/2771/3411 5794/2791/3431
f 5775/2772/3412 5794/2791/3431 5795/2792/3432
f 5776/2773/3413 5491/2560/3302 5495/2564/3304
f 5776/2773/3413 5495/2564/3304 5796/2793/3433
f 5777/2774/3414 5775/2772/3412 5795/2792/3432
f 5777/2774/3414 5795/2792/3432 5784/2781/3421
f 5778/2775/3415 5776/2773/3413 5796/2793/3433
f 5778/2775/3415 5796/2793/3433 5786/2783/3423
f 5497/2566/3305 5792/2789/3429 5797/2794/3434
f 5497/2566/3305 5797/2794/3434 5501/2570/3307
f 5794/2791/3431 5793/2790/3430 5798/2795/3435
f 5794/2791/3431 5798/2795/3435 5799/2796/3436
f 5795/2792/3432 5794/2791/3431 5799/2796/3436
f 5795/2792/3432 5799/2796/3436 5800/2797/3437
f 5796/2793/3433 5495/2564/3304 5499/2568/3306
f 5796/2793/3433 5499/2568/3306 5801/2798/3438
f 5784/2781/3421 5795/2792/3432 5800/2797/3437
f 5784/2781/3421 5800/2797/3437 5802/2799/3439
f 5786/2783/3423 5796/2793/3433 5801/2798/3438
f 5786/2783/3423 5801/2798/3438 5803/2800/3440
f 5785/2782/3422 5784/2781/3421 5802/2799/3439
f 5785/2782/3422 5802/2799/3439 5804/2801/3441
f 5787/2784/3424 5786/2783/3423 5803/2800/3440
f 5787/2784/3424 5803/2800/3440 5805/2802/3442
f 5788/2785/3425 5785/2782/3422 5804/2801/3441
f 5788/2785/3425 5804/2801/3441 5806/2803/3443
f 5789/2786/3426 5787/2784/3424 5805/2802/3442
f 5789/2786/3426 5805/2802/3442 5807/2804/3444
f 5790/2787/3427 5788/2785/3425 5806/2803/3443
f 5790/2787/3427 5806/2803/3443 5808/2805/3445
f 5791/2788/3428 5789/2786/3426 5807/2804/3444
f 5791/2788/3428 5807/2804/3444 5809/2806/3446
f 5792/2789/3429 5790/2787/3427 5808/2805/3445
f 5792/2789/3429 5808/2805/3445 5797/2794/3434
f 5793/2790/3430 5791/2788/3428 5809/2806/3446
f 5793/2790/3430 5809/2806/3446 5798/2795/3435
f 5805/2802/3442 5803/2800/3440 5810/2807/3447
f 5805/2802/3442 5810/2807/3447 5811/2808/3448
f 5806/2803/3443 5804/2801/3441 5812/2809/3449
f 5806/2803/3443 5812/2809/3449 5813/2810/3450
f 5807/2804/3444 5805/2802/3442 5811/2808/3448
f 5807/2804/3444 5811/2808/3448 5814/2811/3451
f 5808/2805/3445 5806/2803/3443 5813/2810/3450
f 5808/2805/3445 5813/2810/3450 5815/2812/3452
f 5809/2806/3446 5807/2804/3444 5814/2811/3451
f 5809/2806/3446 5814/2811/3451 5816/2813/3453
f 5797/2794/3434 5808/2805/3445 5815/2812/3452
f 5797/2794/3434 5815/2812/3452 5817/2814/3454
f 5798/2795/3435 5809/2806/3446 5816/2813/3453
f 5798/2795/3435 5816/2813/3453 5818/2815/3455
f 5501/2570/3307 5797/2794/3434 5817/2814/3454
f 5501/2570/3307 5817/2814/3454 5505/2574/3310
f 5799/2796/3436 5798/2795/3435 5818/2815/3455
f 5799/2796/3436 5818/2815/3455 5819/2816/3456
f 5800/2797/3437 5799/2796/3436 5819/2816/3456
f 5800/2797/3437 5819/2816/3456 5820/2817/3457
f 5801/2798/3438 5499/2568/3306 5503/2572/3308
f 5801/2798/3438 5503/2572/3308 5821/2818/3458
f 5802/2799/3439 5800/2797/3437 5820/2817/3457
f 5802/2799/3439 5820/2817/3457 5822/2819/3459
f 5803/2800/3440 5801/2798/3438 5821/2818/3458
f 5803/2800/3440 5821/2818/3458 5810/2807/3447
f 5804/2801/3441 5802/2799/3439 5822/2819/3459
f 5804/2801/3441 5822/2819/3459 5812/2809/3449
f 5819/2816/3456 5818/2815/3455 5823/2820/3460
f 5819/2816/3456 5823/2820/3460 5824/2821/3461
f 5820/2817/3457 5819/2816/3456 5824/2821/3461
f 5820/2817/3457 5824/2821/3461 5825/2822/3462
f 5821/2818/3458 5503/2572/3308 5507/2576/3311
f 5821/2818/3458 5507/2576/3311 5826/2823/3463
f 5822/2819/3459 5820/2817/3457 5825/2822/3462
f 5822/2819/3459 5825/2822/3462 5827/2824/3464
f 5810/2807/3447 5821/2818/3458 5826/2823/3463
f 5810/2807/3447 5826/2823/3463 5828/2825/3465
f 5812/2809/3449 5822/2819/3459 5827/2824/3464
f 5812/2809/3449 5827/2824/3464 5829/2826/3466
f 5811/2808/3448 5810/2807/3447 5828/2825/3465
f 5811/2808/3448 5828/2825/3465 5830/2827/3467
f 5813/2810/3450 5812/2809/3449 5829/2826/3466
f 5813/2810/3450 5829/2826/3466 5831/2828/3468
f 5814/2811/3451 5811/2808/3448 5830/2827/3467
f 5814/2811/3451 5830/2827/3467 5832/2829/3469
f 5815/2812/3452 5813/2810/3450 5831/2828/3468
f 5815/2812/3452 5831/2828/3468 5833/2830/3470
f 5816/2813/3453 5814/2811/3451 5832/2829/3469
f 5816/2813/3453 5832/2829/3469 5834/2831/3471
f 5817/2814/3454 5815/2812/3452 5833/2830/3470
f 5817/2814/3454 5833/2830/3470 5835/2832/3472
f 5818/2815/3455 5816/2813/3453 5834/2831/3471
f 5818/2815/3455 5834/2831/3471 5823/2820/3460
f 5505/2574/3310 5817/2814/3454 5835/2832/3472
f 5505/2574/3310 5835/2832/3472 5509/2578/3312
f 5831/2828/3468 5829/2826/3466 5836/2833/3473
f 5831/2828/3468 5836/2833/3473 5837/2834/3474
f 5832/2829/3469 5830/2827/3467 5838/2835/3475
f 5832/2829/3469 5838/2835/3475 5839/2836/3476
f 5833/2830/3470 5831/2828/3468 5837/2834/3474
f 5833/2830/3470 5837/2834/3474 5840/2837/3477
f 5834/2831/3471 5832/2829/3469 5839/2836/3476
f 5834/2831/3471 5839/2836/3476 5841/2838/3478
f 5835/2832/3472 5833/2830/3470 5840/2837/3477
f 5835/2832/3472 5840/2837/3477 5842/2839/3479
f 5823/2820/3460 5834/2831/3471 5841/2838/3478
f 5823/2820/3460 5841/2838/3478 5843/2840/3480
f 5509/2578/3312 5835/2832/3472 5842/2839/3479
f 5509/2578/3312 5842/2839/3479 5513/2582/3314
f 5824/2821/3461 5823/2820/3460 5843/2840/3480
f 5824/2821/3461 5843/2840/3480 5844/2841/3481
f 5825/2822/3462 5824/2821/3461 5844/2841/3481
f 5825/2822/3462 5844/2841/3481 5845/2842/3482
f 5826/2823/3463 5507/2576/3311 5511/2580/3313
f 5826/2823/3463 5511/2580/3313 5846/2843/3483
f 5827/2824/3464 5825/2822/3462 5845/2842/3482
f 5827/2824/3464 5845/2842/3482 5847/2844/3484
f 5828/2825/3465 5826/2823/3463 5846/2843/3483
f 5828/2825/3465 5846/2843/3483 5848/2845/3485
f 5829/2826/3466 5827/2824/3464 5847/2844/3484
f 5829/2826/3466 5847/2844/3484 5836/2833/3473
f 5830/2827/3467 5828/2825/3465 5848/2845/3485
f 5830/2827/3467 5848/2845/3485 5838/2835/3475
f 5845/2842/3482 5844/2841/3481 5849/2846/3486
f 5845/2842/3482 5849/2846/3486 5850/2847/3487
f 5846/2843/3483 5511/2580/3313 5517/2586/3316
f 5846/2843/3483 5517/2586/3316 5851/2848/3488
f 5847/2844/3484 5845/2842/3482 5850/2847/3487
f 5847/2844/3484 5850/2847/3487 5852/2849/3489
f 5848/2845/3485 5846/2843/3483 5851/2848/3488
f 5848/2845/3485 5851/2848/3488 5853/2850/3490
f 5836/2833/3473 5847/2844/3484 5852/2849/3489
f 5836/2833/3473 5852/2849/3489 5854/2851/3491
f 5838/2835/3475 5848/2845/3485 5853/2850/3490
f 5838/2835/3475 5853/2850/3490 5855/2852/3492
f 5837/2834/3474 5836/2833/3473 5854/2851/3491
f 5837/2834/3474 5854/2851/3491 5856/2853/3493
f 5839/2836/3476 5838/2835/3475 5855/2852/3492
f 5839/2836/3476 5855/2852/3492 5857/2854/3494
f 5840/2837/3477 5837/2834/3474 5856/2853/3493
f 5840/2837/3477 5856/2853/3493 5858/2855/3495
f 5841/2838/3478 5839/2836/3476 5857/2854/3494
f 5841/2838/3478 5857/2854/3494 5859/2856/3496
f 5842/2839/3479 5840/2837/3477 5858/2855/3495
f 5842/2839/3479 5858/2855/3495 5860/2857/3497
f 5843/2840/3480 5841/2838/3478 5859/2856/3496
f 5843/2840/3480 5859/2856/3496 5861/2858/3498
f 5513/2582/3314 5842/2839/3479 5860/2857/3497
f 5513/2582/3314 5860/2857/3497 5515/2584/3315
f 5844/2841/3481 5843/2840/3480 5861/2858/3498
f 5844/2841/3481 5861/2858/3498 5849/2846/3486
f 5858/2855/3495 5856/2853/3493 5862/2859/3499
f 5858/2855/3495 5862/2859/3499 5863/2860/3500
f 5859/2856/3496 5857/2854/3494 5864/2861/3501
f 5859/2856/3496 5864/2861/3501 5865/2862/3502
f 5860/2857/3497 5858/2855/3495 5863/2860/3500
f 5860/2857/3497 5863/2860/3500 5866/2863/3503
f 5861/2858/3498 5859/2856/3496 5865/2862/3502
f 5861/2858/3498 5865/2862/3502 5867/2864/3504
f 5515/2584/3315 5860/2857/3497 5866/2863/3503
f 5515/2584/3315 5866/2863/3503 5521/2590/3319
f 5849/2846/3486 5861/2858/3498 5867/2864/3504
f 5849/2846/3486 5867/2864/3504 5868/2865/3505
f 5850/2847/3487 5849/2846/3486 5868/2865/3505
f 5850/2847/3487 5868/2865/3505 5869/2866/3506
f 5851/2848/3488 5517/2586/3316 5519/2588/3318
f 5851/2848/3488 5519/2588/3318 5870/2867/3507
f 5852/2849/3489 5850/2847/3487 5869/2866/3506
f 5852/2849/3489 5869/2866/3506 5871/2868/3508
f 5853/2850/3490 5851/2848/3488 5870/2867/3507
f 5853/2850/3490 5870/2867/3507 5872/2869/3509
f 5854/2851/3491 5852/2849/3489 5871/2868/3508
f 5854/2851/3491 5871/2868/3508 5873/2870/3510
f 5855/2852/3492 5853/2850/3490 5872/2869/3509
f 5855/2852/3492 5872/2869/3509 5874/2871/3511
f 5856/2853/3493 5854/2851/3491 5873/2870/3510
f 5856/2853/3493 5873/2870/3510 5862/2859/3499
f 5857/2854/3494 5855/2852/3492 5874/2871/3511
f 5857/2854/3494 5874/2871/3511 5864/2861/3501
f 5870/2867/3507 5519/2588/3318 5523/2592/3320
f 5870/2867/3507 5523/2592/3320 5875/2872/3512
f 5871/2868/3508 5869/2866/3506 5876/2873/3513
f 5871/2868/3508 5876/2873/3513 5877/2874/3514
f 5872/2869/3509 5870/2867/3507 5875/2872/3512
f 5872/2869/3509 5875/2872/3512 5878/2875/3515
f 5873/2870/3510 5871/2868/3508 5877/2874/3514
f 5873/2870/3510 5877/2874/3514 5879/2876/3516
f 5874/2871/3511 5872/2869/3509 5878/2875/3515
f 5874/2871/3511 5878/2875/3515 5880/2877/3517
f 5862/2859/3499 5873/2870/3510 5879/2876/3516
f 5862/2859/3499 5879/2876/3516 5881/2878/3518
f 5864/2861/3501 5874/2871/3511 5880/2877/3517
f 5864/2861/3501 5880/2877/3517 5882/2879/3519
f 5863/2860/3500 5862/2859/3499 5881/2878/3518
f 5863/2860/3500 5881/2878/3518 5883/2880/3520
f 5865/2862/3502 5864/2861/3501 5882/2879/3519
f 5865/2862/3502 5882/2879/3519 5884/2881/3521
f 5866/2863/3503 5863/2860/3500 5883/2880/3520
f 5866/2863/3503 5883/2880/3520 5885/2882/3522
f 5867/2864/3504 5865/2862/3502 5884/2881/3521
f 5867/2864/3504 5884/2881/3521 5886/2883/3523
f 5521/2590/3319 5866/2863/3503 5885/2882/3522
f 5521/2590/3319 5885/2882/3522 5525/2594/3321
f 5868/2865/3505 5867/2864/3504 5886/2883/3523
f 5868/2865/3505 5886/2883/3523 5887/2884/3524
f 5869/2866/3506 5868/2865/3505 5887/2884/3524
f 5869/2866/3506 5887/2884/3524 5876/2873/3513
f 5884/2881/3521 5882/2879/3519 5888/2885/3525
f 5884/2881/3521 5888/2885/3525 5889/2886/3526
f 5885/2882/3522 5883/2880/3520 5890/2887/3527
f 5885/2882/3522 5890/2887/3527 5891/2888/3528
f 5886/2883/3523 5884/2881/3521 5889/2886/3526
f 5886/2883/3523 5889/2886/3526 5892/2889/3529
f 5525/2594/3321 5885/2882/3522 5891/2888/3528
f 5525/2594/3321 5891/2888/3528 5529/2598/3323
f 5887/2884/3524 5886/2883/3523 5892/2889/3529
f 5887/2884/3524 5892/2889/3529 5893/2890/3530
f 5876/2873/3513 5887/2884/3524 5893/2890/3530
f 5876/2873/3513 5893/2890/3530 5894/2891/3531
f 5875/2872/3512 5523/2592/3320 5527/2596/3322
f 5875/2872/3512 5527/2596/3322 5895/2892/3532
f 5877/2874/3514 5876/2873/3513 5894/2891/3531
f 5877/2874/3514 5894/2891/3531 5896/2893/3533
f 5878/2875/3515 5875/2872/3512 5895/2892/3532
f 5878/2875/3515 5895/2892/3532 5897/2894/3534
f 5879/2876/3516 5877/2874/3514 5896/2893/3533
f 5879/2876/3516 5896/2893/3533 5898/2895/3535
f 5880/2877/3517 5878/2875/3515 5897/2894/3534
f 5880/2877/3517 5897/2894/3534 5899/2896/3536
f 5881/2878/3518 5879/2876/3516 5898/2895/3535
f 5881/2878/3518 5898/2895/3535 5900/2897/3537
f 5882/2879/3519 5880/2877/3517 5899/2896/3536
f 5882/2879/3519 5899/2896/3536 5888/2885/3525
f 5883/2880/3520 5881/2878/3518 5900/2897/3537
f 5883/2880/3520 5900/2897/3537 5890/2887/3527
f 5896/2893/3533 5894/2891/3531 5901/2898/3538
f 5896/2893/3533 5901/2898/3538 5902/2899/3539
f 5897/2894/3534 5895/2892/3532 5903/2900/3540
f 5897/2894/3534 5903/2900/3540 5904/2901/3541
f 5898/2895/3535 5896/2893/3533 5902/2899/3539
f 5898/2895/3535 5902/2899/3539 5905/2902/3542
f 5899/2896/3536 5897/2894/3534 5904/2901/3541
f 5899/2896/3536 5904/2901/3541 5906/2903/3543
f 5900/2897/3537 5898/2895/3535 5905/2902/3542
f 5900/2897/3537 5905/2902/3542 5907/2904/3544
f 5888/2885/3525 5899/2896/3536 5906/2903/3543
f 5888/2885/3525 5906/2903/3543 5908/2905/3545
f 5890/2887/3527 5900/2897/3537 5907/2904/3544
f 5890/2887/3527 5907/2904/3544 5909/2906/3546
f 5889/2886/3526 5888/2885/3525 5908/2905/3545
f 5889/2886/3526 5908/2905/3545 5910/2907/3547
f 5891/2888/3528 5890/2887/3527 5909/2906/3546
f 5891/2888/3528 5909/2906/3546 5911/2908/3548
f 5892/2889/3529 5889/2886/3526 5910/2907/3547
f 5892/2889/3529 5910/2907/3547 5912/2909/3549
f 5529/2598/3323 5891/2888/3528 5911/2908/3548
f 5529/2598/3323 5911/2908/3548 5533/2602/3326
f 5893/2890/3530 5892/2889/3529 5912/2909/3549
f 5893/2890/3530 5912/2909/3549 5913/2910/3550
f 5894/2891/3531 5893/2890/3530 5913/2910/3550
f 5894/2891/3531 5913/2910/3550 5901/2898/3538
f 5895/2892/3532 5527/2596/3322 5531/2600/3324
f 5895/2892/3532 5531/2600/3324 5903/2900/3540
f 5911/2908/3548 5909/2906/3546 5914/2911/3551
f 5911/2908/3548 5914/2911/3551 5915/2912/3552
f 5912/2909/3549 5910/2907/3547 5916/2913/3553
f 5912/2909/3549 5916/2913/3553 5917/2914/3554
f 5533/2602/3326 5911/2908/3548 5915/2912/3552
f 5533/2602/3326 5915/2912/3552 5537/2606/3328
f 5913/2910/3550 5912/2909/3549 5917/2914/3554
f 5913/2910/3550 5917/2914/3554 5918/2915/3555
f 5901/2898/3538 5913/2910/3550 5918/2915/3555
f 5901/2898/3538 5918/2915/3555 5919/2916/3556
f 5903/2900/3540 5531/2600/3324 5535/2604/3327
f 5903/2900/3540 5535/2604/3327 5920/2917/3557
f 5902/2899/3539 5901/2898/3538 5919/2916/3556
f 5902/2899/3539 5919/2916/3556 5921/2918/3558
f 5904/2901/3541 5903/2900/3540 5920/2917/3557
f 5904/2901/3541 5920/2917/3557 5922/2919/3559
f 5905/2902/3542 5902/2899/3539 5921/2918/3558
f 5905/2902/3542 5921/2918/3558 5923/2920/3560
f 5906/2903/3543 5904/2901/3541 5922/2919/3559
f 5906/2903/3543 5922/2919/3559 5924/2921/3561
f 5907/2904/3544 5905/2902/3542 5923/2920/3560
f 5907/2904/3544 5923/2920/3560 5925/2922/3562
f 5908/2905/3545 5906/2903/3543 5924/2921/3561
f 5908/2905/3545 5924/2921/3561 5926/2923/3563
f 5909/2906/3546 5907/2904/3544 5925/2922/3562
f 5909/2906/3546 5925/2922/3562 5914/2911/3551
f 5910/2907/3547 5908/2905/3545 5926/2923/3563
f 5910/2907/3547 5926/2923/3563 5916/2913/3553
f 5922/2919/3559 5920/2917/3557 5927/2924/3564
f 5922/2919/3559 5927/2924/3564 5928/2925/3565
f 5923/2920/3560 5921/2918/3558 5929/2926/3566
f 5923/2920/3560 5929/2926/3566 5930/2927/3567
f 5924/2921/3561 5922/2919/3559 5928/2925/3565
f 5924/2921/3561 5928/2925/3565 5931/2928/3568
f 5925/2922/3562 5923/2920/3560 5930/2927/3567
f 5925/2922/3562 5930/2927/3567 5932/2929/3569
f 5926/2923/3563 5924/2921/3561 5931/2928/3568
f 5926/2923/3563 5931/2928/3568 5933/2930/3570
f 5914/2911/3551 5925/2922/3562 5932/2929/3569
f 5914/2911/3551 5932/2929/3569 5934/2931/3571
f 5916/2913/3553 5926/2923/3563 5933/2930/3570
f 5916/2913/3553 5933/2930/3570 5935/2932/3572
f 5915/2912/3552 5914/2911/3551 5934/2931/3571
f 5915/2912/3552 5934/2931/3571 5936/2933/3573
f 5917/2914/3554 5916/2913/3553 5935/2932/3572
f 5917/2914/3554 5935/2932/3572 5937/2934/3574
f 5537/2606/3328 5915/2912/3552 5936/2933/3573
f 5537/2606/3328 5936/2933/3573 5541/2610/3330
f 5918/2915/3555 5917/2914/3554 5937/2934/3574
f 5918/2915/3555 5937/2934/3574 5938/2935/3575
f 5919/2916/3556 5918/2915/3555 5938/2935/3575
f 5919/2916/3556 5938/2935/3575 5939/2936/3576
f 5920/2917/3557 5535/2604/3327 5539/2608/3329
f 5920/2917/3557 5539/2608/3329 5927/2924/3564
f 5921/2918/3558 5919/2916/3556 5939/2936/3576
f 5921/2918/3558 5939/2936/3576 5929/2926/3566
f 5937/2934/3574 5935/2932/3572 5940/2937/3577
f 5937/2934/3574 5940/2937/3577 5941/2938/3578
f 5541/2610/3330 5936/2933/3573 5942/2939/3579
f 5541/2610/3330 5942/2939/3579 5545/2614/3332
f 5938/2935/3575 5937/2934/3574 5941/2938/3578
f 5938/2935/3575 5941/2938/3578 5943/2940/3580
f 5939/2936/3576 5938/2935/3575 5943/2940/3580
f 5939/2936/3576 5943/2940/3580 5944/2941/3581
f 5927/2924/3564 5539/2608/3329 5543/2612/3331
f 5927/2924/3564 5543/2612/3331 5945/2942/3582
f 5929/2926/3566 5939/2936/3576 5944/2941/3581
f 5929/2926/3566 5944/2941/3581 5946/2943/3583
f 5928/2925/3565 5927/2924/3564 5945/2942/3582
f 5928/2925/3565 5945/2942/3582 5947/2944/3584
f 5930/2927/3567 5929/2926/3566 5946/2943/3583
f 5930/2927/3567 5946/2943/3583 5948/2945/3585
f 5931/2928/3568 5928/2925/3565 5947/2944/3584
f 5931/2928/3568 5947/2944/3584 5949/2946/3586
f 5932/2929/3569 5930/2927/3567 5948/2945/3585
f 5932/2929/3569 5948/2945/3585 5950/2682/3587
f 5933/2930/3570 5931/2928/3568 5949/2946/3586
f 5933/2930/3570 5949/2946/3586 5951/2947/3588
f 5934/2931/3571 5932/2929/3569 5950/2682/3587
f 5934/2931/3571 5950/2682/3587 5952/2948/3589
f 5935/2932/3572 5933/2930/3570 5951/2947/3588
f 5935/2932/3572 5951/2947/3588 5940/2937/3577
f 5936/2933/3573 5934/2931/3571 5952/2948/3589
f 5936/2933/3573 5952/2948/3589 5942/2939/3579
f 5948/2945/3585 5946/2943/3583 5953/2949/3590
f 5948/2945/3585 5953/2949/3590 5954/2950/3591
f 5949/2946/3586 5947/2944/3584 5955/2951/3592
f 5949/2946/3586 5955/2951/3592 5956/2952/3593
f 5950/2682/3587 5948/2945/3585 5954/2950/3591
f 5950/2682/3587 5954/2950/3591 5957/2953/3594
f 5951/2947/3588 5949/2946/3586 5956/2952/3593
f 5951/2947/3588 5956/2952/3593 5958/2954/3595
f 5952/2948/3589 5950/2682/3587 5957/2953/3594
f 5952/2948/3589 5957/2953/3594 5959/2955/3596
f 5940/2937/3577 5951/2947/3588 5958/2954/3595
f 5940/2937/3577 5958/2954/3595 5960/2956/3597
f 5942/2939/3579 5952/2948/3589 5959/2955/3596
f 5942/2939/3579 5959/2955/3596 5961/2957/3598
f 5941/2938/3578 5940/2937/3577 5960/2956/3597
f 5941/2938/3578 5960/2956/3597 5962/2958/3599
f 5545/2614/3332 5942/2939/3579 5961/2957/3598
f 5545/2614/3332 5961/2957/3598 5549/2618/3334
f 5943/2940/3580 5941/2938/3578 5962/2958/3599
f 5943/2940/3580 5962/2958/3599 5963/2959/3600
f 5944/2941/3581 5943/2940/3580 5963/2959/3600
f 5944/2941/3581 5963/2959/3600 5964/2960/3601
f 5945/2942/3582 5543/2612/3331 5547/2616/3333
f 5945/2942/3582 5547/2616/3333 5965/2961/3602
f 5946/2943/3583 5944/2941/3581 5964/2960/3601
f 5946/2943/3583 5964/2960/3601 5953/2949/3590
f 5947/2944/3584 5945/2942/3582 5965/2961/3602
f 5947/2944/3584 5965/2961/3602 5955/2951/3592
f 5549/2618/3334 5961/2957/3598 5966/2962/3603
f 5549/2618/3334 5966/2962/3603 5553/2622/3336
f 5963/2959/3600 5962/2958/3599 5967/2963/3604
f 5963/2959/3600 5967/2963/3604 5968/2964/3605
f 5964/2960/3601 5963/2959/3600 5968/2964/3605
f 5964/2960/3601 5968/2964/3605 5969/2965/3606
f 5965/2961/3602 5547/2616/3333 5551/2620/3335
f 5965/2961/3602 5551/2620/3335 5970/2966/3607
f 5953/2949/3590 5964/2960/3601 5969/2965/3606
f 5953/2949/3590 5969/2965/3606 5971/2967/3608
f 5955/2951/3592 5965/2961/3602 5970/2966/3607
f 5955/2951/3592 5970/2966/3607 5972/2968/3609
f 5954/2950/3591 5953/2949/3590 5971/2967/3608
f 5954/2950/3591 5971/2967/3608 5973/2969/3610
f 5956/2952/3593 5955/2951/3592 5972/2968/3609
f 5956/2952/3593 5972/2968/3609 5974/2970/3611
f 5957/2953/3594 5954/2950/3591 5973/2969/3610
f 5957/2953/3594 5973/2969/3610 5975/2971/3612
f 5958/2954/3595 5956/2952/3593 5974/2970/3611
f 5958/2954/3595 5974/2970/3611 5976/2972/3613
f 5959/2955/3596 5957/2953/3594 5975/2971/3612
f 5959/2955/3596 5975/2971/3612 5977/2973/3614
f 5960/2956/3597 5958/2954/3595 5976/2972/3613
f 5960/2956/3597 5976/2972/3613 5978/2974/3615
f 5961/2957/3598 5959/2955/3596 5977/2973/3614
f 5961/2957/3598 5977/2973/3614 5966/2962/3603
f 5962/2958/3599 5960/2956/3597 5978/2974/3615
f 5962/2958/3599 5978/2974/3615 5967/2963/3604
f 5975/2971/3612 5973/2969/3610 5979/2975/3616
f 5975/2971/3612 5979/2975/3616 5980/2976/3617
f 5976/2972/3613 5974/2970/3611 5981/2977/3618
f 5976/2972/3613 5981/2977/3618 5982/2978/3619
f 5977/2973/3614 5975/2971/3612 5980/2976/3617
f 5977/2973/3614 5980/2976/3617 5983/2979/3620
f 5978/2974/3615 5976/2972/3613 5982/2978/3619
f 5978/2974/3615 5982/2978/3619 5984/2980/3621
f 5966/2962/3603 5977/2973/3614 5983/2979/3620
f 5966/2962/3603 5983/2979/3620 5985/2981/3622
f 5967/2963/3604 5978/2974/3615 5984/2980/3621
f 5967/2963/3604 5984/2980/3621 5986/2982/3623
f 5553/2622/3336 5966/2962/3603 5985/2981/3622
f 5553/2622/3336 5985/2981/3622 5557/2626/3338
f 5968/2964/3605 5967/2963/3604 5986/2982/3623
f 5968/2964/3605 5986/2982/3623 5987/2983/3624
f 5969/2965/3606 5968/2964/3605 5987/2983/3624
f 5969/2965/3606 5987/2983/3624 5988/2984/3625
f 5970/2966/3607 5551/2620/3335 5555/2624/3337
f 5970/2966/3607 5555/2624/3337 5989/2985/3626
f 5971/2967/3608 5969/2965/3606 5988/2984/3625
f 5971/2967/3608 5988/2984/3625 5990/2986/3627
f 5972/2968/3609 5970/2966/3607 5989/2985/3626
f 5972/2968/3609 5989/2985/3626 5991/2987/3628
f 5973/2969/3610 5971/2967/3608 5990/2986/3627
f 5973/2969/3610 5990/2986/3627 5979/2975/3616
f 5974/2970/3611 5972/2968/3609 5991/2987/3628
f 5974/2970/3611 5991/2987/3628 5981/2977/3618
f 5988/2984/3625 5987/2983/3624 5992/2988/3629
f 5988/2984/3625 5992/2988/3629 5993/2989/3630
f 5989/2985/3626 5555/2624/3337 5559/2628/3339
f 5989/2985/3626 5559/2628/3339 5994/2990/3631
f 5990/2986/3627 5988/2984/3625 5993/2989/3630
f 5990/2986/3627 5993/2989/3630 5995/2991/3632
f 5991/2987/3628 5989/2985/3626 5994/2990/3631
f 5991/2987/3628 5994/2990/3631 5996/2992/3633
f 5979/2975/3616 5990/2986/3627 5995/2991/3632
f 5979/2975/3616 5995/2991/3632 5997/2993/3634
f 5981/2977/3618 5991/2987/3628 5996/2992/3633
f 5981/2977/3618 5996/2992/3633 5998/2994/3635
f 5980/2976/3617 5979/2975/3616 5997/2993/3634
f 5980/2976/3617 5997/2993/3634 5999/2995/3636
f 5982/2978/3619 5981/2977/3618 5998/2994/3635
f 5982/2978/3619 5998/2994/3635 6000/2996/3637
f 5983/2979/3620 5980/2976/3617 5999/2995/3636
f 5983/2979/3620 5999/2995/3636 6001/2997/3638
f 5984/2980/3621 5982/2978/3619 6000/2996/3637
f 5984/2980/3621 6000/2996/3637 6002/2998/3639
f 5985/2981/3622 5983/2979/3620 6001/2997/3638
f 5985/2981/3622 6001/2997/3638 6003/2999/3640
f 5986/2982/3623 5984/2980/3621 6002/2998/3639
f 5986/2982/3623 6002/2998/3639 6004/3000/3641
f 5557/2626/3338 5985/2981/3622 6003/2999/3640
f 5557/2626/3338 6003/2999/3640 5561/2630/3340
f 5987/2983/3624 5986/2982/3623 6004/3000/3641
f 5987/2983/3624 6004/3000/3641 5992/2988/3629
f 6000/2996/3637 5998/2994/3635 6005/3001/3642
f 6000/2996/3637 6005/3001/3642 6006/3002/3643
f 6001/2997/3638 5999/2995/3636 6007/3003/3644
f 6001/2997/3638 6007/3003/3644 6008/3004/3645
f 6002/2998/3639 6000/2996/3637 6006/3002/3643
f 6002/2998/3639 6006/3002/3643 6009/3005/3646
f 6003/2999/3640 6001/2997/3638 6008/3004/3645
f 6003/2999/3640 6008/3004/3645 6010/3006/3647
f 6004/3000/3641 6002/2998/3639 6009/3005/3646
f 6004/3000/3641 6009/3005/3646 6011/3007/3648
f 5561/2630/3340 6003/2999/3640 6010/3006/3647
f 5561/2630/3340 6010/3006/3647 5565/2634/3342
f 5992/2988/3629 6004/3000/3641 6011/3007/3648
f 5992/2988/3629 6011/3007/3648 6012/3008/3649
f 5993/2989/3630 5992/2988/3629 6012/3008/3649
f 5993/2989/3630 6012/3008/3649 6013/3009/3650
f 5994/2990/3631 5559/2628/3339 5563/2632/3341
f 5994/2990/3631 5563/2632/3341 6014/3010/3651
f 5995/2991/3632 5993/2989/3630 6013/3009/3650
f 5995/2991/3632 6013/3009/3650 6015/3011/3652
f 5996/2992/3633 5994/2990/3631 6014/3010/3651
f 5996/2992/3633 6014/3010/3651 6016/3012/3653
f 5997/2993/3634 5995/2991/3632 6015/3011/3652
f 5997/2993/3634 6015/3011/3652 6017/3013/3654
f 5998/2994/3635 5996/2992/3633 6016/3012/3653
f 5998/2994/3635 6016/3012/3653 6005/3001/3642
f 5999/2995/3636 5997/2993/3634 6017/3013/3654
f 5999/2995/3636 6017/3013/3654 6007/3003/3644
f 6013/3009/3650 6012/3008/3649 6018/3014/3655
f 6013/3009/3650 6018/3014/3655 6019/3015/3656
f 6014/3010/3651 5563/2632/3341 5567/2636/3344
f 6014/3010/3651 5567/2636/3344 6020/3016/3657
f 6015/3011/3652 6013/3009/3650 6019/3015/3656
f 6015/3011/3652 6019/3015/3656 6021/3017/3658
f 6016/3012/3653 6014/3010/3651 6020/3016/3657
f 6016/3012/3653 6020/3016/3657 6022/3018/3659
f 6017/3013/3654 6015/3011/3652 6021/3017/3658
f 6017/3013/3654 6021/3017/3658 6023/3019/3660
f 6005/3001/3642 6016/3012/3653 6022/3018/3659
f 6005/3001/3642 6022/3018/3659 6024/3020/3661
f 6007/3003/3644 6017/3013/3654 6023/3019/3660
f 6007/3003/3644 6023/3019/3660 6025/3021/3662
f 6006/3002/3643 6005/3001/3642 6024/3020/3661
f 6006/3002/3643 6024/3020/3661 6026/3022/3663
f 6008/3004/3645 6007/3003/3644 6025/3021/3662
f 6008/3004/3645 6025/3021/3662 6027/3023/3664
f 6009/3005/3646 6006/3002/3643 6026/3022/3663
f 6009/3005/3646 6026/3022/3663 6028/3024/3665
f 6010/3006/3647 6008/3004/3645 6027/3023/3664
f 6010/3006/3647 6027/3023/3664 6029/3025/3666
f 6011/3007/3648 6009/3005/3646 6028/3024/3665
f 6011/3007/3648 6028/3024/3665 6030/3026/3667
f 5565/2634/3342 6010/3006/3647 6029/3025/3666
f 5565/2634/3342 6029/3025/3666 5569/2638/3345
f 6012/3008/3649 6011/3007/3648 6030/3026/3667
f 6012/3008/3649 6030/3026/3667 6018/3014/3655
f 6027/3023/3664 6025/3021/3662 6031/3027/3668
f 6027/3023/3664 6031/3027/3668 6032/3028/3669
f 6028/3024/3665 6026/3022/3663 6033/3029/3670
f 6028/3024/3665 6033/3029/3670 6034/3030/3671
f 6029/3025/3666 6027/3023/3664 6032/3028/3669
f 6029/3025/3666 6032/3028/3669 6035/3031/3672
f 6030/3026/3667 6028/3024/3665 6034/3030/3671
f 6030/3026/3667 6034/3030/3671 6036/3032/3673
f 5569/2638/3345 6029/3025/3666 6035/3031/3672
f 5569/2638/3345 6035/3031/3672 5573/2642/3347
f 6018/3014/3655 6030/3026/3667 6036/3032/3673
f 6018/3014/3655 6036/3032/3673 6037/3033/3674
f 6019/3015/3656 6018/3014/3655 6037/3033/3674
f 6019/3015/3656 6037/3033/3674 6038/3034/3675
f 6020/3016/3657 5567/2636/3344 5571/2640/3346
f 6020/3016/3657 5571/2640/3346 6039/3035/3676
f 6021/3017/3658 6019/3015/3656 6038/3034/3675
f 6021/3017/3658 6038/3034/3675 6040/3036/3677
f 6022/3018/3659 6020/3016/3657 6039/3035/3676
f 6022/3018/3659 6039/3035/3676 6041/3037/3678
f 6023/3019/3660 6021/3017/3658 6040/3036/3677
f 6023/3019/3660 6040/3036/3677 6042/3038/3679
f 6024/3020/3661 6022/3018/3659 6041/3037/3678
f 6024/3020/3661 6041/3037/3678 6043/3039/3680
f 6025/3021/3662 6023/3019/3660 6042/3038/3679
f 6025/3021/3662 6042/3038/3679 6031/3027/3668
f 6026/3022/3663 6024/3020/3661 6043/3039/3680
f 6026/3022/3663 6043/3039/3680 6033/3029/3670
f 6039/3035/3676 5571/2640/3346 5575/2644/3349
f 6039/3035/3676 5575/2644/3349 6044/3040/3681
f 6040/3036/3677 6038/3034/3675 6045/3041/3682
f 6040/3036/3677 6045/3041/3682 6046/3042/3683
f 6041/3037/3678 6039/3035/3676 6044/3040/3681
f 6041/3037/3678 6044/3040/3681 6047/3043/3684
f 6042/3038/3679 6040/3036/3677 6046/3042/3683
f 6042/3038/3679 6046/3042/3683 6048/3044/3685
f 6043/3039/3680 6041/3037/3678 6047/3043/3684
f 6043/3039/3680 6047/3043/3684 6049/3045/3686
f 6031/3027/3668 6042/3038/3679 6048/3044/3685
f 6031/3027/3668 6048/3044/3685 6050/3046/3687
f 6033/3029/3670 6043/3039/3680 6049/3045/3686
f 6033/3029/3670 6049/3045/3686 6051/3047/3688
f 6032/3028/3669 6031/3027/3668 6050/3046/3687
f 6032/3028/3669 6050/3046/3687 6052/3048/3689
f 6034/3030/3671 6033/3029/3670 6051/3047/3688
f 6034/3030/3671 6051/3047/3688 6053/3049/3690
f 6035/3031/3672 6032/3028/3669 6052/3048/3689
f 6035/3031/3672 6052/3048/3689 6054/3050/3691
f 6036/3032/3673 6034/3030/3671 6053/3049/3690
f 6036/3032/3673 6053/3049/3690 6055/3051/3692
f 5573/2642/3347 6035/3031/3672 6054/3050/3691
f 5573/2642/3347 6054/3050/3691 5577/2646/3350
f 6037/3033/3674 6036/3032/3673 6055/3051/3692
f 6037/3033/3674 6055/3051/3692 6056/3052/3693
f 6038/3034/3675 6037/3033/3674 6056/3052/3693
f 6038/3034/3675 6056/3052/3693 6045/3041/3682
f 6057/3053/3694 6058/3054/3688 6059/3055/3695
f 6057/3053/3694 6059/3055/3695 6060/3056/3696
f 6061/3057/3691 6062/3058/3697 6063/3059/3698
f 6061/3057/3691 6063/3059/3698 6064/3060/3699
f 6065/3061/3692 6057/3053/3694 6060/3056/3696
f 6065/3061/3692 6060/3056/3696 6066/3062/3700
f 5582/2651/3350 6061/3057/3691 6064/3060/3699
f 5582/2651/3350 6064/3060/3699 5583/2652/3353
f 6067/3063/3693 6065/3061/3692 6066/3062/3700
f 6067/3063/3693 6066/3062/3700 6068/3064/3701
f 6069/3065/3682 6067/3063/3693 6068/3064/3701
f 6069/3065/3682 6068/3064/3701 6070/3066/3702
f 6071/3067/3703 5578/2647/3351 5580/2649/3352
f 6071/3067/3703 5580/2649/3352 6072/3068/3704
f 6073/3069/3705 6069/3065/3682 6070/3066/3702
f 6073/3069/3705 6070/3066/3702 6074/3070/3706
f 6075/3071/3707 6071/3067/3703 6072/3068/3704
f 6075/3071/3707 6072/3068/3704 6076/3072/3708
f 6077/3073/3709 6073/3069/3705 6074/3070/3706
f 6077/3073/3709 6074/3070/3706 6078/3074/3710
f 6079/3075/3711 6075/3071/3707 6076/3072/3708
f 6079/3075/3711 6076/3072/3708 6080/3076/3712
f 6081/3077/3713 6077/3073/3709 6078/3074/3710
f 6081/3077/3713 6078/3074/3710 6082/3078/3714
f 6058/3054/3688 6079/3075/3711 6080/3076/3712
f 6058/3054/3688 6080/3076/3712 6059/3055/3695
f 6062/3058/3697 6081/3077/3713 6082/3078/3714
f 6062/3058/3697 6082/3078/3714 6063/3059/3698
f 6074/3070/3706 6070/3066/3702 6083/3079/3715
f 6074/3070/3706 6083/3079/3715 6084/3080/3716
f 6076/3072/3708 6072/3068/3704 6085/3081/3717
f 6076/3072/3708 6085/3081/3717 6086/3082/3718
f 6078/3074/3710 6074/3070/3706 6084/3080/3716
f 6078/3074/3710 6084/3080/3716 6087/3083/3719
f 6080/3076/3712 6076/3072/3708 6086/3082/3718
f 6080/3076/3712 6086/3082/3718 6088/3084/3720
f 6082/3078/3714 6078/3074/3710 6087/3083/3719
f 6082/3078/3714 6087/3083/3719 6089/3085/3721
f 6059/3055/3695 6080/3076/3712 6088/3084/3720
f 6059/3055/3695 6088/3084/3720 6090/3086/3722
f 6063/3059/3698 6082/3078/3714 6089/3085/3721
f 6063/3059/3698 6089/3085/3721 6091/3087/3723
f 6060/3056/3696 6059/3055/3695 6090/3086/3722
f 6060/3056/3696 6090/3086/3722 6092/3088/3724
f 6064/3060/3699 6063/3059/3698 6091/3087/3723
f 6064/3060/3699 6091/3087/3723 6093/3089/3725
f 6066/3062/3700 6060/3056/3696 6092/3088/3724
f 6066/3062/3700 6092/3088/3724 6094/3090/3726
f 5583/2652/3353 6064/3060/3699 6093/3089/3725
f 5583/2652/3353 6093/3089/3725 5587/2656/3355
f 6068/3064/3701 6066/3062/3700 6094/3090/3726
f 6068/3064/3701 6094/3090/3726 6095/3091/3727
f 6070/3066/3702 6068/3064/3701 6095/3091/3727
f 6070/3066/3702 6095/3091/3727 6083/3079/3715
f 6072/3068/3704 5580/2649/3352 5585/2654/3354
f 6072/3068/3704 5585/2654/3354 6085/3081/3717
f 6093/3089/3725 6091/3087/3723 6096/3092/3728
f 6093/3089/3725 6096/3092/3728 6097/3093/3729
f 6094/3090/3726 6092/3088/3724 6098/3094/3730
f 6094/3090/3726 6098/3094/3730 6099/3095/3731
f 5587/2656/3355 6093/3089/3725 6097/3093/3729
f 5587/2656/3355 6097/3093/3729 5591/2660/3357
f 6095/3091/3727 6094/3090/3726 6099/3095/3731
f 6095/3091/3727 6099/3095/3731 6100/3096/3732
f 6083/3079/3715 6095/3091/3727 6100/3096/3732
f 6083/3079/3715 6100/3096/3732 6101/3097/3733
f 6085/3081/3717 5585/2654/3354 5589/2658/3356
f 6085/3081/3717 5589/2658/3356 6102/3098/3734
f 6084/3080/3716 6083/3079/3715 6101/3097/3733
f 6084/3080/3716 6101/3097/3733 6103/3099/3735
f 6086/3082/3718 6085/3081/3717 6102/3098/3734
f 6086/3082/3718 6102/3098/3734 6104/3100/3736
f 6087/3083/3719 6084/3080/3716 6103/3099/3735
f 6087/3083/3719 6103/3099/3735 6105/3101/3737
f 6088/3084/3720 6086/3082/3718 6104/3100/3736
f 6088/3084/3720 6104/3100/3736 6106/3102/3738
f 6089/3085/3721 6087/3083/3719 6105/3101/3737
f 6089/3085/3721 6105/3101/3737 6107/3103/3739
f 6090/3086/3722 6088/3084/3720 6106/3102/3738
f 6090/3086/3722 6106/3102/3738 6108/3104/3740
f 6091/3087/3723 6089/3085/3721 6107/3103/3739
f 6091/3087/3723 6107/3103/3739 6096/3092/3728
f 6092/3088/3724 6090/3086/3722 6108/3104/3740
f 6092/3088/3724 6108/3104/3740 6098/3094/3730
f 6105/3101/3737 6103/3099/3735 6109/3105/3741
f 6105/3101/3737 6109/3105/3741 6110/3106/3742
f 6106/3102/3738 6104/3100/3736 6111/3107/3743
f 6106/3102/3738 6111/3107/3743 6112/3108/3744
f 6107/3103/3739 6105/3101/3737 6110/3106/3742
f 6107/3103/3739 6110/3106/3742 6113/3109/3745
f 6108/3104/3740 6106/3102/3738 6112/3108/3744
f 6108/3104/3740 6112/3108/3744 6114/3110/3746
f 6096/3092/3728 6107/3103/3739 6113/3109/3745
f 6096/3092/3728 6113/3109/3745 6115/3111/3747
f 6098/3094/3730 6108/3104/3740 6114/3110/3746
f 6098/3094/3730 6114/3110/3746 6116/3112/3748
f 6097/3093/3729 6096/3092/3728 6115/3111/3747
f 6097/3093/3729 6115/3111/3747 6117/3113/3749
f 6099/3095/3731 6098/3094/3730 6116/3112/3748
f 6099/3095/3731 6116/3112/3748 6118/3114/3750
f 5591/2660/3357 6097/3093/3729 6117/3113/3749
f 5591/2660/3357 6117/3113/3749 5595/2664/3360
f 6100/3096/3732 6099/3095/3731 6118/3114/3750
f 6100/3096/3732 6118/3114/3750 6119/3115/3751
f 6101/3097/3733 6100/3096/3732 6119/3115/3751
f 6101/3097/3733 6119/3115/3751 6120/3116/3752
f 6102/3098/3734 5589/2658/3356 5593/2662/3358
f 6102/3098/3734 5593/2662/3358 6121/3117/3753
f 6103/3099/3735 6101/3097/3733 6120/3116/3752
f 6103/3099/3735 6120/3116/3752 6109/3105/3741
f 6104/3100/3736 6102/3098/3734 6121/3117/3753
f 6104/3100/3736 6121/3117/3753 6111/3107/3743
f 5595/2664/3360 6117/3113/3749 6122/3118/3754
f 5595/2664/3360 6122/3118/3754 5599/2668/3362
f 6119/3115/3751 6118/3114/3750 6123/3119/3755
f 6119/3115/3751 6123/3119/3755 6124/3120/3756
f 6120/3116/3752 6119/3115/3751 6124/3120/3756
f 6120/3116/3752 6124/3120/3756 6125/3121/3757
f 6121/3117/3753 5593/2662/3358 5597/2666/3361
f 6121/3117/3753 5597/2666/3361 6126/3122/3758
f 6109/3105/3741 6120/3116/3752 6125/3121/3757
f 6109/3105/3741 6125/3121/3757 6127/3123/3759
f 6111/3107/3743 6121/3117/3753 6126/3122/3758
f 6111/3107/3743 6126/3122/3758 6128/3124/3760
f 6110/3106/3742 6109/3105/3741 6127/3123/3759
f 6110/3106/3742 6127/3123/3759 6129/3125/3761
f 6112/3108/3744 6111/3107/3743 6128/3124/3760
f 6112/3108/3744 6128/3124/3760 6130/3126/3762
f 6113/3109/3745 6110/3106/3742 6129/3125/3761
f 6113/3109/3745 6129/3125/3761 6131/3127/3763
f 6114/3110/3746 6112/3108/3744 6130/3126/3762
f 6114/3110/3746 6130/3126/3762 6132/3128/3764
f 6115/3111/3747 6113/3109/3745 6131/3127/3763
f 6115/3111/3747 6131/3127/3763 6133/3129/3765
f 6116/3112/3748 6114/3110/3746 6132/3128/3764
f 6116/3112/3748 6132/3128/3764 6134/3130/3766
f 6117/3113/3749 6115/3111/3747 6133/3129/3765
f 6117/3113/3749 6133/3129/3765 6122/3118/3754
f 6118/3114/3750 6116/3112/3748 6134/3130/3766
f 6118/3114/3750 6134/3130/3766 6123/3119/3755
f 6130/3126/3762 6128/3124/3760 6135/3131/3767
f 6130/3126/3762 6135/3131/3767 6136/3132/3768
f 6131/3127/3763 6129/3125/3761 6137/3133/3769
f 6131/3127/3763 6137/3133/3769 6138/3134/3770
f 6132/3128/3764 6130/3126/3762 6136/3132/3768
f 6132/3128/3764 6136/3132/3768 6139/3135/3771
f 6133/3129/3765 6131/3127/3763 6138/3134/3770
f 6133/3129/3765 6138/3134/3770 6140/3136/3772
f 6134/3130/3766 6132/3128/3764 6139/3135/3771
f 6134/3130/3766 6139/3135/3771 6141/3137/3773
f 6122/3118/3754 6133/3129/3765 6140/3136/3772
f 6122/3118/3754 6140/3136/3772 6142/3138/3774
f 6123/3119/3755 6134/3130/3766 6141/3137/3773
f 6123/3119/3755 6141/3137/3773 6143/3139/3775
f 5599/2668/3362 6122/3118/3754 6142/3138/3774
f 5599/2668/3362 6142/3138/3774 5603/2672/3364
f 6124/3120/3756 6123/3119/3755 6143/3139/3775
f 6124/3120/3756 6143/3139/3775 6144/3140/3776
f 6125/3121/3757 6124/3120/3756 6144/3140/3776
f 6125/3121/3757 6144/3140/3776 6145/3141/3777
f 6126/3122/3758 5597/2666/3361 5601/2670/3363
f 6126/3122/3758 5601/2670/3363 6146/3142/3778
f 6127/3123/3759 6125/3121/3757 6145/3141/3777
f 6127/3123/3759 6145/3141/3777 6147/3143/3779
f 6128/3124/3760 6126/3122/3758 6146/3142/3778
f 6128/3124/3760 6146/3142/3778 6135/3131/3767
f 6129/3125/3761 6127/3123/3759 6147/3143/3779
f 6129/3125/3761 6147/3143/3779 6137/3133/3769
f 6144/3140/3776 6143/3139/3775 6148/3144/3780
f 6144/3140/3776 6148/3144/3780 6149/3145/3781
f 6145/3141/3777 6144/3140/3776 6149/3145/3781
f 6145/3141/3777 6149/3145/3781 6150/3146/3782
f 6146/3142/3778 5601/2670/3363 5605/2674/3365
f 6146/3142/3778 5605/2674/3365 6151/3147/3783
f 6147/3143/3779 6145/3141/3777 6150/3146/3782
f 6147/3143/3779 6150/3146/3782 6152/3148/3784
f 6135/3131/3767 6146/3142/3778 6151/3147/3783
f 6135/3131/3767 6151/3147/3783 6153/3149/3785
f 6137/3133/3769 6147/3143/3779 6152/3148/3784
f 6137/3133/3769 6152/3148/3784 6154/3150/3786
f 6136/3132/3768 6135/3131/3767 6153/3149/3785
f 6136/3132/3768 6153/3149/3785 6155/3151/3787
f 6138/3134/3770 6137/3133/3769 6154/3150/3786
f 6138/3134/3770 6154/3150/3786 6156/3152/3788
f 6139/3135/3771 6136/3132/3768 6155/3151/3787
f 6139/3135/3771 6155/3151/3787 6157/3153/3789
f 6140/3136/3772 6138/3134/3770 6156/3152/3788
f 6140/3136/3772 6156/3152/3788 6158/3154/3790
f 6141/3137/3773 6139/3135/3771 6157/3153/3789
f 6141/3137/3773 6157/3153/3789 6159/3155/3791
f 6142/3138/3774 6140/3136/3772 6158/3154/3790
f 6142/3138/3774 6158/3154/3790 6160/3156/3792
f 6143/3139/3775 6141/3137/3773 6159/3155/3791
f 6143/3139/3775 6159/3155/3791 6148/3144/3780
f 5603/2672/3364 6142/3138/3774 6160/3156/3792
f 5603/2672/3364 6160/3156/3792 5607/2676/3366
f 6156/3152/3788 6154/3150/3786 5737/2734/3374
f 6156/3152/3788 5737/2734/3374 5736/2733/3373
f 6157/3153/3789 6155/3151/3787 5732/2729/3369
f 6157/3153/3789 5732/2729/3369 5740/2737/3377
f 6158/3154/3790 6156/3152/3788 5736/2733/3373
f 6158/3154/3790 5736/2733/3373 5742/2739/3379
f 6159/3155/3791 6157/3153/3789 5740/2737/3377
f 6159/3155/3791 5740/2737/3377 5744/2741/3381
f 6160/3156/3792 6158/3154/3790 5742/2739/3379
f 6160/3156/3792 5742/2739/3379 5746/2743/3383
f 6148/3144/3780 6159/3155/3791 5744/2741/3381
f 6148/3144/3780 5744/2741/3381 5748/2745/3385
f 5607/2676/3366 6160/3156/3792 5746/2743/3383
f 5607/2676/3366 5746/2743/3383 5484/2553/3298
f 6149/3145/3781 6148/3144/3780 5748/2745/3385
f 6149/3145/3781 5748/2745/3385 5750/2747/3387
f 6150/3146/3782 6149/3145/3781 5750/2747/3387
f 6150/3146/3782 5750/2747/3387 5752/2749/3389
f 6151/3147/3783 5605/2674/3365 5480/2549/3294
f 6151/3147/3783 5480/2549/3294 5754/2751/3391
f 6152/3148/3784 6150/3146/3782 5752/2749/3389
f 6152/3148/3784 5752/2749/3389 5756/2753/3393
f 6153/3149/3785 6151/3147/3783 5754/2751/3391
f 6153/3149/3785 5754/2751/3391 5733/2730/3370
f 6154/3150/3786 6152/3148/3784 5756/2753/3393
f 6154/3150/3786 5756/2753/3393 5737/2734/3374
f 6155/3151/3787 6153/3149/3785 5733/2730/3370
f 6155/3151/3787 5733/2730/3370 5732/2729/3369
f 6161/2684/3793 6162/2683/3793 6163/2683/3794
f 6161/2684/3793 6163/2683/3794 6164/2684/3793
f 6165/2683/3795 6166/2686/3795 6167/2686/3795
f 6165/2683/3795 6167/2686/3795 6168/3157/3795
s 0
f 6169/3158/3796 6170/3159/3796 6171/3160/3796
f 6169/3158/3796 6171/3160/3796 6172/3161/3796
f 6173/3161/3797 6174/3160/3797 6175/3162/3797
f 6173/3161/3797 6175/3162/3797 6176/3163/3797
f 6177/3163/3798 6178/3162/3798 6179/3164/3798
f 6177/3163/3798 6179/3164/3798 6180/3165/3798
f 6181/3165/3799 6182/3164/3799 6183/3166/3799
f 6181/3165/3799 6183/3166/3799 6184/3167/3799
f 6185/3167/3800 6186/3166/3800 6187/3168/3800
f 6185/3167/3800 6187/3168/3800 6188/3169/3800
f 6189/3169/3801 6190/3168/3801 6191/3170/3801
f 6189/3169/3801 6191/3170/3801 6192/3171/3801
f 6193/3171/3802 6194/3170/3802 6195/3172/3802
f 6193/3171/3802 6195/3172/3802 6196/3173/3802
f 6197/3173/3803 6198/3172/3803 6199/3174/3803
f 6197/3173/3803 6199/3174/3803 6200/3175/3803
f 6201/3175/3804 6202/3174/3804 6203/3176/3804
f 6201/3175/3804 6203/3176/3804 6204/3177/3804
f 6205/3177/3805 6206/3176/3805 6207/3178/3805
f 6205/3177/3805 6207/3178/3805 6208/3179/3805
f 6209/3179/3806 6210/3178/3806 6211/3180/3806
f 6209/3179/3806 6211/3180/3806 6212/3181/3806
f 6213/3181/3807 6214/3180/3807 6215/3182/3807
f 6213/3181/3807 6215/3182/3807 6216/3183/3807
f 6217/3183/3808 6218/3182/3808 6219/3184/3808
f 6217/3183/3808 6219/3184/3808 6220/3185/3808
f 6221/3185/3809 6222/3184/3809 6223/3186/3809
f 6221/3185/3809 6223/3186/3809 6224/3187/3809
f 6225/3187/3810 6226/3186/3810 6227/3188/3810
f 6225/3187/3810 6227/3188/3810 6228/3189/3810
f 6229/3189/3811 6230/3188/3811 6231/3190/3811
f 6229/3189/3811 6231/3190/3811 6232/3191/3811
f 6233/3191/3812 6234/3190/3812 6235/3192/3812
f 6233/3191/3812 6235/3192/3812 6236/3193/3812
f 6237/3193/3813 6238/3192/3813 6239/3194/3813
f 6237/3193/3813 6239/3194/3813 6240/3195/3813
f 6241/3195/3814 6242/3194/3814 6243/3196/3814
f 6241/3195/3814 6243/3196/3814 6244/3197/3814
f 6245/3197/3815 6246/3196/3815 6247/3198/3815
f 6245/3197/3815 6247/3198/3815 6248/3199/3815
s 1
f 6249/3200/3816 6250/3201/3816 6251/3201/3816
f 6249/3200/3816 6251/3201/3816 6252/3202/3816
s 0
f 6253/2684/3817 6254/2683/3817 6255/2683/3817
f 6253/2684/3817 6255/2683/3817 6256/2684/3817
f 6257/3203/3818 6258/3204/3818 6259/3205/3818
f 6257/3203/3818 6259/3205/3818 6260/3206/3818
f 6261/3207/3819 6262/3199/3819 6263/3204/3819
f 6261/3207/3819 6263/3204/3819 6264/3203/3819
f 6265/3208/3815 6266/3197/3815 6267/3199/3815
f 6265/3208/3815 6267/3199/3815 6268/3207/3815
f 6269/3209/3814 6270/3195/3814 6271/3197/3814
f 6269/3209/3814 6271/3197/3814 6272/3208/3814
f 6273/3210/3813 6274/3193/3813 6275/3195/3813
f 6273/3210/3813 6275/3195/3813 6276/3209/3813
f 6277/3211/3812 6278/3191/3812 6279/3193/3812
f 6277/3211/3812 6279/3193/3812 6280/3210/3812
s 1
f 6281/3212/3811 6282/3189/3811 6283/3191/3811
s 0
f 6281/3212/3811 6283/3191/3811 6284/3211/3811
f 6285/3213/3810 6286/3187/3810 6287/3189/3810
f 6285/3213/3810 6287/3189/3810 6288/3212/3810
f 6289/3214/3809 6290/3185/3809 6291/3187/3809
f 6289/3214/3809 6291/3187/3809 6292/3213/3809
f 6293/3215/3808 6294/3183/3808 6295/3185/3808
s 1
f 6293/3215/3808 6295/3185/3808 6296/3214/3808
s 0
f 6297/3216/3807 6298/3181/3807 6299/3183/3807
f 6297/3216/3807 6299/3183/3807 6300/3215/3807
f 6301/3217/3806 6302/3179/3806 6303/3181/3806
f 6301/3217/3806 6303/3181/3806 6304/3216/3806
f 6305/3218/3805 6306/3177/3805 6307/3179/3805
f 6305/3218/3805 6307/3179/3805 6308/3217/3805
f 6309/3219/3804 6310/3175/3804 6311/3177/3804
f 6309/3219/3804 6311/3177/3804 6312/3218/3804
f 6313/3220/3803 6314/3173/3803 6315/3175/3803
f 6313/3220/3803 6315/3175/3803 6316/3219/3803
f 6317/3221/3802 6318/3171/3802 6319/3173/3802
f 6317/3221/3802 6319/3173/3802 6320/3220/3802
f 6321/3222/3801 6322/3169/3801 6323/3171/3801
f 6321/3222/3801 6323/3171/3801 6324/3221/3801
f 6325/3223/3800 6326/3167/3800 6327/3169/3800
f 6325/3223/3800 6327/3169/3800 6328/3222/3800
f 6329/3224/3799 6330/3165/3799 6331/3167/3799
f 6329/3224/3799 6331/3167/3799 6332/3223/3799
f 6333/3225/3798 6334/3163/3798 6335/3165/3798
f 6333/3225/3798 6335/3165/3798 6336/3224/3798
f 6337/3226/3797 6338/3161/3797 6339/3163/3797
f 6337/3226/3797 6339/3163/3797 6340/3225/3797
f 6341/3227/3796 6342/3158/3796 6343/3161/3796
f 6341/3227/3796 6343/3161/3796 6344/3226/3796
f 6345/3228/3820 6346/3200/3820 6347/3158/3820
f 6345/3228/3820 6347/3158/3820 6348/3227/3820
f 6349/3063/3821 6350/3201/3821 6351/3200/3821
f 6349/3063/3821 6351/3200/3821 6352/3228/3821
f 6353/3199/3822 6354/3198/3822 6355/3198/3822
f 6353/3199/3822 6355/3198/3822 6356/3199/3822
s 1
f 6357/2728/3823 6358/2684/3823 6359/2684/3824
f 6357/2728/3823 6359/2684/3824 6360/2728/3823
s 0
f 6361/3204/3825 6362/3199/3825 6363/3199/3825
f 6361/3204/3825 6363/3199/3825 6364/3204/3825
f 6365/3199/3822 6366/3198/3822 6367/3198/3822
f 6365/3199/3822 6367/3198/3822 6368/3199/3822
s 1
f 6369/3158/3826 6370/3200/3826 6371/3200/3826
f 6369/3158/3826 6371/3200/3826 6372/3158/3826
f 6373/3204/3827 6374/3199/3827 6375/3199/3827
f 6373/3204/3827 6375/3199/3827 6376/3229/3827
s 0
f 6377/3159/3828 6378/3230/3828 6379/3158/3828
f 6377/3159/3828 6379/3158/3828 6380/3159/3828
s 1
f 6381/3205/3829 6382/3204/3830 6383/3204/3831
f 6381/3205/3829 6383/3204/3831 6384/3205/3831
s 0
f 6385/3205/3832 6386/3204/3832 6387/3204/3832
f 6385/3205/3832 6387/3204/3832 6388/3205/3832
s 1
f 6389/2726/3833 6390/3231/3833 6391/2728/3833
f 6389/2726/3833 6391/2728/3833 6392/3232/3833
f 6393/3205/3834 6394/3233/3835 6395/3204/3835
f 6393/3205/3834 6395/3204/3835 6396/3205/3834
f 6397/3158/3836 6398/3200/3836 6399/3200/3836
f 6397/3158/3836 6399/3200/3836 6400/3158/3836
f 6401/2683/3837 6402/2686/3837 6403/2686/3838
f 6401/2683/3837 6403/2686/3838 6404/2683/3837
f 6405/2684/3839 6406/2683/3839 6407/2683/3839
f 6405/2684/3839 6407/2683/3839 6408/2684/3839
s 0
f 6409/2728/3840 6410/2684/3840 6411/2684/3840
f 6409/2728/3840 6411/2684/3840 6412/2728/3840
f 6413/3158/3841 6414/3200/3841 6415/3200/3841
f 6413/3158/3841 6415/3200/3841 6416/3230/3841
f 6417/3159/3828 6418/3158/3828 6419/3158/3828
f 6417/3159/3828 6419/3158/3828 6420/3159/3828
s 1
f 6421/2684/3842 6422/3234/3843 6423/2683/3844
f 6421/2684/3842 6423/2683/3844 6424/2684/3844
s 0
f 6425/3200/3845 6426/3201/3845 6427/3201/3845
f 6425/3200/3845 6427/3201/3845 6428/3235/3845
s 1
f 6429/2726/3846 6430/2728/3846 6431/2728/3846
s 0
f 6429/2726/3846 6431/2728/3846 6432/3236/3846
s 1
f 6433/2726/3847 6434/2728/3848 6435/2728/3847
f 6433/2726/3847 6435/2728/3847 6436/2726/3847
s 0
f 6437/3159/3828 6438/3158/3828 6439/3158/3828
f 6437/3159/3828 6439/3158/3828 6440/3159/3828
s 1
f 6441/2728/3849 6442/2684/3849 6443/2684/3850
f 6441/2728/3849 6443/2684/3850 6444/3231/3850
f 6445/3205/3851 6446/3204/3852 6447/3204/3852
f 6445/3205/3851 6447/3204/3852 6448/3205/3851
f 6449/3204/3853 6450/3199/3854 6451/3199/3854
f 6449/3204/3853 6451/3199/3854 6452/3204/3854
s 0
f 6453/3159/3855 6454/3158/3855 6455/3158/3855
f 6453/3159/3828 6455/3158/3828 6456/3159/3828
s 1
f 6457/2728/3856 6458/2684/3856 6459/2684/3856
f 6457/2728/3856 6459/2684/3856 6460/2728/3856
f 6461/3200/3857 6462/3201/3857 6463/3201/3857
f 6461/3200/3857 6463/3201/3857 6464/3200/3858
f 6465/2726/3859 6466/2728/3859 6467/2728/3860
f 6465/2726/3859 6467/2728/3860 6468/3232/3860
s 0
f 6469/3199/3822 6470/3198/3822 6471/3198/3822
f 6469/3199/3861 6471/3198/3861 6472/3199/3861
s 1
f 6473/2684/3862 6474/2683/3862 6475/2683/3862
f 6473/2684/3862 6475/2683/3862 6476/2684/3862
s 0
f 6477/3199/3822 6478/3198/3822 6479/3198/3822
f 6477/3199/3822 6479/3198/3822 6480/3199/3822
s 1
f 6481/2726/3863 6482/2728/3863 6483/2728/3864
f 6481/2726/3863 6483/2728/3864 6484/2726/3865
s 0
f 6485/3159/3828 6486/3158/3828 6487/3158/3828
f 6485/3159/3828 6487/3158/3828 6488/3159/3828
f 6489/3199/3822 6490/3198/3822 6491/3198/3822
f 6489/3199/3822 6491/3198/3822 6492/3199/3822
s 1
f 6493/2684/3866 6494/2683/3866 6495/2683/3867
f 6493/2684/3866 6495/2683/3867 6496/2684/3867
f 6497/2683/3868 6498/2686/3868 6499/2686/3868
f 6497/2683/3868 6499/2686/3868 6500/2683/3868
f 6501/3158/3869 6502/3200/3869 6503/3200/3869
f 6501/3158/3869 6503/3200/3869 6504/3158/3869
f 6505/3200/3870 6506/3201/3870 6507/3201/3870
f 6505/3200/3870 6507/3201/3870 6508/3200/3870
f 6509/3204/3871 6510/3199/3871 6511/3199/3871
f 6509/3204/3871 6511/3199/3871 6512/3204/3871
f 6513/2683/3872 6514/2686/3872 6515/2686/3872
f 6513/2683/3872 6515/2686/3872 6516/2683/3872
s 0
f 6517/2684/3873 6518/2683/3873 6519/2683/3873
f 6517/2684/3874 6519/2683/3874 6520/2684/3874
f 6521/3199/3822 6522/3198/3822 6523/3198/3822
f 6521/3199/3822 6523/3198/3822 6524/3199/3822
s 1
f 6525/2726/3875 6526/2728/3875 6527/2728/3875
f 6525/2726/3875 6527/2728/3875 6528/2726/3875
f 6529/2683/3876 6530/3237/3877 6531/2686/3876
f 6529/2683/3876 6531/2686/3876 6532/2683/3876
f 6533/3158/3878 6534/3200/3879 6535/3200/3878
f 6533/3158/3878 6535/3200/3878 6536/3158/3878
f 6537/3200/3880 6538/3201/3880 6539/3201/3881
f 6537/3200/3880 6539/3201/3881 6540/3200/3882
f 6541/3204/3883 6542/3199/3883 6543/3199/3884
f 6541/3204/3883 6543/3199/3884 6544/3204/3884
f 6545/3205/3885 6546/3204/3886 6547/3204/3886
f 6545/3205/3885 6547/3204/3886 6548/3205/3886
f 6549/2728/3887 6550/2684/3887 6551/2684/3888
f 6549/2728/3887 6551/2684/3888 6552/2728/3887
f 6553/3158/3889 6554/3200/3889 6555/3200/3890
f 6553/3158/3889 6555/3200/3890 6556/3158/3889
f 6557/2683/3891 6558/2686/3891 6559/2686/3892
f 6557/2683/3891 6559/2686/3892 6560/2683/3892
s 0
f 6561/3199/3822 6562/3198/3822 6563/3198/3822
f 6561/3199/3822 6563/3198/3822 6564/3199/3822
s 1
f 6565/3158/3893 6566/3200/3893 6567/3200/3893
f 6565/3158/3893 6567/3200/3893 6568/3158/3893
f 6569/3205/3894 6570/3233/3894 6571/3204/3894
f 6569/3205/3894 6571/3204/3894 6572/3205/3894
f 6573/3204/3895 6574/3199/3895 6575/3199/3896
f 6573/3204/3895 6575/3199/3896 6576/3204/3895
s 0
f 6577/3159/3828 6578/3158/3828 6579/3158/3828
f 6577/3159/3828 6579/3158/3828 6580/3159/3828
s 1
f 6581/2728/3897 6582/2684/3898 6583/2684/3897
f 6581/2728/3897 6583/2684/3897 6584/2728/3898
f 6585/3200/3899 6586/3201/3900 6587/3201/3900
f 6585/3200/3899 6587/3201/3900 6588/3200/3899
s 0
f 6589/3201/3901 6590/3238/3901 6591/3239/3901
s 1
f 6589/3201/3901 6591/3239/3901 6592/3200/3901
s 0
f 6593/3200/3902 6594/3239/3902 6595/3159/3902
f 6593/3200/3903 6595/3159/3903 6596/3158/3903
f 6597/3199/3904 6598/3198/3904 6599/3240/3904
f 6597/3199/3905 6599/3240/3905 6600/3204/3905
f 6601/3204/3906 6602/3240/3906 6603/3241/3906
f 6601/3204/3906 6603/3241/3906 6604/3205/3906
f 6605/3205/3907 6606/3204/3907 6607/3204/3907
f 6605/3205/3907 6607/3204/3907 6608/3205/3907
s 1
f 6609/3204/3908 6610/3199/3908 6611/3199/3909
f 6609/3204/3908 6611/3199/3909 6612/3204/3910
s 0
f 6613/3159/3828 6614/3158/3828 6615/3158/3828
f 6613/3159/3828 6615/3158/3828 6616/3159/3828
f 6617/2728/3911 6618/2684/3911 6619/2684/3911
f 6617/2728/3912 6619/2684/3912 6620/2728/3912
f 6621/3200/3913 6622/3242/3913 6623/3201/3913
s 1
f 6621/3200/3914 6623/3201/3914 6624/3200/3914
f 6625/2726/3915 6626/2728/3916 6627/2728/3915
f 6625/2726/3915 6627/2728/3915 6628/2726/3916
f 6629/3234/3917 6630/2684/3917 6631/2684/3917
f 6629/3234/3917 6631/2684/3917 6632/3243/3917
s 0
f 6633/3243/3918 6634/2684/3918 6635/2684/3918
f 6633/3243/3919 6635/2684/3919 6636/2683/3919
s 1
f 6637/2686/3920 6638/2683/3920 6639/3243/3920
f 6637/2686/3920 6639/3243/3920 6640/3244/3920
f 6641/3244/3921 6642/3243/3922 6643/2683/3922
f 6641/3244/3921 6643/2683/3922 6644/2686/3922
f 6645/3231/3923 6646/2726/3923 6647/3245/3923
f 6645/3231/3923 6647/3245/3923 6648/3246/3923
f 6649/3246/3924 6650/3245/3925 6651/3236/3926
f 6649/3246/3924 6651/3236/3926 6652/2728/3926
f 6653/2684/3927 6654/2728/3928 6655/3246/3927
f 6653/2684/3927 6655/3246/3927 6656/2684/3927
f 6657/2684/3929 6658/3246/3930 6659/2728/3931
f 6657/2684/3929 6659/2728/3931 6660/2684/3930
s 0
f 6661/3159/3828 6662/3158/3828 6663/3247/3828
f 6661/3159/3828 6663/3247/3828 6664/3159/3828
f 6665/3159/3828 6666/3247/3828 6667/3230/3828
f 6665/3159/3828 6667/3230/3828 6668/3159/3828
f 6669/3198/3822 6670/3199/3822 6671/3248/3822
f 6669/3198/3822 6671/3248/3822 6672/3198/3822
f 6673/3198/3822 6674/3248/3822 6675/3199/3822
f 6673/3198/3822 6675/3199/3822 6676/3198/3822
f 6677/3204/3932 6678/3205/3932 6679/3205/3932
f 6677/3204/3932 6679/3205/3932 6680/3249/3932
s 1
f 6681/3249/3933 6682/3205/3933 6683/3205/3933
f 6681/3249/3933 6683/3205/3933 6684/3204/3933
f 6685/3199/3934 6686/3204/3934 6687/3249/3934
f 6685/3199/3934 6687/3249/3934 6688/3248/3935
f 6689/3248/3936 6690/3249/3937 6691/3204/3937
f 6689/3248/3936 6691/3204/3937 6692/3199/3937
f 6693/3200/3938 6694/3158/3938 6695/3247/3939
f 6693/3200/3938 6695/3247/3939 6696/3250/3939
f 6697/3250/3940 6698/3247/3940 6699/3230/3940
f 6697/3250/3940 6699/3230/3940 6700/3200/3941
s 0
f 6701/3201/3942 6702/3200/3942 6703/3250/3942
f 6701/3201/3943 6703/3250/3943 6704/3201/3943
s 1
f 6705/3201/3944 6706/3250/3945 6707/3235/3945
f 6705/3201/3944 6707/3235/3945 6708/3201/3945
f 6709/2683/3946 6710/2684/3946 6711/3251/3947
f 6709/2683/3946 6711/3251/3947 6712/3252/3946
f 6713/3252/3948 6714/3251/3948 6715/2684/3948
f 6713/3252/3948 6715/2684/3948 6716/2683/3948
f 6717/2686/3949 6718/2683/3950 6719/3252/3951
f 6717/2686/3949 6719/3252/3951 6720/2686/3950
f 6721/2686/3952 6722/3252/3953 6723/3157/3952
f 6721/2686/3952 6723/3157/3952 6724/2686/3952
f 6725/2728/3954 6726/2726/3955 6727/2726/3955
f 6725/2728/3954 6727/2726/3955 6728/3253/3955
f 6729/3253/3956 6730/2726/3956 6731/3232/3957
f 6729/3253/3956 6731/3232/3957 6732/2728/3956
f 6733/2684/3958 6734/2728/3958 6735/3253/3959
f 6733/2684/3958 6735/3253/3959 6736/3251/3959
f 6737/3251/3960 6738/3253/3960 6739/2728/3960
f 6737/3251/3960 6739/2728/3960 6740/2684/3960
s 0
f 6741/3159/3828 6742/3158/3828 6743/3158/3828
f 6741/3159/3828 6743/3158/3828 6744/3159/3828
f 6745/3159/3855 6746/3158/3855 6747/3158/3855
f 6745/3159/3828 6747/3158/3828 6748/3159/3828
f 6749/3198/3822 6750/3199/3822 6751/3199/3822
f 6749/3198/3822 6751/3199/3822 6752/3198/3822
f 6753/3198/3822 6754/3199/3822 6755/3199/3822
f 6753/3198/3822 6755/3199/3822 6756/3198/3822
s 1
f 6757/3233/3961 6758/3205/3961 6759/3254/3961
f 6757/3233/3961 6759/3254/3961 6760/3255/3961
f 6761/3255/3962 6762/3254/3962 6763/3205/3963
f 6761/3255/3962 6763/3205/3963 6764/3204/3962
f 6765/3199/3964 6766/3204/3965 6767/3255/3965
f 6765/3199/3964 6767/3255/3965 6768/3199/3965
f 6769/3199/3966 6770/3255/3966 6771/3229/3966
f 6769/3199/3966 6771/3229/3966 6772/3199/3966
f 6773/3200/3967 6774/3158/3968 6775/3158/3968
f 6773/3200/3967 6775/3158/3968 6776/3256/3968
f 6777/3256/3969 6778/3158/3969 6779/3158/3969
f 6777/3256/3969 6779/3158/3969 6780/3200/3969
f 6781/3201/3970 6782/3200/3970 6783/3256/3970
f 6781/3201/3970 6783/3256/3970 6784/3257/3970
f 6785/3257/3971 6786/3256/3971 6787/3202/3971
f 6785/3257/3971 6787/3202/3971 6788/3201/3971
f 6789/2683/3972 6790/2684/3973 6791/3258/3972
f 6789/2683/3972 6791/3258/3972 6792/3259/3973
f 6793/3259/3974 6794/3258/3974 6795/2684/3974
f 6793/3259/3974 6795/2684/3974 6796/2683/3974
f 6797/2686/3975 6798/2683/3975 6799/3259/3975
f 6797/2686/3975 6799/3259/3975 6800/2686/3975
f 6801/2686/3976 6802/3259/3976 6803/2683/3976
f 6801/2686/3976 6803/2683/3976 6804/2686/3976
f 6805/2728/3977 6806/2726/3977 6807/2726/3977
f 6805/2728/3977 6807/2726/3977 6808/3260/3977
f 6809/3260/3978 6810/2726/3978 6811/3232/3978
f 6809/3260/3978 6811/3232/3978 6812/2728/3978
f 6813/2684/3979 6814/2728/3979 6815/3260/3979
f 6813/2684/3979 6815/3260/3979 6816/3258/3979
f 6817/3258/3980 6818/3260/3980 6819/2728/3980
f 6817/3258/3980 6819/2728/3980 6820/2684/3980
s 0
f 6821/3159/3828 6822/3158/3828 6823/3158/3828
f 6821/3159/3828 6823/3158/3828 6824/3261/3828
f 6825/3261/3828 6826/3158/3828 6827/3158/3828
f 6825/3261/3828 6827/3158/3828 6828/3159/3828
f 6829/3198/3822 6830/3199/3822 6831/3199/3822
f 6829/3198/3822 6831/3199/3822 6832/3262/3822
f 6833/3262/3822 6834/3199/3822 6835/3199/3822
f 6833/3262/3822 6835/3199/3822 6836/3198/3822
s 1
f 6837/3204/3981 6838/3205/3981 6839/3263/3981
f 6837/3204/3981 6839/3263/3981 6840/3264/3981
f 6841/3264/3982 6842/3263/3982 6843/3205/3982
f 6841/3264/3982 6843/3205/3982 6844/3204/3982
f 6845/3199/3983 6846/3204/3983 6847/3264/3983
f 6845/3199/3983 6847/3264/3983 6848/3199/3984
f 6849/3199/3985 6850/3264/3986 6851/3204/3986
f 6849/3199/3985 6851/3204/3986 6852/3199/3985
f 6853/3200/3987 6854/3158/3987 6855/3158/3988
f 6853/3200/3987 6855/3158/3988 6856/3265/3988
f 6857/3265/3989 6858/3158/3989 6859/3158/3989
f 6857/3265/3989 6859/3158/3989 6860/3200/3989
f 6861/3201/3990 6862/3200/3990 6863/3265/3991
f 6861/3201/3990 6863/3265/3991 6864/3266/3990
f 6865/3266/3992 6866/3265/3992 6867/3200/3992
f 6865/3266/3992 6867/3200/3992 6868/3201/3992
f 6869/2683/3993 6870/2684/3993 6871/3267/3993
f 6869/2683/3993 6871/3267/3993 6872/3268/3994
f 6873/3268/3995 6874/3267/3995 6875/2684/3995
f 6873/3268/3995 6875/2684/3995 6876/2683/3996
f 6877/3237/3997 6878/2683/3997 6879/3268/3998
f 6877/3237/3997 6879/3268/3998 6880/2686/3998
f 6881/2686/3999 6882/3268/3999 6883/2683/3999
f 6881/2686/3999 6883/2683/3999 6884/2686/4000
f 6885/2728/4001 6886/2726/4001 6887/2726/4001
f 6885/2728/4001 6887/2726/4001 6888/3269/4002
f 6889/3269/4003 6890/2726/4003 6891/2726/4003
f 6889/3269/4003 6891/2726/4003 6892/2728/4003
f 6893/2684/4004 6894/2728/4005 6895/3269/4004
f 6893/2684/4004 6895/3269/4004 6896/3267/4004
f 6897/3267/4006 6898/3269/4007 6899/3231/4006
f 6897/3267/4006 6899/3231/4006 6900/2684/4006
s 0
f 6901/3159/3828 6902/3158/3828 6903/3158/3828
f 6901/3159/3828 6903/3158/3828 6904/3270/3828
f 6905/3270/3828 6906/3158/3828 6907/3158/3828
f 6905/3270/3828 6907/3158/3828 6908/3159/3828
f 6909/3198/3822 6910/3199/3822 6911/3199/3822
f 6909/3198/3822 6911/3199/3822 6912/3271/3822
f 6913/3271/3822 6914/3199/3822 6915/3199/3822
f 6913/3271/3822 6915/3199/3822 6916/3198/3822
s 1
f 6917/3204/4008 6918/3205/4008 6919/3272/4009
f 6917/3204/4008 6919/3272/4009 6920/3273/4009
f 6921/3273/4010 6922/3272/4010 6923/3205/4010
f 6921/3273/4010 6923/3205/4010 6924/3204/4011
f 6925/3199/4012 6926/3204/4012 6927/3273/4012
f 6925/3199/4012 6927/3273/4012 6928/3199/4012
f 6929/3199/4013 6930/3273/4013 6931/3204/4013
f 6929/3199/4013 6931/3204/4013 6932/3199/4013
f 6933/3200/4014 6934/3158/4014 6935/3158/4014
f 6933/3200/4014 6935/3158/4014 6936/3274/4014
f 6937/3274/4015 6938/3158/4015 6939/3158/4016
f 6937/3274/4015 6939/3158/4016 6940/3200/4016
f 6941/3201/4017 6942/3200/4018 6943/3274/4018
f 6941/3201/4017 6943/3274/4018 6944/3275/4017
f 6945/3275/4019 6946/3274/4019 6947/3200/4019
f 6945/3275/4019 6947/3200/4019 6948/3201/4019
f 6949/2683/4020 6950/2684/4020 6951/3276/4020
f 6949/2683/4020 6951/3276/4020 6952/3277/4020
f 6953/3277/4021 6954/3276/4021 6955/2684/4021
f 6953/3277/4021 6955/2684/4021 6956/2683/4022
f 6957/2686/4023 6958/2683/4024 6959/3277/4024
f 6957/2686/4023 6959/3277/4024 6960/2686/4023
f 6961/2686/4025 6962/3277/4025 6963/2683/4026
f 6961/2686/4025 6963/2683/4026 6964/2686/4026
f 6965/2728/4027 6966/2726/4027 6967/2726/4027
f 6965/2728/4027 6967/2726/4027 6968/3278/4028
f 6969/3278/4029 6970/2726/4030 6971/2726/4030
f 6969/3278/4029 6971/2726/4030 6972/2728/4029
f 6973/2684/4031 6974/2728/4031 6975/3278/4031
f 6973/2684/4031 6975/3278/4031 6976/3276/4031
f 6977/3276/4032 6978/3278/4032 6979/2728/4032
f 6977/3276/4032 6979/2728/4032 6980/2684/4032
s 0
f 6981/3159/3828 6982/3158/3828 6983/3158/3828
f 6981/3159/3828 6983/3158/3828 6984/3279/3828
f 6985/3279/3828 6986/3158/3828 6987/3158/3828
f 6985/3279/3828 6987/3158/3828 6988/3159/3828
f 6989/3198/3822 6990/3199/3822 6991/3199/3822
f 6989/3198/3822 6991/3199/3822 6992/3280/3822
f 6993/3280/3822 6994/3199/3822 6995/3199/3822
f 6993/3280/3822 6995/3199/3822 6996/3198/3822
s 1
f 6997/3233/4033 6998/3205/4033 6999/3281/4033
f 6997/3233/4033 6999/3281/4033 7000/3282/4033
f 7001/3282/4034 7002/3281/4034 7003/3205/4034
f 7001/3282/4034 7003/3205/4034 7004/3204/4034
f 7005/3199/4035 7006/3204/4035 7007/3282/4036
f 7005/3199/4035 7007/3282/4036 7008/3199/4035
f 7009/3199/4037 7010/3282/4037 7011/3204/4038
f 7009/3199/4037 7011/3204/4038 7012/3199/4037
f 7013/3200/4039 7014/3158/4039 7015/3158/4039
f 7013/3200/4039 7015/3158/4039 7016/3283/4039
f 7017/3283/4040 7018/3158/4041 7019/3158/4040
f 7017/3283/4040 7019/3158/4040 7020/3200/4040
f 7021/3201/4042 7022/3200/4042 7023/3283/4042
f 7021/3201/4042 7023/3283/4042 7024/3284/4043
f 7025/3284/4044 7026/3283/4044 7027/3200/4044
f 7025/3284/4044 7027/3200/4044 7028/3201/4044
f 7029/2683/4045 7030/2684/4046 7031/2684/4047
f 7029/2683/4045 7031/2684/4047 7032/3285/4046
f 7033/3285/4048 7034/2684/4048 7035/2684/4048
f 7033/3285/4048 7035/2684/4048 7036/2683/4048
f 7037/2686/4049 7038/2683/4050 7039/3285/4049
f 7037/2686/4049 7039/3285/4049 7040/3286/4049
f 7041/3286/4051 7042/3285/4052 7043/2683/4052
f 7041/3286/4051 7043/2683/4052 7044/2686/4052
f 7045/2728/4053 7046/2726/4054 7047/3287/4054
f 7045/2728/4053 7047/3287/4054 7048/3288/4053
f 7049/3288/4055 7050/3287/4056 7051/2726/4055
f 7049/3288/4055 7051/2726/4055 7052/2728/4055
f 7053/2684/4057 7054/2728/4047 7055/3288/4047
f 7053/2684/4057 7055/3288/4047 7056/2684/4047
f 7057/2684/4058 7058/3288/4059 7059/2728/4059
f 7057/2684/4058 7059/2728/4059 7060/2684/4058
s 0
f 7061/3159/3828 7062/3158/3828 7063/3289/3828
f 7061/3159/3828 7063/3289/3828 7064/3290/3828
f 7065/3290/3828 7066/3289/3828 7067/3158/3828
f 7065/3290/3828 7067/3158/3828 7068/3159/3828
f 7069/3198/3822 7070/3199/3822 7071/3291/3822
f 7069/3198/3822 7071/3291/3822 7072/3292/3822
f 7073/3292/3822 7074/3291/3822 7075/3199/3822
f 7073/3292/3822 7075/3199/3822 7076/3198/3822
s 1
f 7077/3204/4060 7078/3205/4061 7079/3205/4062
f 7077/3204/4060 7079/3205/4062 7080/3293/4063
f 7081/3293/4064 7082/3205/4064 7083/3205/4064
f 7081/3293/4064 7083/3205/4064 7084/3204/4064
f 7085/3199/4065 7086/3204/4066 7087/3293/4066
f 7085/3199/4065 7087/3293/4066 7088/3291/4066
f 7089/3291/4067 7090/3293/4068 7091/3204/4068
f 7089/3291/4067 7091/3204/4068 7092/3199/4067
f 7093/3200/4069 7094/3158/4070 7095/3289/4069
f 7093/3200/4069 7095/3289/4069 7096/3294/4070
f 7097/3294/4071 7098/3289/4072 7099/3158/4072
f 7097/3294/4071 7099/3158/4072 7100/3200/4071
f 7101/3242/4073 7102/3200/4074 7103/3294/4075
f 7101/3242/4073 7103/3294/4075 7104/3201/4076
f 7105/3201/4077 7106/3294/4077 7107/3200/4077
f 7105/3201/4077 7107/3200/4077 7108/3201/4077
s 0
f 7109/2683/4078 7110/2686/4078 7111/2686/4078
f 7109/2683/4078 7111/2686/4078 7112/2683/4078
